game_id,league,trigger_captured_at,checkpoint_pct,market_line,final_total,outcome,actual_pace,required_pace,league_avg_pace_pit,league_ref_games,market_age_seconds,exact_fire,prod_fire,exact_hit,prod_hit
30803321,NBA,2026-09-05T06:13:37.016742Z,75,212.5,210.0,under,5.3667,5.15,5.611126,546,0.0,0,0,,
30803322,NBA,2026-09-05T06:13:39.887020Z,75,230.5,230.0,under,6.0333,4.95,5.611126,546,146.1,0,0,,
30803323,NBA,2026-09-05T06:13:39.916846Z,75,246.5,235.0,under,6.3333,5.65,5.611126,546,137.8,0,0,,
30803388,EuroLeague,2026-09-05T06:21:35.770532Z,75,164.5,162.0,under,4.1905,3.8235,4.278287,327,0.0,0,0,,
30803391,EuroLeague,2026-09-05T06:21:44.137340Z,75,167.5,177.0,over,4.378,3.4545,4.278287,327,0.0,0,0,,
30803392,EuroLeague,2026-09-05T06:24:10.766484Z,75,185.5,186.0,over,4.7299,4.087,4.278287,327,0.0,0,0,,
30803751,CYBER,2026-09-05T08:21:54.729596Z,75,193.5,192.0,under,3.8176,4.8152,4.453223,106,0.0,1,1,1,1
30804518,NBA,2026-09-05T08:37:31.301583Z,75,211.5,223.0,over,5.3333,5.15,5.614357,552,29.7,0,0,,
30804519,NBA,2026-09-05T08:37:31.355755Z,75,221.5,226.0,over,5.6,5.35,5.614357,552,208.4,0,0,,
30804520,NBA,2026-09-05T08:37:31.413617Z,75,193.5,191.0,under,5.1333,3.95,5.614357,552,200.1,0,0,,
30804521,NBA,2026-09-05T08:37:31.452624Z,75,209.5,202.0,under,5.4333,4.65,5.614357,552,178.7,0,0,,
30804522,NBA,2026-09-05T08:37:31.503687Z,75,219.5,211.0,under,5.5667,5.25,5.614357,552,170.4,0,0,,
30804523,NBA,2026-09-05T08:37:31.559401Z,75,223.5,210.0,under,5.8,4.95,5.614357,552,147.7,0,0,,
30804731,CBA,2026-09-05T08:48:21.501474Z,75,199.5,204.0,over,5.1667,4.45,4.431142,232,0.0,0,0,,
30804730,CBA,2026-09-05T08:48:30.391862Z,75,205.5,208.0,over,5.5,4.05,4.431142,232,111.7,0,0,,
30804784,KBL,2026-09-05T08:52:12.135296Z,75,135.5,124.0,under,3.4,3.35,3.864898,245,170.8,0,0,,
30804785,KBL,2026-09-05T08:52:12.213426Z,75,176.5,174.0,under,4.7667,3.35,3.864898,245,162.4,0,0,,
30804786,KBL,2026-09-05T08:52:12.291404Z,75,156.5,157.0,over,4.1333,3.25,3.864898,245,99.5,0,0,,
30804787,KBL,2026-09-05T08:52:12.346812Z,75,149.5,146.0,under,4.0,2.95,3.864898,245,91.1,0,0,,
30804788,KBL,2026-09-05T08:52:12.401016Z,75,157.5,156.0,under,4.1333,3.35,3.864898,245,60.3,0,0,,
30804971,TBSL,2026-09-05T09:15:11.345173Z,75,140.5,142.0,over,3.5333,3.45,4.168468,555,131.7,0,0,,
30805014,NBA,2026-09-05T09:25:53.496087Z,75,234.5,235.0,over,6.0,5.45,5.610573,558,0.0,0,0,,
30805016,NBA,2026-09-05T09:26:17.892707Z,75,220.5,208.0,under,5.8333,4.55,5.610573,558,213.5,0,0,,
30805017,NBA,2026-09-05T09:26:17.926983Z,75,210.5,201.0,under,5.4,4.85,5.610573,558,205.5,0,0,,
30805018,NBA,2026-09-05T09:26:17.973618Z,75,247.5,243.0,under,6.5667,5.05,5.610573,558,131.1,0,0,,
30805147,EuroLeague,2026-09-05T09:40:21.601450Z,75,179.5,187.0,over,4.6612,3.9487,4.281785,339,0.0,0,0,,
30805261,TBSL,2026-09-05T09:55:11.537810Z,75,170.5,166.0,under,4.4,3.85,4.165045,560,258.4,0,0,,
30805262,TBSL,2026-09-05T09:55:11.617816Z,75,165.5,164.0,under,4.3,3.65,4.165045,560,250.1,0,0,,
30805263,TBSL,2026-09-05T09:55:11.661010Z,75,193.5,200.0,over,5.2,3.75,4.165045,560,150.1,0,0,,
30805361,CBA,2026-09-05T10:08:31.733951Z,75,179.5,181.0,over,4.5667,4.25,4.432396,240,154.6,0,0,,
30805362,CBA,2026-09-05T10:08:31.782261Z,75,200.5,207.0,over,5.2333,4.35,4.432396,240,146.4,0,0,,
30805363,CBA,2026-09-05T10:08:31.830822Z,75,165.5,161.0,under,4.1,4.25,4.432396,240,119.2,0,0,,
30805364,CBA,2026-09-05T10:08:31.887216Z,75,164.5,168.0,over,4.1,4.15,4.432396,240,110.7,0,0,,
30805345,NBA,2026-09-05T10:14:06.685957Z,75,235.5,243.0,over,6.4333,4.25,5.609397,564,138.1,0,0,,
30805346,NBA,2026-09-05T10:14:06.726155Z,75,223.5,220.0,under,6.0,4.35,5.609397,564,175.3,0,0,,
30805347,NBA,2026-09-05T10:14:06.762483Z,75,218.5,215.0,under,5.7,4.75,5.609397,564,152.5,0,0,,
30805348,NBA,2026-09-05T10:14:06.800933Z,75,242.5,240.0,under,6.4,5.05,5.609397,564,144.1,0,0,,
30805390,KBL,2026-09-05T10:14:07.476436Z,75,160.5,163.0,over,4.3465,2.7273,3.872157,255,282.4,0,0,,
30805391,KBL,2026-09-05T10:14:07.514760Z,75,149.5,144.0,under,3.622,4.1818,3.872157,255,254.3,1,1,1,1
30805392,KBL,2026-09-05T10:14:07.554865Z,75,151.5,142.0,under,3.7165,4.0606,3.872157,255,246.0,1,1,1,1
30805393,KBL,2026-09-05T10:14:07.591478Z,75,149.5,147.0,under,3.748,3.697,3.872157,255,224.6,0,0,,
30805394,KBL,2026-09-05T10:14:07.625743Z,75,145.5,137.0,under,3.811,2.9697,3.872157,255,216.1,0,0,,
30805499,EuroLeague,2026-09-05T10:20:01.295036Z,75,173.5,174.0,over,4.5333,3.75,4.285277,343,51.6,0,0,,
30805500,EuroLeague,2026-09-05T10:20:01.356425Z,75,196.5,185.0,under,5.2,4.05,4.285277,343,43.2,0,0,,
30805501,EuroLeague,2026-09-05T10:20:01.432591Z,75,197.5,206.0,over,5.3,3.85,4.285277,343,21.2,0,0,,
30805503,EuroLeague,2026-09-05T10:20:01.495181Z,75,135.5,123.0,under,3.3,3.65,4.285277,343,12.6,0,0,,
30805813,CBA,2026-09-05T10:48:16.916895Z,75,180.5,177.0,under,4.7667,3.75,4.433776,245,87.0,0,0,,
30805843,KBL,2026-09-05T10:52:13.904943Z,75,156.5,152.0,under,3.7667,4.35,3.868173,260,125.7,1,1,1,1
30805844,KBL,2026-09-05T10:52:13.963379Z,75,154.5,156.0,over,3.9,3.75,3.868173,260,18.0,0,0,,
30805845,KBL,2026-09-05T10:52:14.031576Z,75,175.5,173.0,under,4.6,3.75,3.868173,260,9.0,0,0,,
30805858,NBA,2026-09-05T11:01:36.694043Z,75,216.5,220.0,over,5.6,4.85,5.610965,570,0.2,0,0,,
30805859,NBA,2026-09-05T11:01:36.747490Z,75,229.5,232.0,over,6.2667,4.15,5.610965,570,178.7,0,0,,
30805860,NBA,2026-09-05T11:01:36.820932Z,75,214.5,225.0,over,5.4667,5.05,5.610965,570,290.4,0,0,,
30805863,NBA,2026-09-05T11:01:36.982984Z,75,239.5,231.0,under,6.3667,4.85,5.610965,570,299.0,0,0,,
30806109,KBL,2026-09-05T11:32:17.011179Z,75,185.5,181.0,under,4.7667,4.25,3.871132,265,219.1,0,1,,1
30806110,KBL,2026-09-05T11:32:17.067813Z,75,193.5,205.0,over,5.4,3.15,3.871132,265,211.0,0,0,,
30806111,KBL,2026-09-05T11:32:17.117630Z,75,159.5,160.0,over,4.0333,3.85,3.871132,265,129.5,0,0,,
30806112,KBL,2026-09-05T11:32:17.175755Z,75,134.5,132.0,under,3.4333,3.15,3.871132,265,121.2,0,0,,
30806176,NBA,2026-09-05T11:49:38.183771Z,75,237.5,250.0,over,6.2667,4.95,5.612717,576,0.0,0,0,,
30806177,NBA,2026-09-05T11:49:46.576506Z,75,255.5,266.0,over,6.7667,5.25,5.612717,576,0.0,0,0,,
30806172,NBA,2026-09-05T11:49:54.595104Z,75,190.5,196.0,over,4.8667,4.45,5.612717,576,2.6,0,0,,
30806173,NBA,2026-09-05T11:49:54.645883Z,75,202.5,208.0,over,5.3333,4.25,5.612717,576,107.0,0,0,,
30806174,NBA,2026-09-05T11:49:54.692986Z,75,196.5,197.0,over,5.0667,4.45,5.612717,576,55.0,0,0,,
30806175,NBA,2026-09-05T11:49:54.740919Z,75,239.5,242.0,over,6.2667,5.15,5.612717,576,46.9,0,0,,
30806329,KBL,2026-09-05T12:14:43.106618Z,75,170.5,169.0,under,4.5333,3.45,3.877315,270,243.8,0,0,,
30808710,TBSL,2026-09-05T20:34:58.729501Z,75,169.5,179.0,over,3.5667,6.25,4.166711,570,157.5,1,1,0,0
30808711,TBSL,2026-09-05T20:34:58.773708Z,75,171.5,203.0,over,3.9,5.45,4.166711,570,149.5,1,1,0,0
30808687,NBA,2026-09-05T20:37:29.297453Z,75,234.5,241.0,over,6.1667,4.95,5.612864,583,8.9,0,0,,
30808813,EuroLeague,2026-09-05T21:00:15.024637Z,75,160.5,150.0,under,3.4,5.85,4.285447,347,0.0,1,1,1,1
30808815,EuroLeague,2026-09-05T21:00:21.759734Z,75,143.5,155.0,over,3.2333,4.65,4.285447,347,266.6,1,1,0,0
30808816,EuroLeague,2026-09-05T21:00:21.802990Z,75,134.5,130.0,under,2.5667,5.75,4.285447,347,257.6,1,1,1,1
30808817,EuroLeague,2026-09-05T21:00:21.843413Z,75,153.5,168.0,over,3.3667,5.25,4.285447,347,226.0,1,1,0,0
30808891,TBSL,2026-09-05T21:23:03.844321Z,75,184.5,170.0,under,3.8667,6.85,4.168663,576,171.5,1,1,1,1
30808892,TBSL,2026-09-05T21:23:03.896768Z,75,168.5,164.0,under,3.5,6.35,4.168663,576,163.3,1,1,1,1
30808893,TBSL,2026-09-05T21:23:03.956347Z,75,168.5,175.0,over,3.6,6.05,4.168663,576,109.6,1,1,0,0
30808894,TBSL,2026-09-05T21:23:04.001326Z,75,148.5,151.0,over,3.1333,5.45,4.168663,576,101.4,1,1,0,0
30808895,TBSL,2026-09-05T21:23:04.061385Z,75,172.5,175.0,over,3.6333,6.35,4.168663,576,46.1,1,1,0,0
30808896,TBSL,2026-09-05T21:23:04.113496Z,75,136.5,136.0,under,2.6333,5.75,4.168663,576,39.2,1,1,1,1
30808880,NBA,2026-09-05T21:25:38.554614Z,75,205.5,210.0,over,5.2333,4.85,5.615068,589,15.5,0,0,,
30808884,NBA,2026-09-05T21:25:38.762465Z,75,221.5,216.0,under,5.8333,4.65,5.615068,589,140.3,0,0,,
30808885,NBA,2026-09-05T21:25:38.810927Z,75,214.5,210.0,under,5.5333,4.85,5.615068,589,131.5,0,0,,
30808912,CBA,2026-09-05T21:28:27.680365Z,75,142.5,150.0,over,3.5333,3.65,4.43498,253,0.0,0,0,,
30808910,CBA,2026-09-05T21:28:58.746277Z,75,179.5,179.0,under,4.7603,3.641,4.43498,253,208.6,0,0,,
30808911,CBA,2026-09-05T21:28:58.794484Z,75,162.5,170.0,over,4.1322,3.8462,4.43498,253,154.8,0,0,,
30809720,KBL,2026-09-05T21:32:32.983736Z,75,153.5,152.0,under,3.8333,3.85,3.874281,278,298.8,0,0,,
30810137,EuroLeague,2026-09-05T21:48:07.475528Z,75,177.5,162.0,under,3.7667,6.45,4.282861,353,0.0,1,1,1,1
30810140,EuroLeague,2026-09-05T21:48:14.037659Z,75,174.5,180.0,over,3.8,6.05,4.282861,353,262.0,1,1,0,0
30810141,EuroLeague,2026-09-05T21:48:14.173586Z,75,180.5,171.0,under,3.8667,6.45,4.282861,353,0.0,1,1,1,1
30804617,CYBER,2026-09-05T21:49:55.831039Z,75,204.5,190.0,under,3.9722,5.125,4.451018,131,124.7,1,1,1,1
30810225,TBSL,2026-09-05T22:11:02.074125Z,75,168.5,183.0,over,3.8333,5.35,4.167397,582,298.3,1,1,0,0
30810231,KBL,2026-09-05T22:12:23.687105Z,75,152.5,149.0,under,4.0333,3.15,3.871441,281,268.1,0,0,,
30810203,NBA,2026-09-05T22:13:41.765015Z,75,231.5,230.0,under,6.0,5.15,5.613193,595,15.6,0,0,,
30810205,NBA,2026-09-05T22:13:41.864155Z,75,196.5,186.0,under,4.9667,4.75,5.613193,595,266.8,0,0,,
30810206,NBA,2026-09-05T22:13:41.907662Z,75,220.5,233.0,over,5.8333,4.55,5.613193,595,258.5,0,0,,
30810207,NBA,2026-09-05T22:13:41.951435Z,75,227.5,235.0,over,6.1,4.45,5.613193,595,223.5,0,0,,
30810208,NBA,2026-09-05T22:13:41.994895Z,75,233.5,238.0,over,6.2333,4.65,5.613193,595,184.8,0,0,,
30810312,EuroLeague,2026-09-05T22:36:06.710719Z,75,167.5,161.0,under,3.6667,5.75,4.283705,359,115.0,1,1,1,1
30810313,EuroLeague,2026-09-05T22:36:06.848498Z,75,168.5,174.0,over,3.5333,6.25,4.283705,359,106.9,1,1,0,0
30810314,EuroLeague,2026-09-05T22:36:06.907150Z,75,159.5,157.0,under,3.5,5.45,4.283705,359,53.2,1,1,1,1
30810316,EuroLeague,2026-09-05T22:36:13.799015Z,75,179.5,183.0,over,4.0,5.95,4.283705,359,46.1,1,1,0,0
30810315,EuroLeague,2026-09-05T22:36:40.596115Z,75,173.5,159.0,under,3.8,5.95,4.283705,359,0.0,1,1,1,1
30810426,TBSL,2026-09-05T22:59:27.668418Z,75,157.5,144.0,under,3.5,5.25,4.167772,588,201.1,1,1,1,1
30810427,TBSL,2026-09-05T22:59:27.758691Z,75,165.5,172.0,over,3.6,5.75,4.167772,588,127.6,1,1,0,0
30810428,TBSL,2026-09-05T22:59:27.828932Z,75,168.5,149.0,under,3.5,6.35,4.167772,588,119.1,1,1,1,1
30810429,TBSL,2026-09-05T22:59:27.899655Z,75,176.5,180.0,over,3.8,6.25,4.167772,588,52.1,1,1,0,0
30810430,TBSL,2026-09-05T22:59:27.974348Z,75,166.5,172.0,over,3.6667,5.65,4.167772,588,43.9,1,1,0,0
30810413,NBA,2026-09-05T23:01:45.722842Z,75,225.5,231.0,over,5.9667,4.65,5.61485,601,13.0,0,0,,
30810544,EuroLeague,2026-09-05T23:24:13.080032Z,75,197.5,189.0,under,4.5667,6.05,4.281096,365,123.7,0,1,,1
30810545,EuroLeague,2026-09-05T23:24:13.130956Z,75,162.5,151.0,under,3.4,6.05,4.281096,365,115.7,1,1,1,1
30810546,EuroLeague,2026-09-05T23:24:13.176273Z,75,156.5,160.0,over,3.4333,5.35,4.281096,365,44.8,1,1,0,0
30810547,EuroLeague,2026-09-05T23:24:13.223908Z,75,172.5,169.0,under,3.6,6.45,4.281096,365,36.4,1,1,1,1
30810548,EuroLeague,2026-09-05T23:24:34.014453Z,75,193.5,171.0,under,4.4333,6.05,4.281096,365,0.0,0,1,,1
30810543,EuroLeague,2026-09-05T23:27:57.566391Z,75,162.5,163.0,over,4.0,4.25,4.281096,365,0.0,0,0,,
30810554,CBA,2026-09-05T23:28:36.543824Z,75,174.5,173.0,under,4.4667,4.05,4.431705,261,145.7,0,0,,
30810555,CBA,2026-09-05T23:28:36.587424Z,75,164.5,169.0,over,4.2667,3.65,4.431705,261,137.5,0,0,,
30810571,KBL,2026-09-05T23:32:32.086779Z,75,154.5,151.0,under,4.3333,2.45,3.871603,287,228.4,0,0,,
30810572,KBL,2026-09-05T23:32:32.135551Z,75,151.5,148.0,under,3.8667,3.55,3.871603,287,220.2,0,0,,
30810573,KBL,2026-09-05T23:32:32.180279Z,75,172.5,179.0,over,4.7667,2.95,3.871603,287,149.8,0,0,,
30810700,TBSL,2026-09-06T00:35:06.614051Z,75,161.5,154.0,under,3.4,5.95,4.166667,594,130.8,1,1,1,1
30810667,NBA,2026-09-06T00:37:35.873648Z,75,210.5,208.0,under,5.2,5.45,5.616104,607,10.9,0,0,,
30810751,KBL,2026-09-06T00:52:38.103385Z,75,164.5,162.0,under,4.1,4.15,3.872759,290,203.3,0,1,,1
30810752,KBL,2026-09-06T00:52:38.150503Z,75,154.5,156.0,over,4.0,3.45,3.872759,290,195.2,0,0,,
30810765,EuroLeague,2026-09-06T01:00:27.164406Z,75,149.5,149.0,under,3.4333,4.65,4.279447,371,210.4,1,1,1,1
30810766,EuroLeague,2026-09-06T01:00:27.219865Z,75,197.5,187.0,under,4.2667,6.95,4.279447,371,201.1,1,1,1,1
30810768,EuroLeague,2026-09-06T01:00:27.416816Z,75,172.5,162.0,under,3.6333,6.35,4.279447,371,0.0,1,1,1,1
30810773,EuroLeague,2026-09-06T01:00:34.571033Z,75,166.5,174.0,over,3.5667,5.95,4.279447,371,0.0,1,1,0,0
30810769,EuroLeague,2026-09-06T01:01:31.735930Z,75,185.5,173.0,under,4.1667,6.05,4.279447,371,0.0,1,1,1,1
30810770,EuroLeague,2026-09-06T01:01:40.743930Z,75,157.5,152.0,under,3.7,4.65,4.279447,371,0.0,1,1,1,1
30810771,EuroLeague,2026-09-06T01:05:11.441377Z,75,147.5,143.0,under,3.6667,3.75,4.279447,371,0.0,0,0,,
30810774,EuroLeague,2026-09-06T01:05:20.424359Z,75,174.5,160.0,under,4.3,4.55,4.279447,371,0.0,0,1,,1
30810772,EuroLeague,2026-09-06T01:08:14.391014Z,75,181.5,178.0,under,3.8954,18.5714,4.279447,371,0.0,1,1,1,1
30810844,NBA,2026-09-06T01:25:37.033013Z,75,241.5,244.0,over,6.3667,5.05,5.613288,619,0.0,0,0,,
30810853,NBA,2026-09-06T01:26:11.590226Z,75,248.5,254.0,over,6.4667,5.45,5.613288,619,300.0,0,0,,
30810854,NBA,2026-09-06T01:26:11.636505Z,75,236.5,241.0,over,6.2667,4.85,5.613288,619,119.2,0,0,,
30810855,NBA,2026-09-06T01:26:11.683567Z,75,219.5,220.0,over,5.8333,4.45,5.613288,619,110.9,0,0,,
30810871,TBSL,2026-09-06T01:27:15.473220Z,75,201.5,212.0,over,5.2333,4.45,4.164018,601,0.0,0,1,,0
30810872,TBSL,2026-09-06T01:27:23.893905Z,75,158.5,166.0,over,3.9667,3.95,4.164018,601,0.0,0,0,,
30810873,TBSL,2026-09-06T01:30:20.361013Z,75,197.5,187.0,under,4.4027,12.1818,4.164018,601,0.0,0,1,,1
30810874,TBSL,2026-09-06T01:30:28.731480Z,75,155.5,149.0,under,3.28,13.0,4.164018,601,0.0,1,1,1,1
30811323,KBL,2026-09-06T01:37:23.348580Z,75,148.5,146.0,under,3.7429,3.5,3.873814,295,0.0,0,0,,
30811701,EuroLeague,2026-09-06T01:47:59.707943Z,75,180.5,160.0,under,4.0,6.05,4.274081,381,0.0,1,1,1,1
30811703,EuroLeague,2026-09-06T01:48:18.806063Z,75,149.5,157.0,over,3.1,5.65,4.274081,381,0.0,1,1,0,0
30811704,EuroLeague,2026-09-06T01:48:27.363477Z,75,169.5,183.0,over,3.7,5.85,4.274081,381,0.0,1,1,0,0
30811698,EuroLeague,2026-09-06T01:48:36.318442Z,75,143.5,128.0,under,2.9667,5.45,4.274081,381,0.0,1,1,1,1
30811699,EuroLeague,2026-09-06T01:48:43.020378Z,75,180.5,172.0,under,3.7,6.95,4.274081,381,196.8,1,1,1,1
30811700,EuroLeague,2026-09-06T01:48:43.067452Z,75,180.5,194.0,over,4.0,6.05,4.274081,381,117.6,1,1,0,0
30811702,EuroLeague,2026-09-06T01:48:49.820117Z,75,171.5,177.0,over,3.8,5.75,4.274081,381,110.4,1,1,0,0
30811705,EuroLeague,2026-09-06T01:49:44.972769Z,75,174.5,179.0,over,4.0333,5.35,4.274081,381,0.0,1,1,0,0
30811706,EuroLeague,2026-09-06T01:49:53.271845Z,75,188.5,189.0,over,4.3333,5.85,4.274081,381,0.0,0,1,,0
30811707,EuroLeague,2026-09-06T01:51:10.254401Z,75,174.5,173.0,under,4.2333,4.75,4.274081,381,0.0,1,1,1,1
30811801,TBSL,2026-09-06T02:11:40.752934Z,75,149.5,167.0,over,3.4667,4.55,4.164679,608,194.1,1,1,0,0
30811802,TBSL,2026-09-06T02:11:40.806367Z,75,145.5,141.0,under,2.7333,6.35,4.164679,608,185.8,1,1,1,1
30811803,TBSL,2026-09-06T02:11:40.865237Z,75,183.5,199.0,over,3.9,6.65,4.164679,608,109.8,1,1,0,0
30811804,KBL,2026-09-06T02:12:45.650632Z,75,150.5,154.0,over,4.1,2.75,3.874,300,166.1,0,0,,
30811805,KBL,2026-09-06T02:12:45.699830Z,75,163.5,168.0,over,4.3,3.45,3.874,300,90.5,0,0,,
30811807,KBL,2026-09-06T02:12:45.787937Z,75,147.5,155.0,over,3.8,3.35,3.874,300,74.1,0,0,,
30811808,KBL,2026-09-06T02:12:47.250386Z,75,163.5,160.0,under,4.2623,3.5263,3.874,300,0.0,0,0,,
30811753,NBA,2026-09-06T02:13:47.835676Z,75,224.5,229.0,over,5.8667,4.85,5.617433,631,12.0,0,0,,
30811893,EuroLeague,2026-09-06T02:36:02.454658Z,75,170.5,159.0,under,3.5667,6.35,4.274233,391,0.0,1,1,1,1
30811890,EuroLeague,2026-09-06T02:36:17.591425Z,75,172.5,182.0,over,3.8667,5.65,4.274233,391,229.6,1,1,0,0
30811892,EuroLeague,2026-09-06T02:36:24.312712Z,75,200.5,202.0,over,4.5,6.55,4.274233,391,222.3,0,1,,0
30811891,EuroLeague,2026-09-06T02:36:39.141593Z,75,163.5,161.0,under,3.7667,5.05,4.274233,391,0.0,1,1,1,1
30811963,TBSL,2026-09-06T02:59:25.315907Z,75,175.5,164.0,under,3.9333,5.75,4.166789,615,158.1,1,1,1,1
30811964,TBSL,2026-09-06T02:59:25.364161Z,75,166.5,161.0,under,4.0,4.65,4.166789,615,149.9,1,1,1,1
30811965,TBSL,2026-09-06T02:59:25.412811Z,75,152.5,157.0,over,3.5667,4.55,4.166789,615,72.8,1,1,0,0
30811966,TBSL,2026-09-06T02:59:25.463116Z,75,168.5,169.0,over,3.6667,5.85,4.166789,615,64.2,1,1,0,0
30811967,TBSL,2026-09-06T03:01:17.089859Z,75,163.5,164.0,over,3.6667,5.35,4.166789,615,0.0,1,1,0,0
30811946,NBA,2026-09-06T03:01:56.061788Z,75,233.5,239.0,over,6.1,5.05,5.615669,643,0.0,0,0,,
30811947,NBA,2026-09-06T03:02:37.097593Z,75,240.5,244.0,over,6.4333,4.75,5.615669,643,0.0,0,0,,
30812073,EuroLeague,2026-09-06T03:24:20.310292Z,75,166.5,157.0,under,3.6333,5.75,4.274685,397,0.0,1,1,1,1
30812075,EuroLeague,2026-09-06T03:24:27.153577Z,75,174.5,175.0,over,3.7,6.35,4.274685,397,295.2,1,1,0,0
30812076,EuroLeague,2026-09-06T03:24:27.196797Z,75,151.5,150.0,under,3.3333,5.15,4.274685,397,286.9,1,1,1,1
30812077,EuroLeague,2026-09-06T03:24:27.240153Z,75,178.5,173.0,under,3.8667,6.25,4.274685,397,208.3,1,1,1,1
30812078,EuroLeague,2026-09-06T03:24:27.287384Z,75,182.5,183.0,over,3.8,6.85,4.274685,397,199.7,1,1,0,0
30812079,EuroLeague,2026-09-06T03:24:27.330656Z,75,187.5,198.0,over,4.2,6.15,4.274685,397,121.8,1,1,0,0
30812080,EuroLeague,2026-09-06T03:24:27.439475Z,75,124.5,106.0,under,2.6,4.65,4.274685,397,0.0,1,1,1,1
30812081,EuroLeague,2026-09-06T03:24:34.036467Z,75,184.5,178.0,under,3.9667,6.55,4.274685,397,114.4,1,1,1,1
30812086,CBA,2026-09-06T03:28:40.456907Z,75,172.5,172.0,under,4.6333,3.35,4.428597,278,209.6,0,0,,
30812087,CBA,2026-09-06T03:28:40.512582Z,75,177.5,180.0,over,4.6,3.95,4.428597,278,201.5,0,0,,
30812088,CBA,2026-09-06T03:28:40.578526Z,75,171.5,162.0,under,4.4,3.95,4.428597,278,123.4,0,0,,
30812089,CBA,2026-09-06T03:28:40.630858Z,75,200.5,204.0,over,5.1333,4.65,4.428597,278,114.6,0,1,,0
30812113,KBL,2026-09-06T03:33:18.168352Z,75,167.5,183.0,over,4.3577,3.6216,3.873145,310,223.2,0,0,,
30812114,KBL,2026-09-06T03:33:18.216621Z,75,178.5,171.0,under,4.5854,4.0541,3.873145,310,214.9,0,1,,1
30812115,KBL,2026-09-06T03:33:18.263593Z,75,164.5,169.0,over,4.4878,2.8649,3.873145,310,138.2,0,0,,
30812195,TBSL,2026-09-06T03:47:24.094537Z,75,168.5,186.0,over,3.6667,5.85,4.165916,622,162.1,1,1,0,0
30812196,TBSL,2026-09-06T03:47:24.143818Z,75,181.5,172.0,under,4.1667,5.65,4.165916,622,153.8,0,1,,1
30812197,TBSL,2026-09-06T03:47:24.191910Z,75,160.5,142.0,under,3.5333,5.45,4.165916,622,116.1,1,1,1,1
30812198,TBSL,2026-09-06T03:47:24.239896Z,75,151.5,143.0,under,3.0667,5.95,4.165916,622,107.9,1,1,1,1
30812199,TBSL,2026-09-06T03:47:24.287460Z,75,158.5,163.0,over,3.4333,5.55,4.165916,622,67.4,1,1,0,0
30812200,TBSL,2026-09-06T03:47:24.334704Z,75,170.5,162.0,under,3.7333,5.85,4.165916,622,61.6,1,1,1,1
30812178,NBA,2026-09-06T03:49:31.974553Z,75,215.5,220.0,over,5.6333,4.65,5.616183,655,0.0,0,0,,
30812170,NBA,2026-09-06T03:49:40.295080Z,75,213.5,215.0,over,5.6333,4.45,5.616183,655,8.2,0,0,,
30812171,NBA,2026-09-06T03:49:40.346420Z,75,251.5,251.0,under,6.6333,5.25,5.616183,655,153.6,0,0,,
30812172,NBA,2026-09-06T03:49:40.391721Z,75,248.5,243.0,under,6.4,5.65,5.616183,655,145.4,0,0,,
30812173,NBA,2026-09-06T03:49:40.438671Z,75,238.5,229.0,under,6.2667,5.05,5.616183,655,108.0,0,0,,
30812174,NBA,2026-09-06T03:49:40.486841Z,75,219.5,213.0,under,5.7667,4.65,5.616183,655,99.7,0,0,,
30812175,NBA,2026-09-06T03:49:40.533937Z,75,232.5,236.0,over,6.0333,5.15,5.616183,655,62.8,0,0,,
30812176,NBA,2026-09-06T03:49:40.578785Z,75,214.5,226.0,over,5.5333,4.85,5.616183,655,54.6,0,0,,
30812177,NBA,2026-09-06T03:49:40.625941Z,75,224.5,225.0,over,5.7333,5.25,5.616183,655,17.0,0,0,,
30812261,CBA,2026-09-06T04:08:49.143858Z,75,164.5,172.0,over,4.4298,3.1282,4.429433,282,266.7,0,0,,
30812262,CBA,2026-09-06T04:08:49.208172Z,75,160.5,154.0,under,4.1322,3.641,4.429433,282,221.6,0,0,,
30812263,CBA,2026-09-06T04:08:49.278796Z,75,154.5,158.0,over,3.9339,3.641,4.429433,282,212.3,0,0,,
30812264,CBA,2026-09-06T04:08:49.347182Z,75,169.5,166.0,under,4.3967,3.7436,4.429433,282,81.0,0,0,,
30812275,EuroLeague,2026-09-06T04:12:03.742357Z,75,150.5,151.0,over,3.2,5.45,4.273091,406,262.9,1,1,0,0
30812276,EuroLeague,2026-09-06T04:12:03.827184Z,75,162.5,147.0,under,3.3333,6.25,4.273091,406,219.3,1,1,1,1
30812277,EuroLeague,2026-09-06T04:12:03.897338Z,75,181.5,184.0,over,3.7,7.05,4.273091,406,211.1,1,1,0,0
30812278,EuroLeague,2026-09-06T04:12:03.971635Z,75,182.5,185.0,over,4.0667,6.05,4.273091,406,172.0,1,1,0,0
30812280,EuroLeague,2026-09-06T04:12:10.762456Z,75,175.5,173.0,under,3.9333,5.75,4.273091,406,166.6,1,1,1,1
30812281,EuroLeague,2026-09-06T04:12:10.858149Z,75,174.5,177.0,over,3.6667,6.45,4.273091,406,128.7,1,1,0,0
30812282,EuroLeague,2026-09-06T04:12:10.931439Z,75,164.5,157.0,under,3.3333,6.45,4.273091,406,120.4,1,1,1,1
30812283,EuroLeague,2026-09-06T04:12:11.014534Z,75,163.5,176.0,over,3.6667,5.35,4.273091,406,82.0,1,1,0,0
30812284,KBL,2026-09-06T04:12:20.974320Z,75,140.5,143.0,over,3.6333,3.15,3.88119,315,83.2,0,0,,
30812285,KBL,2026-09-06T04:12:21.059991Z,75,163.5,154.0,under,4.2,3.75,3.88119,315,44.4,0,0,,
30812286,KBL,2026-09-06T04:12:21.162617Z,75,136.5,134.0,under,3.3667,3.55,3.88119,315,36.2,0,0,,
30812279,EuroLeague,2026-09-06T04:12:43.620316Z,75,196.5,204.0,over,4.4667,6.25,4.273091,406,0.0,0,1,,0
30812450,NBA,2026-09-06T04:37:45.874955Z,75,226.5,229.0,over,5.8667,5.05,5.621177,667,29.4,0,0,,
30812453,NBA,2026-09-06T04:37:46.116153Z,75,246.5,242.0,under,6.4333,5.35,5.621177,667,298.4,0,0,,
30812455,NBA,2026-09-06T04:37:46.242778Z,75,205.5,222.0,over,5.2667,4.75,5.621177,667,290.1,0,0,,
30812456,NBA,2026-09-06T04:37:46.301862Z,75,242.5,240.0,under,6.6,4.45,5.621177,667,211.8,0,0,,
30812457,NBA,2026-09-06T04:37:46.369436Z,75,245.5,267.0,over,6.6333,4.65,5.621177,667,203.4,0,0,,
30812458,NBA,2026-09-06T04:37:46.423215Z,75,210.5,206.0,under,5.3333,5.05,5.621177,667,125.3,0,0,,
30812459,NBA,2026-09-06T04:37:46.481882Z,75,198.5,192.0,under,4.8,5.45,5.621177,667,117.0,0,0,,
30812460,NBA,2026-09-06T04:37:46.537759Z,75,218.5,221.0,over,5.6333,4.95,5.621177,667,39.2,0,0,,
30812461,NBA,2026-09-06T04:37:46.586920Z,75,204.5,211.0,over,5.1,5.15,5.621177,667,31.0,0,0,,
30812476,TBSL,2026-09-06T04:44:17.377511Z,75,177.5,175.0,under,3.8471,35.3333,4.163712,629,0.0,1,1,1,1
30804796,CYBER,2026-09-06T04:51:25.672274Z,75,206.5,196.0,under,4.3014,4.3043,4.445634,146,0.0,0,0,,
30812652,EuroLeague,2026-09-06T05:00:07.868265Z,75,164.5,158.0,under,3.3333,6.45,4.274036,415,226.4,1,1,1,1
30812653,EuroLeague,2026-09-06T05:00:07.916451Z,75,176.5,173.0,under,3.5333,7.05,4.274036,415,218.4,1,1,1,1
30812654,EuroLeague,2026-09-06T05:00:07.970954Z,75,203.5,199.0,under,4.6333,6.45,4.274036,415,140.2,0,1,,1
30812655,EuroLeague,2026-09-06T05:00:08.102591Z,75,168.5,155.0,under,3.7333,5.65,4.274036,415,0.0,1,1,1,1
30812656,EuroLeague,2026-09-06T05:00:15.024929Z,75,195.5,187.0,under,4.5667,5.85,4.274036,415,0.0,0,1,,1
30812657,EuroLeague,2026-09-06T05:00:21.621710Z,75,180.5,183.0,over,4.2333,5.35,4.274036,415,134.1,1,1,0,0
30812658,EuroLeague,2026-09-06T05:01:11.937092Z,75,150.5,151.0,over,3.3333,5.05,4.274036,415,0.0,1,1,0,0
30812743,TBSL,2026-09-06T05:23:04.783439Z,75,182.5,179.0,under,4.0,6.25,4.166013,637,46.8,1,1,1,1
30812744,TBSL,2026-09-06T05:23:04.830131Z,75,172.5,173.0,over,3.8333,5.75,4.166013,637,38.7,1,1,0,0
30812745,TBSL,2026-09-06T05:23:43.419308Z,75,148.5,153.0,over,3.1333,5.45,4.166013,637,0.0,1,1,0,0
30812746,TBSL,2026-09-06T05:23:51.726001Z,75,173.5,163.0,under,4.0,5.35,4.166013,637,0.0,1,1,1,1
30812726,NBA,2026-09-06T05:25:46.534535Z,75,225.5,226.0,over,5.8333,5.05,5.618446,679,24.1,0,0,,
30812747,TBSL,2026-09-06T05:26:52.628378Z,75,183.5,197.0,over,4.5333,4.75,4.166013,637,0.0,0,1,,0
30812748,TBSL,2026-09-06T05:26:59.772503Z,75,178.5,178.0,under,4.3333,4.85,4.166013,637,0.0,0,1,,1
30812752,CBA,2026-09-06T05:28:23.276885Z,75,171.5,159.0,under,4.4,3.95,4.426632,291,0.0,0,0,,
30812755,CBA,2026-09-06T05:28:42.763871Z,75,178.5,181.0,over,4.595,4.0513,4.426632,291,0.0,0,0,,
30812756,CBA,2026-09-06T05:29:59.094558Z,75,164.5,179.0,over,4.1587,3.9412,4.426632,291,0.0,0,0,,
30812868,EuroLeague,2026-09-06T05:48:07.578177Z,75,155.5,168.0,over,3.1,6.25,4.274823,424,0.0,1,1,0,0
30812870,EuroLeague,2026-09-06T05:48:21.595529Z,75,184.5,187.0,over,4.1333,6.05,4.274823,424,0.0,1,1,0,0
30812863,EuroLeague,2026-09-06T05:48:30.715849Z,75,196.5,200.0,over,4.6,5.85,4.274823,424,161.6,0,1,,0
30812864,EuroLeague,2026-09-06T05:48:30.764535Z,75,164.5,172.0,over,3.5333,5.85,4.274823,424,153.5,1,1,0,0
30812865,EuroLeague,2026-09-06T05:48:30.819543Z,75,181.5,170.0,under,4.1667,5.65,4.274823,424,94.1,1,1,1,1
30812866,EuroLeague,2026-09-06T05:48:30.995164Z,75,169.5,170.0,over,3.5667,6.25,4.274823,424,0.0,1,1,0,0
30812867,EuroLeague,2026-09-06T05:48:37.725071Z,75,164.5,182.0,over,3.6,5.65,4.274823,424,88.7,1,1,0,0
30812869,EuroLeague,2026-09-06T05:48:38.771660Z,75,178.5,174.0,under,4.0333,5.75,4.274823,424,0.0,1,1,1,1
30812966,NBA,2026-09-06T06:13:32.353986Z,75,244.5,249.0,over,6.5,4.95,5.618632,691,10.2,0,0,,
30812967,NBA,2026-09-06T06:13:32.418631Z,75,222.5,216.0,under,5.7333,5.05,5.618632,691,289.6,0,0,,
30812968,NBA,2026-09-06T06:13:32.697673Z,75,213.5,218.0,over,5.4333,5.05,5.618632,691,229.0,0,0,,
30812969,NBA,2026-09-06T06:13:32.843139Z,75,206.5,214.0,over,5.2,5.05,5.618632,691,219.2,0,0,,
30812970,NBA,2026-09-06T06:13:32.897430Z,75,227.5,235.0,over,5.7667,5.45,5.618632,691,156.0,0,0,,
30812971,NBA,2026-09-06T06:13:32.989671Z,75,215.5,202.0,under,5.3,5.65,5.618632,691,147.7,1,0,1,
30812972,NBA,2026-09-06T06:13:33.096514Z,75,257.5,249.0,under,6.6667,5.75,5.618632,691,89.1,0,0,,
30812973,NBA,2026-09-06T06:13:33.176490Z,75,255.5,268.0,over,6.8,5.15,5.618632,691,39.8,0,0,,
30812974,NBA,2026-09-06T06:13:33.255538Z,75,227.5,231.0,over,5.9,5.05,5.618632,691,31.4,0,0,,
30813313,EuroLeague,2026-09-06T06:35:55.103788Z,75,175.5,165.0,under,3.6667,6.55,4.275461,434,0.0,1,1,1,1
30813310,EuroLeague,2026-09-06T06:36:21.509137Z,75,162.5,156.0,under,3.6,5.45,4.275461,434,0.0,1,1,1,1
30813314,EuroLeague,2026-09-06T06:36:34.512621Z,75,164.5,150.0,under,3.5,5.95,4.275461,434,176.0,1,1,1,1
30813315,EuroLeague,2026-09-06T06:36:34.577196Z,75,168.5,170.0,over,3.5667,6.15,4.275461,434,167.8,1,1,0,0
30813316,EuroLeague,2026-09-06T06:36:52.169527Z,75,183.5,196.0,over,4.1667,5.85,4.275461,434,0.0,1,1,0,0
30813317,EuroLeague,2026-09-06T06:37:00.780653Z,75,157.5,168.0,over,3.5,5.25,4.275461,434,0.0,1,1,0,0
30813409,KBL,2026-09-06T06:52:50.274683Z,75,128.5,142.0,over,3.3,2.95,3.876439,330,181.9,0,0,,
30813425,NBA,2026-09-06T07:01:29.640459Z,75,228.5,229.0,over,5.9333,5.05,5.621266,703,6.2,0,0,,
30813427,NBA,2026-09-06T07:01:29.827925Z,75,202.5,213.0,over,4.9667,5.35,5.621266,703,272.0,0,0,,
30813428,NBA,2026-09-06T07:01:29.904355Z,75,235.5,242.0,over,6.2667,4.75,5.621266,703,265.0,0,0,,
30813429,NBA,2026-09-06T07:01:29.963580Z,75,222.5,236.0,over,5.8333,4.75,5.621266,703,17.2,0,0,,
30813430,NBA,2026-09-06T07:01:30.019960Z,75,217.5,217.0,under,5.6,4.95,5.621266,703,9.0,0,0,,
30813431,NBA,2026-09-06T07:02:40.733767Z,75,242.5,243.0,over,6.5333,4.65,5.621266,703,0.0,0,0,,
30813432,NBA,2026-09-06T07:02:49.214381Z,75,237.5,246.0,over,6.3333,4.75,5.621266,703,0.0,0,0,,
30813433,NBA,2026-09-06T07:05:41.725927Z,75,223.5,225.0,over,5.9845,3.9355,5.621266,703,0.0,0,0,,
30813434,NBA,2026-09-06T07:05:49.948871Z,75,207.5,217.0,over,5.3643,4.4516,5.621266,703,0.0,0,0,,
30813435,NBA,2026-09-06T07:07:02.085629Z,75,227.5,235.0,over,5.9701,4.2308,5.621266,703,0.0,0,0,,
30813436,NBA,2026-09-06T07:07:11.036497Z,75,207.5,204.0,under,5.4222,3.92,5.621266,703,0.0,0,0,,
30813588,EuroLeague,2026-09-06T07:23:59.298133Z,75,177.5,175.0,under,3.7,6.65,4.274718,444,32.1,1,1,1,1
30813591,EuroLeague,2026-09-06T07:23:59.542539Z,75,170.5,169.0,under,3.8,5.65,4.274718,444,0.0,1,1,1,1
30813595,EuroLeague,2026-09-06T07:24:06.299173Z,75,131.5,123.0,under,2.4667,5.75,4.274718,444,161.1,1,1,1,1
30813596,EuroLeague,2026-09-06T07:24:07.743289Z,75,154.5,139.0,under,3.4,5.25,4.274718,444,0.0,1,1,1,1
30813597,EuroLeague,2026-09-06T07:24:13.053610Z,75,175.5,185.0,over,3.9667,5.65,4.274718,444,153.9,1,1,0,0
30813609,CBA,2026-09-06T07:29:14.531617Z,75,180.5,193.0,over,4.9836,3.0,4.426987,302,292.2,0,0,,
30813610,CBA,2026-09-06T07:29:14.614836Z,75,194.5,187.0,under,5.1148,4.0526,4.426987,302,284.1,0,0,,
30813640,KBL,2026-09-06T07:33:12.961357Z,75,137.5,144.0,over,3.8689,2.0526,3.873881,335,284.4,0,0,,
30814478,EuroLeague,2026-09-06T09:00:38.364509Z,75,152.5,147.0,under,3.3,5.35,4.269934,454,0.0,1,1,1,1
30814465,TBSL,2026-09-06T09:23:05.326472Z,75,178.5,177.0,under,4.0,5.85,4.164992,657,267.7,1,1,1,1
30814466,TBSL,2026-09-06T09:23:05.392356Z,75,176.5,203.0,over,4.0333,5.55,4.164992,657,257.9,1,1,0,0
30814467,TBSL,2026-09-06T09:23:05.450941Z,75,191.5,194.0,over,4.1667,6.65,4.164992,657,237.3,0,1,,0
30814468,TBSL,2026-09-06T09:23:05.518222Z,75,172.5,181.0,over,3.8,5.85,4.164992,657,228.8,1,1,0,0
30814469,TBSL,2026-09-06T09:23:05.579183Z,75,169.5,171.0,over,3.8667,5.35,4.164992,657,207.4,1,1,0,0
30814470,TBSL,2026-09-06T09:23:05.637394Z,75,150.5,185.0,over,3.3333,5.05,4.164992,657,199.3,1,1,0,0
30814455,NBA,2026-09-06T09:25:26.873184Z,75,234.5,227.0,under,5.9333,5.65,5.622413,715,158.9,0,0,,
30814456,NBA,2026-09-06T09:25:26.941479Z,75,244.5,240.0,under,6.5,4.95,5.622413,715,150.8,0,0,,
30814458,NBA,2026-09-06T09:25:27.110959Z,75,245.5,254.0,over,6.3667,5.45,5.622413,715,90.7,0,0,,
30814460,NBA,2026-09-06T09:25:27.253092Z,75,219.5,219.0,under,5.5667,5.25,5.622413,715,60.8,0,0,,
30814453,NBA,2026-09-06T09:25:36.712464Z,75,241.5,235.0,under,6.2667,5.35,5.622413,715,0.2,0,0,,
30814454,NBA,2026-09-06T09:25:36.774888Z,75,206.5,199.0,under,5.3333,4.65,5.622413,715,198.8,0,0,,
30814457,NBA,2026-09-06T09:25:36.991080Z,75,221.5,228.0,over,5.6667,5.15,5.622413,715,109.0,0,0,,
30814459,NBA,2026-09-06T09:25:37.131437Z,75,260.5,255.0,under,6.8,5.65,5.622413,715,79.0,0,0,,
30814461,NBA,2026-09-06T09:25:37.274443Z,75,222.5,225.0,over,5.7333,5.05,5.622413,715,49.1,0,0,,
30814462,NBA,2026-09-06T09:25:37.354427Z,75,207.5,226.0,over,5.3,4.85,5.622413,715,40.6,0,0,,
30814058,CYBER,2026-09-06T13:18:30.230569Z,75,277.5,280.0,over,5.8333,5.625,4.435417,160,0.0,0,1,,0
30815357,CYBER,2026-09-06T20:31:11.853910Z,75,212.5,208.0,under,4.4444,4.375,4.444736,167,16.7,0,0,,
30817258,TBSL,2026-09-06T20:35:01.220059Z,75,147.5,152.0,over,3.0333,5.65,4.169193,663,209.2,1,1,0,0
30817260,TBSL,2026-09-06T20:35:01.405139Z,75,150.5,150.0,under,2.9,6.35,4.169193,663,192.5,1,1,1,1
30817261,TBSL,2026-09-06T20:35:01.496599Z,75,154.5,162.0,over,3.3333,5.45,4.169193,663,155.1,1,1,0,0
30817262,TBSL,2026-09-06T20:35:01.581183Z,75,156.5,166.0,over,3.4333,5.35,4.169193,663,146.7,1,1,0,0
30817263,TBSL,2026-09-06T20:35:01.672766Z,75,178.5,163.0,under,3.7667,6.55,4.169193,663,104.2,1,1,1,1
30817243,NBA,2026-09-06T20:37:28.550675Z,75,238.5,235.0,under,6.3333,4.85,5.623349,727,11.9,0,0,,
30817305,CBA,2026-09-06T20:48:32.266893Z,75,203.5,207.0,over,5.3333,4.35,4.432108,306,25.0,0,0,,
30817304,CBA,2026-09-06T20:48:41.372806Z,75,176.5,172.0,under,4.7273,3.4359,4.432108,306,42.5,0,0,,
30817319,KBL,2026-09-06T20:52:36.579081Z,75,167.5,174.0,over,4.4959,3.2308,3.873971,340,208.2,0,0,,
30817320,KBL,2026-09-06T20:52:36.689661Z,75,168.5,176.0,over,4.3636,3.7436,3.873971,340,124.1,0,0,,
30817321,KBL,2026-09-06T20:52:36.800006Z,75,168.5,156.0,under,4.3967,3.641,3.873971,340,115.8,0,0,,
30817332,EuroLeague,2026-09-06T21:00:03.236778Z,75,202.5,204.0,over,4.6333,6.35,4.267225,463,158.6,0,1,,0
30817333,EuroLeague,2026-09-06T21:00:03.348883Z,75,177.5,181.0,over,4.2,5.15,4.267225,463,120.5,1,1,0,0
30817334,EuroLeague,2026-09-06T21:00:03.752179Z,75,182.5,182.0,under,4.0,6.25,4.267225,463,0.0,1,1,1,1
30817335,EuroLeague,2026-09-06T21:00:10.401972Z,75,161.5,156.0,under,3.2667,6.35,4.267225,463,113.5,1,1,1,1
30817336,EuroLeague,2026-09-06T21:00:10.512062Z,75,180.5,182.0,over,3.9667,6.15,4.267225,463,42.3,1,1,0,0
30817388,TBSL,2026-09-06T21:23:09.352393Z,75,157.5,168.0,over,3.2667,5.95,4.1679,669,188.8,1,1,0,0
30817389,TBSL,2026-09-06T21:23:09.425654Z,75,153.5,159.0,over,3.3667,5.25,4.1679,669,180.6,1,1,0,0
30817390,TBSL,2026-09-06T21:23:09.497129Z,75,171.5,176.0,over,3.8333,5.65,4.1679,669,117.6,1,1,0,0
30817366,NBA,2026-09-06T21:25:28.022030Z,75,237.5,242.0,over,6.1333,5.35,5.622544,733,0.0,0,0,,
30817368,NBA,2026-09-06T21:25:31.830156Z,75,217.5,214.0,under,5.5667,5.05,5.622544,733,193.2,0,0,,
30817369,NBA,2026-09-06T21:25:31.907467Z,75,203.5,202.0,under,5.3333,4.35,5.622544,733,184.8,0,0,,
30817370,NBA,2026-09-06T21:25:31.980019Z,75,202.5,187.0,under,5.0333,5.15,5.622544,733,126.2,0,0,,
30817371,NBA,2026-09-06T21:25:32.077304Z,75,231.5,236.0,over,6.1,4.85,5.622544,733,117.8,0,0,,
30817408,CBA,2026-09-06T21:28:50.948471Z,75,177.5,177.0,under,4.7273,3.5385,4.437136,309,239.7,0,0,,
30817410,CBA,2026-09-06T21:28:57.947890Z,75,179.5,185.0,over,4.8264,3.4359,4.437136,309,183.5,0,0,,
30817743,KBL,2026-09-06T21:32:32.806494Z,75,158.5,167.0,over,4.1667,3.35,3.876968,343,241.8,0,0,,
30817744,KBL,2026-09-06T21:32:32.884402Z,75,176.5,177.0,over,4.8333,3.15,3.876968,343,179.2,0,0,,
30817745,KBL,2026-09-06T21:32:32.951583Z,75,119.5,129.0,over,3.1667,2.45,3.876968,343,170.9,0,0,,
30818388,EuroLeague,2026-09-06T21:48:08.780592Z,75,158.5,152.0,under,3.5667,5.15,4.267964,469,0.0,1,1,1,1
30818390,EuroLeague,2026-09-06T21:48:15.468734Z,75,188.5,192.0,over,4.2333,6.15,4.267964,469,216.9,1,1,0,0
30818391,EuroLeague,2026-09-06T21:48:15.541369Z,75,174.5,151.0,under,3.8,6.05,4.267964,469,200.3,1,1,1,1
30818392,EuroLeague,2026-09-06T21:48:15.648198Z,75,182.5,185.0,over,4.0333,6.15,4.267964,469,139.4,1,1,0,0
30818445,CBA,2026-09-06T22:08:40.021670Z,75,180.5,178.0,under,4.6333,4.15,4.437701,311,298.8,0,0,,
30818446,CBA,2026-09-06T22:08:40.108784Z,75,181.5,168.0,under,4.4,4.95,4.437701,311,241.2,1,1,1,1
30818458,TBSL,2026-09-06T22:11:04.949635Z,75,157.5,152.0,under,3.4667,5.35,4.16763,675,297.3,1,1,1,1
30818459,TBSL,2026-09-06T22:11:05.026309Z,75,127.5,139.0,over,2.8,4.35,4.16763,675,288.9,1,1,0,0
30818460,TBSL,2026-09-06T22:11:05.104498Z,75,185.5,186.0,over,4.0,6.55,4.16763,675,116.3,1,1,0,0
30818462,TBSL,2026-09-06T22:11:05.257648Z,75,168.5,160.0,under,3.7,5.75,4.16763,675,27.5,1,1,1,1
30818461,TBSL,2026-09-06T22:11:27.468873Z,75,176.5,183.0,over,3.9,5.95,4.16763,675,130.2,1,1,0,0
30818464,KBL,2026-09-06T22:12:51.061742Z,75,159.5,161.0,over,4.1653,3.4359,3.877529,346,125.0,0,0,,
30818437,NBA,2026-09-06T22:13:36.215299Z,75,221.5,227.0,over,5.8667,4.55,5.621177,739,8.6,0,0,,
30818531,EuroLeague,2026-09-06T22:36:08.761414Z,75,163.5,175.0,over,3.6,5.55,4.267263,475,0.0,1,1,0,0
30818529,EuroLeague,2026-09-06T22:36:18.366598Z,75,154.5,151.0,under,3.1667,5.95,4.267263,475,83.5,1,1,1,1
30818530,EuroLeague,2026-09-06T22:36:18.787477Z,75,199.5,209.0,over,4.5,6.45,4.267263,475,75.4,0,1,,0
30818532,EuroLeague,2026-09-06T22:36:19.031525Z,75,180.5,162.0,under,3.9,6.35,4.267263,475,0.0,1,1,1,1
30818533,EuroLeague,2026-09-06T22:36:26.121679Z,75,151.5,154.0,over,3.1,5.85,4.267263,475,0.0,1,1,0,0
30818582,CBA,2026-09-06T22:48:57.451485Z,75,176.5,172.0,under,4.4628,4.2564,4.436981,313,219.7,0,0,,
30818583,CBA,2026-09-06T22:48:57.582229Z,75,174.5,173.0,under,4.4298,4.1538,4.436981,313,164.7,0,0,,
30818584,CBA,2026-09-06T22:48:57.721171Z,75,155.5,157.0,over,4.0,3.5385,4.436981,313,156.4,0,0,,
30818603,KBL,2026-09-06T22:52:34.472705Z,75,152.5,152.0,under,3.8667,3.65,3.87543,349,249.5,0,0,,
30818615,TBSL,2026-09-06T22:59:30.833709Z,75,177.5,171.0,under,3.9667,5.85,4.16641,681,189.5,1,1,1,1
30818616,TBSL,2026-09-06T22:59:30.940583Z,75,188.5,186.0,under,4.3667,5.75,4.16641,681,148.3,0,1,,1
30818617,TBSL,2026-09-06T22:59:31.012685Z,75,163.5,154.0,under,3.6,5.55,4.16641,681,138.1,1,1,1,1
30818618,TBSL,2026-09-06T22:59:31.106528Z,75,168.5,173.0,over,3.7333,5.65,4.16641,681,103.8,1,1,0,0
30818619,TBSL,2026-09-06T22:59:31.207290Z,75,153.5,162.0,over,3.2667,5.55,4.16641,681,93.5,1,1,0,0
30818620,TBSL,2026-09-06T22:59:31.333317Z,75,157.5,162.0,over,3.4667,5.35,4.16641,681,35.2,1,1,0,0
30818607,NBA,2026-09-06T23:01:35.423630Z,75,223.5,215.0,under,5.7333,5.15,5.623557,745,7.7,0,0,,
30818608,NBA,2026-09-06T23:01:35.535662Z,75,240.5,239.0,under,6.3,5.15,5.623557,745,40.5,0,0,,
30815420,CYBER,2026-09-06T23:14:51.340350Z,75,202.5,200.0,under,4.2222,4.2083,4.441354,173,72.8,0,0,,
30818696,EuroLeague,2026-09-06T23:24:15.007907Z,75,163.5,162.0,under,3.3667,6.25,4.267931,481,31.2,1,1,1,1
30818699,EuroLeague,2026-09-06T23:24:15.283246Z,75,183.5,174.0,under,3.9,6.65,4.267931,481,0.0,1,1,1,1
30818706,CBA,2026-09-06T23:28:25.247995Z,75,186.5,186.0,under,4.9,3.95,4.434573,316,0.0,0,0,,
30818717,KBL,2026-09-06T23:32:29.199136Z,75,143.5,140.0,under,3.6,3.55,3.875213,352,98.8,0,0,,
30818718,KBL,2026-09-06T23:32:29.272107Z,75,155.5,148.0,under,4.2,2.95,3.875213,352,89.0,0,0,,
30818919,NBA,2026-09-07T00:37:44.613953Z,75,259.5,261.0,over,6.9,5.25,5.621405,751,0.0,0,0,,
30818915,NBA,2026-09-07T00:37:48.636638Z,75,223.5,223.0,under,5.9,4.65,5.621405,751,0.0,0,0,,
30818920,NBA,2026-09-07T00:37:53.373267Z,75,261.5,259.0,under,7.0333,5.05,5.621405,751,0.0,0,0,,
30818916,NBA,2026-09-07T00:38:02.156103Z,75,226.5,233.0,over,6.0667,4.45,5.621405,751,161.1,0,0,,
30818917,NBA,2026-09-07T00:38:02.327194Z,75,217.5,228.0,over,5.5,5.25,5.621405,751,169.6,0,0,,
30818918,NBA,2026-09-07T00:38:02.476096Z,75,228.5,229.0,over,5.8333,5.35,5.621405,751,84.7,0,0,,
30819092,EuroLeague,2026-09-07T01:00:13.064006Z,75,158.5,160.0,over,3.3667,5.75,4.26961,487,0.0,1,1,0,0
30819093,EuroLeague,2026-09-07T01:00:19.885126Z,75,163.5,144.0,under,3.5,5.85,4.26961,487,0.0,1,1,1,1
30819095,EuroLeague,2026-09-07T01:00:26.730313Z,75,161.5,156.0,under,3.7,5.05,4.26961,487,262.5,1,1,1,1
30819096,EuroLeague,2026-09-07T01:00:26.848716Z,75,167.5,173.0,over,3.4,6.55,4.26961,487,254.1,1,1,0,0
30819097,EuroLeague,2026-09-07T01:00:26.952425Z,75,181.5,168.0,under,4.0333,6.05,4.26961,487,184.5,1,1,1,1
30819098,EuroLeague,2026-09-07T01:00:27.055765Z,75,161.5,150.0,under,3.4,5.95,4.26961,487,176.2,1,1,1,1
30819099,EuroLeague,2026-09-07T01:00:27.153883Z,75,193.5,208.0,over,4.2667,6.55,4.26961,487,110.0,1,1,0,0
30819218,TBSL,2026-09-07T01:23:15.153995Z,75,164.5,143.0,under,3.5333,5.85,4.163597,695,152.6,1,1,1,1
30819219,TBSL,2026-09-07T01:23:15.330395Z,75,175.5,144.0,under,3.7667,6.25,4.163597,695,144.1,1,1,1,1
30819220,TBSL,2026-09-07T01:23:15.456215Z,75,146.5,128.0,under,3.0667,5.45,4.163597,695,50.1,1,1,1,1
30819221,TBSL,2026-09-07T01:23:15.567132Z,75,136.5,126.0,under,2.8333,5.15,4.163597,695,41.5,1,1,1,1
30819559,EuroLeague,2026-09-07T01:49:06.123422Z,75,159.5,137.0,under,3.3667,5.85,4.269141,495,0.0,1,1,1,1
30819564,EuroLeague,2026-09-07T01:49:13.245021Z,75,155.5,155.0,under,3.4,5.35,4.269141,495,0.0,1,1,1,1
30820060,TBSL,2026-09-07T02:11:14.414544Z,75,173.5,176.0,over,4.0,5.35,4.151688,711,136.7,1,1,0,0
30820061,TBSL,2026-09-07T02:11:14.566075Z,75,144.5,158.0,over,3.1,5.15,4.151688,711,128.4,1,1,0,0
30820062,TBSL,2026-09-07T02:11:14.663604Z,75,152.5,155.0,over,3.1667,5.75,4.151688,711,42.7,1,1,0,0
30820063,TBSL,2026-09-07T02:11:14.806036Z,75,167.5,140.0,under,3.4667,6.35,4.151688,711,34.5,1,1,1,1
30820029,NBA,2026-09-07T02:13:49.956018Z,75,231.5,234.0,over,6.2,4.55,5.625871,775,0.0,0,0,,
30820224,EuroLeague,2026-09-07T02:36:18.271063Z,75,177.5,171.0,under,3.8667,6.15,4.26994,504,0.0,1,1,1,1
30820218,EuroLeague,2026-09-07T02:36:37.404036Z,75,167.5,172.0,over,3.8333,5.25,4.26994,504,0.0,1,1,0,0
30820220,EuroLeague,2026-09-07T02:36:50.711845Z,75,188.5,197.0,over,4.3,5.95,4.26994,504,220.3,0,1,,0
30820221,EuroLeague,2026-09-07T02:36:51.266481Z,75,193.5,207.0,over,4.3667,6.25,4.26994,504,211.9,0,1,,0
30820222,EuroLeague,2026-09-07T02:36:51.410530Z,75,150.5,157.0,over,3.1667,5.55,4.26994,504,127.8,1,1,0,0
30820223,EuroLeague,2026-09-07T02:36:51.510816Z,75,187.5,170.0,under,4.1,6.45,4.26994,504,119.2,1,1,1,1
30820384,TBSL,2026-09-07T02:59:36.515076Z,75,149.5,145.0,under,3.1333,5.55,4.150695,719,157.7,1,1,1,1
30820385,TBSL,2026-09-07T02:59:36.632996Z,75,145.5,142.0,under,3.0667,5.35,4.150695,719,74.9,1,1,1,1
30820386,TBSL,2026-09-07T02:59:36.730868Z,75,175.5,161.0,under,4.0,5.55,4.150695,719,66.6,1,1,1,1
30820387,TBSL,2026-09-07T03:01:38.580712Z,75,166.5,161.0,under,3.9,4.95,4.150695,719,0.0,1,1,1,1
30820388,TBSL,2026-09-07T03:01:46.862799Z,75,158.5,154.0,under,3.7333,4.65,4.150695,719,0.0,1,1,1,1
30820365,NBA,2026-09-07T03:01:56.948167Z,75,234.5,235.0,over,6.2,4.85,5.623982,786,30.8,0,0,,
30820389,TBSL,2026-09-07T03:05:10.049719Z,75,160.5,162.0,over,3.4722,8.875,4.150695,719,0.0,1,1,0,0
30820390,TBSL,2026-09-07T03:05:18.338179Z,75,150.5,143.0,under,3.2828,8.4,4.150695,719,0.0,1,1,1,1
30815456,CYBER,2026-09-07T03:05:52.101481Z,75,203.5,208.0,over,4.3056,4.0417,4.444405,178,60.5,0,0,,
30820521,EuroLeague,2026-09-07T03:23:56.898984Z,75,187.5,185.0,under,4.3,5.85,4.273924,511,0.0,0,1,,1
30820527,EuroLeague,2026-09-07T03:24:05.173325Z,75,163.5,144.0,under,3.5,5.85,4.273924,511,0.0,1,1,1,1
30820526,EuroLeague,2026-09-07T03:24:25.167213Z,75,175.5,177.0,over,4.0667,5.35,4.273924,511,0.0,1,1,0,0
30820522,EuroLeague,2026-09-07T03:24:59.659115Z,75,183.5,157.0,under,3.9,6.65,4.273924,511,232.6,1,1,1,1
30820523,EuroLeague,2026-09-07T03:24:59.745165Z,75,182.5,163.0,under,3.8667,6.65,4.273924,511,224.2,1,1,1,1
30820524,EuroLeague,2026-09-07T03:24:59.853458Z,75,187.5,186.0,under,4.2,6.15,4.273924,511,134.9,1,1,1,1
30820525,EuroLeague,2026-09-07T03:24:59.955152Z,75,164.5,168.0,over,3.6,5.65,4.273924,511,126.4,1,1,0,0
30820530,CBA,2026-09-07T03:28:41.570037Z,75,189.5,195.0,over,5.1333,3.55,4.443433,335,242.4,0,0,,
30820532,CBA,2026-09-07T03:28:48.487178Z,75,165.5,161.0,under,4.2667,3.75,4.443433,335,155.4,0,0,,
30820533,CBA,2026-09-07T03:28:48.614402Z,75,162.5,173.0,over,4.0,4.25,4.443433,335,147.9,0,0,,
30820534,CBA,2026-09-07T03:28:48.697714Z,75,181.5,183.0,over,4.6667,4.15,4.443433,335,63.0,0,0,,
30820561,KBL,2026-09-07T03:32:29.626759Z,75,144.5,144.0,under,3.6364,3.5385,3.868867,375,0.0,0,0,,
30820562,KBL,2026-09-07T03:32:37.854194Z,75,165.5,171.0,over,4.2975,3.641,3.868867,375,0.0,0,0,,
30815460,CYBER,2026-09-07T03:32:46.202838Z,75,225.5,203.0,under,4.6389,4.875,4.442334,181,47.4,0,1,,1
30820559,KBL,2026-09-07T03:33:10.483008Z,75,135.5,119.0,under,3.377,3.4211,3.868867,375,231.2,0,0,,
30820560,KBL,2026-09-07T03:33:10.586802Z,75,145.5,140.0,under,3.8689,2.8947,3.868867,375,222.8,0,0,,
30820625,TBSL,2026-09-07T03:47:35.667141Z,75,155.5,155.0,under,3.2667,5.75,4.147452,726,0.0,1,1,1,1
30820626,TBSL,2026-09-07T03:47:44.201739Z,75,173.5,180.0,over,3.8667,5.75,4.147452,726,0.0,1,1,0,0
30820600,NBA,2026-09-07T03:49:35.017073Z,75,224.5,223.0,under,5.8667,4.85,5.622776,798,22.1,0,0,,
30820610,NBA,2026-09-07T03:49:35.724029Z,75,229.5,225.0,under,6.0667,4.75,5.622776,798,216.1,0,0,,
30820611,NBA,2026-09-07T03:49:35.790859Z,75,247.5,247.0,under,6.2333,6.05,5.622776,798,207.9,0,1,,1
30820627,TBSL,2026-09-07T03:50:30.333746Z,75,190.5,184.0,under,4.4333,5.75,4.147452,726,0.0,0,1,,1
30820628,TBSL,2026-09-07T03:50:38.619003Z,75,145.5,138.0,under,3.4333,4.25,4.147452,726,0.0,1,0,1,
30820629,TBSL,2026-09-07T03:52:12.423374Z,75,177.5,187.0,over,4.5333,4.15,4.147452,726,0.0,0,0,,
30820630,TBSL,2026-09-07T03:52:20.605006Z,75,175.5,186.0,over,4.6,3.75,4.147452,726,0.0,0,0,,
30820631,TBSL,2026-09-07T03:53:44.704137Z,75,166.5,163.0,under,3.6463,10.0,4.147452,726,0.0,1,1,1,1
30820632,TBSL,2026-09-07T03:53:53.797629Z,75,172.5,173.0,over,3.7823,10.3077,4.147452,726,0.0,1,1,0,0
30820753,EuroLeague,2026-09-07T04:12:08.408002Z,75,158.5,160.0,over,3.6,5.05,4.273798,520,17.9,1,1,0,0
30820756,EuroLeague,2026-09-07T04:12:08.726509Z,75,160.5,157.0,under,3.2667,6.25,4.273798,520,247.3,1,1,1,1
30820757,EuroLeague,2026-09-07T04:12:08.823555Z,75,181.5,178.0,under,4.2333,5.45,4.273798,520,239.2,1,1,1,1
30820759,EuroLeague,2026-09-07T04:12:15.623928Z,75,184.5,177.0,under,4.2667,5.65,4.273798,520,160.3,1,1,1,1
30820760,EuroLeague,2026-09-07T04:12:15.741878Z,75,171.5,181.0,over,3.6333,6.25,4.273798,520,152.2,1,1,0,0
30820761,EuroLeague,2026-09-07T04:12:15.835583Z,75,164.5,176.0,over,3.4333,6.15,4.273798,520,75.2,1,1,0,0
30820762,EuroLeague,2026-09-07T04:12:16.163799Z,75,180.5,166.0,under,4.0667,5.85,4.273798,520,0.0,1,1,1,1
30820764,KBL,2026-09-07T04:12:31.743502Z,75,150.5,153.0,over,3.9339,3.2308,3.865329,380,0.0,0,0,,
30820766,KBL,2026-09-07T04:12:48.471135Z,75,160.5,156.0,under,4.1311,3.6316,3.865329,380,0.0,0,0,,
30820758,EuroLeague,2026-09-07T04:12:57.336414Z,75,190.5,187.0,under,4.5,5.55,4.273798,520,0.0,0,1,,1
30820763,KBL,2026-09-07T04:13:18.367218Z,75,150.5,154.0,over,3.9024,3.2973,3.865329,380,123.6,0,0,,
30820767,KBL,2026-09-07T04:14:05.861840Z,75,137.5,151.0,over,3.4331,3.4545,3.865329,380,0.0,0,0,,
30815469,CYBER,2026-09-07T04:45:44.958111Z,75,211.5,199.0,under,4.3333,4.625,4.441163,182,89.2,1,1,1,1
30821034,KBL,2026-09-07T05:32:14.889546Z,75,179.5,168.0,under,4.4333,4.65,3.864935,385,269.1,0,1,,1
30821035,KBL,2026-09-07T05:32:14.978696Z,75,138.5,130.0,under,3.4333,3.55,3.864935,385,261.9,0,0,,
30821036,KBL,2026-09-07T05:32:15.081802Z,75,155.5,160.0,over,4.1667,3.05,3.864935,385,239.7,0,0,,
30821037,KBL,2026-09-07T05:32:15.172403Z,75,141.5,153.0,over,3.6333,3.25,3.864935,385,229.6,0,0,,
30821038,KBL,2026-09-07T05:32:15.266446Z,75,153.5,163.0,over,3.8667,3.75,3.864935,385,171.4,0,0,,
30821021,EuroLeague,2026-09-07T05:40:12.813545Z,75,175.5,173.0,under,4.562,3.8462,4.275472,530,81.4,0,0,,
30821115,CBA,2026-09-07T06:09:29.804613Z,75,188.5,198.0,over,4.9756,3.8378,4.444023,343,256.4,0,0,,
30821099,NBA,2026-09-07T06:13:49.851415Z,75,241.5,247.0,over,6.3667,5.05,5.626235,810,6.8,0,0,,
30821100,NBA,2026-09-07T06:13:49.981832Z,75,226.5,234.0,over,5.9333,4.85,5.626235,810,298.1,0,0,,
30821460,TBSL,2026-09-07T06:35:05.577394Z,75,172.5,169.0,under,4.4,4.05,4.148774,734,135.0,0,0,,
30821461,TBSL,2026-09-07T06:35:05.649887Z,75,172.5,173.0,over,4.5,3.75,4.148774,734,126.9,0,0,,
30821462,TBSL,2026-09-07T06:35:05.725090Z,75,175.5,175.0,under,4.6,3.75,4.148774,734,42.7,0,0,,
30821463,TBSL,2026-09-07T06:35:05.794077Z,75,162.5,161.0,under,4.0667,4.05,4.148774,734,34.6,0,0,,
30821464,TBSL,2026-09-07T06:35:58.470117Z,75,152.5,158.0,over,3.9032,3.5,4.148774,734,0.0,0,0,,
30821739,EuroLeague,2026-09-07T07:00:29.669516Z,75,186.5,186.0,under,4.9917,3.641,4.275186,539,232.2,0,0,,
30821740,EuroLeague,2026-09-07T07:00:29.781338Z,75,162.5,155.0,under,4.1983,3.641,4.275186,539,223.9,0,0,,
30821741,EuroLeague,2026-09-07T07:00:29.861909Z,75,178.5,171.0,under,4.595,4.0513,4.275186,539,143.6,0,0,,
30821702,NBA,2026-09-07T07:02:07.558008Z,75,221.5,228.0,over,5.8667,4.55,5.623479,822,0.0,0,0,,
30821828,TBSL,2026-09-07T07:15:46.585552Z,75,185.5,179.0,under,4.878,3.8378,4.150371,741,147.4,0,0,,
30821829,TBSL,2026-09-07T07:15:46.688532Z,75,142.5,130.0,under,3.4472,3.9459,4.150371,741,139.3,0,0,,
30821830,TBSL,2026-09-07T07:17:25.995161Z,75,152.5,150.0,under,3.876,3.5484,4.150371,741,0.0,0,0,,
30821956,KBL,2026-09-07T07:32:51.414460Z,75,159.5,162.0,over,4.2333,3.25,3.87025,400,265.6,0,0,,
30822002,EuroLeague,2026-09-07T07:40:14.600069Z,75,174.5,188.0,over,4.7333,3.25,4.275046,545,283.5,0,0,,
30822021,NBA,2026-09-07T07:49:45.115583Z,75,212.5,213.0,over,5.4667,4.85,5.622782,834,0.0,0,0,,
30822010,NBA,2026-09-07T07:50:05.569065Z,75,225.5,247.0,over,5.9,4.85,5.622782,834,17.9,0,0,,
30822017,NBA,2026-09-07T07:50:06.399728Z,75,231.5,235.0,over,6.1333,4.75,5.622782,834,217.6,0,0,,
30822018,NBA,2026-09-07T07:50:06.485834Z,75,221.5,222.0,over,5.9,4.45,5.622782,834,209.3,0,0,,
30822019,NBA,2026-09-07T07:50:06.594298Z,75,216.5,218.0,over,5.5667,4.95,5.622782,834,119.0,0,0,,
30822020,NBA,2026-09-07T07:50:06.677797Z,75,233.5,220.0,under,6.0333,5.25,5.622782,834,110.6,0,0,,
30822074,TBSL,2026-09-07T07:55:18.451411Z,75,164.5,171.0,over,4.2314,3.7436,4.148897,748,41.8,0,0,,
30822075,TBSL,2026-09-07T07:55:18.582939Z,75,176.5,171.0,under,4.562,3.9487,4.148897,748,33.5,0,0,,
30822076,TBSL,2026-09-07T07:56:09.704913Z,75,172.5,171.0,under,4.4194,3.9444,4.148897,748,0.0,0,0,,
30822077,TBSL,2026-09-07T07:56:18.143803Z,75,177.5,176.0,under,4.576,3.9429,4.148897,748,0.0,0,0,,
30822078,TBSL,2026-09-07T07:57:42.831826Z,75,139.5,134.0,under,3.4504,3.6552,4.148897,748,0.0,0,0,,
30822079,TBSL,2026-09-07T07:57:51.228184Z,75,160.5,162.0,over,4.0916,3.6552,4.148897,748,0.0,0,0,,
30822196,CBA,2026-09-07T08:08:58.158819Z,75,167.5,156.0,under,4.1667,4.25,4.445763,354,212.8,0,0,,
30822220,KBL,2026-09-07T08:12:58.281299Z,75,166.5,167.0,over,4.1653,4.1538,3.869383,405,232.8,0,1,,0
30822221,KBL,2026-09-07T08:12:58.464919Z,75,134.5,141.0,over,3.4711,3.0256,3.869383,405,222.2,0,0,,
30822222,KBL,2026-09-07T08:12:58.567423Z,75,155.5,143.0,under,4.0661,3.3333,3.869383,405,135.5,0,0,,
30822223,KBL,2026-09-07T08:12:58.663607Z,75,145.5,142.0,under,3.5702,3.8462,3.869383,405,127.2,0,0,,
30822276,EuroLeague,2026-09-07T08:20:24.636556Z,75,180.5,172.0,under,4.562,4.359,4.274955,553,288.9,0,0,,
30822277,EuroLeague,2026-09-07T08:20:24.760871Z,75,153.5,159.0,over,4.1653,2.8205,4.274955,553,280.7,0,0,,
30822404,TBSL,2026-09-07T08:35:03.864845Z,75,157.5,155.0,under,4.0333,3.65,4.148541,754,0.0,0,0,,
30822401,TBSL,2026-09-07T08:35:13.370456Z,75,182.5,185.0,over,4.7667,3.95,4.148541,754,109.3,0,0,,
30822402,TBSL,2026-09-07T08:35:13.459000Z,75,174.5,174.0,under,4.7333,3.25,4.148541,754,101.1,0,0,,
30822403,TBSL,2026-09-07T08:35:13.545896Z,75,163.5,160.0,under,4.1333,3.95,4.148541,754,18.1,0,0,,
30822405,TBSL,2026-09-07T08:36:25.739259Z,75,151.5,150.0,under,3.936,3.2571,4.148541,754,0.0,0,0,,
30822357,NBA,2026-09-07T08:37:46.617596Z,75,223.5,223.0,under,5.8,4.95,5.622577,846,25.5,0,0,,
30821733,CYBER,2026-09-07T08:41:58.060579Z,75,212.5,218.0,over,4.3889,4.5417,4.436949,189,158.9,1,0,0,
30822544,KBL,2026-09-07T08:53:04.716584Z,75,151.5,157.0,over,3.7686,3.8462,3.867561,410,294.2,0,0,,
30822545,KBL,2026-09-07T08:53:04.834374Z,75,145.5,146.0,over,3.8678,2.9231,3.867561,410,211.7,0,0,,
30822582,EuroLeague,2026-09-07T09:00:05.644037Z,75,154.5,163.0,over,3.7333,4.25,4.275986,558,227.0,0,0,,
30822585,EuroLeague,2026-09-07T09:00:12.501395Z,75,148.5,150.0,over,3.8667,3.25,4.275986,558,136.3,0,0,,
30822583,EuroLeague,2026-09-07T09:00:27.077488Z,75,177.5,162.0,under,4.562,4.0513,4.275986,558,240.2,0,0,,
30822586,EuroLeague,2026-09-07T09:00:34.130243Z,75,182.5,174.0,under,4.6942,4.1538,4.275986,558,149.7,0,0,,
30822734,NBA,2026-09-07T09:25:28.282870Z,75,233.5,224.0,under,6.1667,4.85,5.624971,858,0.0,0,0,,
30823184,CBA,2026-09-07T10:08:27.424627Z,75,167.5,176.0,over,4.3333,3.75,4.444823,367,0.0,0,0,,
30823182,CBA,2026-09-07T10:09:16.963852Z,75,172.5,180.0,over,4.623,3.3158,4.444823,367,277.0,0,0,,
30823183,CBA,2026-09-07T10:09:17.089188Z,75,157.5,149.0,under,3.9344,3.9474,4.444823,367,269.0,0,0,,
30823215,KBL,2026-09-07T10:12:52.558592Z,75,160.5,160.0,under,4.0661,3.8462,3.869643,420,250.8,0,0,,
30823217,KBL,2026-09-07T10:12:52.821915Z,75,124.5,121.0,under,3.0744,3.2308,3.869643,420,79.4,0,0,,
30823219,KBL,2026-09-07T10:12:53.031839Z,75,139.5,131.0,under,3.5372,3.3333,3.869643,420,59.3,0,0,,
30823164,NBA,2026-09-07T10:13:38.972674Z,75,227.5,223.0,under,5.8667,5.15,5.621264,870,13.3,0,0,,
30823323,EuroLeague,2026-09-07T10:20:16.404077Z,75,175.5,188.0,over,4.8926,2.8205,4.273643,571,223.5,0,0,,
30823325,EuroLeague,2026-09-07T10:20:23.434404Z,75,148.5,161.0,over,4.0661,2.6154,4.273643,571,216.4,0,0,,
30823327,EuroLeague,2026-09-07T10:20:30.564989Z,75,169.5,155.0,under,4.3306,3.9487,4.273643,571,127.3,0,0,,
30823469,TBSL,2026-09-07T10:35:19.732154Z,75,129.5,142.0,over,3.1405,3.5385,4.151677,775,0.0,0,0,,
30823470,TBSL,2026-09-07T10:35:28.292412Z,75,154.5,149.0,under,3.9672,3.5263,4.151677,775,0.0,0,0,,
30823465,TBSL,2026-09-07T10:35:38.256337Z,75,161.5,161.0,under,4.0984,3.8421,4.151677,775,191.5,0,0,,
30823466,TBSL,2026-09-07T10:35:38.452671Z,75,172.5,172.0,under,4.5246,3.6316,4.151677,775,183.1,0,0,,
30823467,TBSL,2026-09-07T10:35:38.593670Z,75,186.5,181.0,under,4.918,3.8421,4.151677,775,105.3,0,0,,
30823468,TBSL,2026-09-07T10:35:38.753058Z,75,157.5,159.0,over,4.2295,3.0,4.151677,775,96.5,0,0,,
30823652,NBA,2026-09-07T11:01:43.611623Z,75,205.5,199.0,under,5.2667,4.75,5.622877,883,0.0,0,0,,
30823650,NBA,2026-09-07T11:01:59.405130Z,75,238.5,237.0,under,6.4,4.65,5.622877,883,2.2,0,0,,
30823825,TBSL,2026-09-07T11:16:34.002795Z,75,155.5,153.0,under,3.8689,3.9474,4.151628,783,151.0,0,0,,
30823831,TBSL,2026-09-07T11:16:34.865414Z,75,184.5,186.0,over,4.9836,3.4211,4.151628,783,217.5,0,0,,
30824111,NBA,2026-09-07T11:49:32.462784Z,75,243.5,251.0,over,6.3333,5.35,5.620028,895,8.9,0,0,,
30824120,NBA,2026-09-07T11:49:33.609399Z,75,219.5,232.0,over,5.9,4.25,5.620028,895,175.7,0,0,,
30824121,NBA,2026-09-07T11:49:33.706878Z,75,233.5,235.0,over,5.9667,5.45,5.620028,895,168.6,0,0,,
30824122,NBA,2026-09-07T11:50:11.508669Z,75,210.5,216.0,over,5.4667,4.65,5.620028,895,0.0,0,0,,
30824172,TBSL,2026-09-07T11:55:06.029445Z,75,131.5,125.0,under,3.2333,3.45,4.149558,791,0.0,0,0,,
30824173,TBSL,2026-09-07T11:58:30.023854Z,75,180.5,188.0,over,4.6866,3.6154,4.149558,791,0.0,0,0,,
30824174,TBSL,2026-09-07T11:58:38.710889Z,75,165.5,164.0,under,4.1791,3.9231,4.149558,791,0.0,0,0,,
30821905,CYBER,2026-09-07T11:59:54.213802Z,75,211.5,216.0,over,4.3611,4.5417,4.437075,196,84.3,1,0,0,
30824175,TBSL,2026-09-07T12:01:58.832941Z,75,154.5,157.0,over,3.8919,3.5,4.149558,791,0.0,0,0,,
30824176,TBSL,2026-09-07T12:02:07.416749Z,75,190.5,192.0,over,4.8378,3.8333,4.149558,791,0.0,0,0,,
30824300,CBA,2026-09-07T12:09:21.453329Z,75,147.5,150.0,over,3.6452,3.8333,4.438255,381,0.0,0,0,,
30824303,CBA,2026-09-07T12:09:41.272454Z,75,164.5,159.0,under,4.224,3.7143,4.438255,381,0.0,0,0,,
30824304,CBA,2026-09-07T12:13:06.031105Z,75,197.5,196.0,under,5.1223,3.7143,4.438255,381,0.0,0,0,,
30824338,KBL,2026-09-07T12:13:14.693712Z,75,137.5,135.0,under,3.5161,3.1667,3.872759,435,0.0,0,0,,
30824339,KBL,2026-09-07T12:16:33.013166Z,75,129.5,135.0,over,3.2117,3.3913,3.872759,435,0.0,0,0,,
30824340,KBL,2026-09-07T12:16:41.638570Z,75,150.5,146.0,under,3.7391,3.9091,3.872759,435,0.0,1,0,1,
30824407,EuroLeague,2026-09-07T12:21:56.424419Z,75,189.5,189.0,under,4.9375,3.9375,4.274663,593,0.0,0,0,,
30824408,EuroLeague,2026-09-07T12:22:04.712128Z,75,204.5,197.0,under,5.3438,4.1875,4.274663,593,0.0,0,0,,
30824409,EuroLeague,2026-09-07T12:25:23.566892Z,75,151.5,149.0,under,3.7163,4.3158,4.274663,593,0.0,1,0,1,
30824411,EuroLeague,2026-09-07T12:25:38.060763Z,75,134.5,137.0,over,3.3239,3.6667,4.274663,593,0.0,0,0,,
30824412,EuroLeague,2026-09-07T12:27:10.516831Z,75,194.5,199.0,over,4.8859,4.5455,4.274663,593,0.0,0,1,,0
30824413,EuroLeague,2026-09-07T12:27:18.817738Z,75,200.5,199.0,under,5.0738,4.1818,4.274663,593,0.0,0,0,,
30824561,NBA,2026-09-07T12:38:10.390388Z,75,218.5,211.0,under,5.7,4.75,5.622795,907,38.7,0,0,,
30824564,NBA,2026-09-07T12:38:10.593941Z,75,210.5,214.0,over,5.4667,4.65,5.622795,907,221.4,0,0,,
30824565,NBA,2026-09-07T12:38:10.661596Z,75,267.5,281.0,over,7.2667,4.95,5.622795,907,213.2,0,0,,
30824566,NBA,2026-09-07T12:38:10.727675Z,75,212.5,217.0,over,5.5667,4.55,5.622795,907,117.3,0,0,,
30824567,NBA,2026-09-07T12:38:10.798607Z,75,237.5,237.0,under,6.1667,5.25,5.622795,907,109.0,0,0,,
30824568,NBA,2026-09-07T12:39:06.384661Z,75,217.5,229.0,over,5.8667,4.15,5.622795,907,0.0,0,0,,
30824569,NBA,2026-09-07T12:39:14.734925Z,75,197.5,187.0,under,5.2333,4.05,5.622795,907,0.0,0,0,,
30824570,NBA,2026-09-07T12:40:35.526154Z,75,246.5,239.0,under,6.6129,4.6111,5.622795,907,0.0,0,0,,
30824571,NBA,2026-09-07T12:40:43.831669Z,75,224.5,219.0,under,6.016,4.1714,5.622795,907,0.0,0,0,,
30824572,NBA,2026-09-07T12:42:09.310804Z,75,205.5,200.0,under,5.4154,3.9333,5.622795,907,0.0,0,0,,
30824591,TBSL,2026-09-07T12:42:17.575156Z,75,178.5,177.0,under,4.5101,3.8182,4.150313,799,0.0,0,0,,
30824675,CBA,2026-09-07T12:48:37.017787Z,75,180.5,181.0,over,4.7667,3.75,4.436458,384,187.1,0,0,,
30824677,CBA,2026-09-07T12:48:49.064710Z,75,143.5,140.0,under,3.5738,3.6316,4.434221,385,0.0,0,0,,
30824679,CBA,2026-09-07T12:49:03.066554Z,75,183.5,180.0,under,4.748,4.0541,4.434221,385,0.0,0,0,,
30824697,KBL,2026-09-07T12:53:02.525593Z,75,138.5,141.0,over,3.5447,3.1892,3.869489,440,0.0,0,0,,
30824698,KBL,2026-09-07T12:53:11.034741Z,75,144.5,144.0,under,3.6129,3.6111,3.869489,440,0.0,0,0,,
30824699,KBL,2026-09-07T12:54:33.136210Z,75,134.5,129.0,under,3.3178,3.5484,3.869489,440,0.0,0,0,,
30824700,KBL,2026-09-07T12:54:41.432715Z,75,180.5,184.0,over,4.7077,3.6667,3.869489,440,0.0,0,0,,
30824701,KBL,2026-09-07T12:56:05.318373Z,75,155.5,148.0,under,3.9111,3.76,3.869489,440,0.0,0,0,,
30824745,EuroLeague,2026-09-07T13:00:04.452898Z,75,181.5,175.0,under,4.6333,4.25,4.275208,601,222.5,0,0,,
30824746,EuroLeague,2026-09-07T13:00:04.540891Z,75,156.5,152.0,under,3.8667,4.05,4.275208,601,43.3,0,0,,
30824747,EuroLeague,2026-09-07T13:00:04.639069Z,75,165.5,164.0,under,4.3333,3.55,4.275208,601,36.1,0,0,,
30824748,EuroLeague,2026-09-07T13:00:56.255031Z,75,178.5,171.0,under,4.5484,4.1667,4.275208,601,0.0,0,0,,
30824749,EuroLeague,2026-09-07T13:01:04.625844Z,75,201.5,194.0,under,5.2903,4.1667,4.275208,601,0.0,0,0,,
30824750,EuroLeague,2026-09-07T13:02:26.314730Z,75,165.5,173.0,over,4.2462,3.6667,4.275208,601,0.0,0,0,,
30824752,EuroLeague,2026-09-07T13:02:40.418476Z,75,157.5,157.0,under,3.9077,4.0667,4.275208,601,0.0,0,0,,
30824927,NBA,2026-09-07T13:26:00.452754Z,75,231.5,232.0,over,6.2333,4.45,5.623259,919,0.0,0,0,,
30824928,NBA,2026-09-07T13:26:19.824894Z,75,248.5,255.0,over,6.7,4.75,5.623259,919,236.1,0,0,,
30824929,NBA,2026-09-07T13:26:19.951233Z,75,226.5,227.0,over,5.7333,5.45,5.623259,919,193.2,0,0,,
30825207,EuroLeague,2026-09-07T13:40:35.361186Z,75,181.5,186.0,over,4.6557,4.1579,4.274877,609,211.8,0,0,,
30825208,EuroLeague,2026-09-07T13:40:35.562272Z,75,163.5,175.0,over,4.1967,3.7368,4.274877,609,203.7,0,0,,
30825520,KBL,2026-09-07T14:12:53.364531Z,75,158.5,173.0,over,4.2975,2.9231,3.868444,450,267.9,0,0,,
30825521,KBL,2026-09-07T14:12:53.531997Z,75,144.5,151.0,over,3.8017,3.0256,3.868444,450,259.4,0,0,,
30825466,NBA,2026-09-07T14:13:53.153216Z,75,243.5,248.0,over,6.4333,5.05,5.623201,931,0.0,0,0,,
30825467,NBA,2026-09-07T14:14:01.616818Z,75,241.5,246.0,over,6.3,5.25,5.623201,931,0.0,0,0,,
30825463,NBA,2026-09-07T14:14:10.265023Z,75,201.5,210.0,over,5.2333,4.45,5.623201,931,19.8,0,0,,
30825464,NBA,2026-09-07T14:14:10.414195Z,75,223.5,222.0,under,6.0333,4.25,5.623201,931,117.8,0,0,,
30825465,NBA,2026-09-07T14:14:10.534579Z,75,222.5,222.0,under,5.8667,4.65,5.623201,931,108.7,0,0,,
30825565,EuroLeague,2026-09-07T14:20:10.801405Z,75,171.5,163.0,under,4.2667,4.35,4.277642,615,266.3,1,0,1,
30825566,EuroLeague,2026-09-07T14:20:10.925623Z,75,190.5,192.0,over,5.1,3.75,4.277642,615,88.9,0,0,,
30825567,EuroLeague,2026-09-07T14:20:11.029559Z,75,180.5,185.0,over,4.8667,3.45,4.277642,615,79.9,0,0,,
30825570,EuroLeague,2026-09-07T14:21:44.151683Z,75,143.5,138.0,under,3.5276,3.8182,4.277642,615,0.0,0,0,,
30825571,EuroLeague,2026-09-07T14:21:52.915382Z,75,163.5,156.0,under,4.0945,4.0606,4.277642,615,0.0,0,0,,
30825572,EuroLeague,2026-09-07T14:24:40.504360Z,75,163.5,162.0,under,4.1151,3.9048,4.277642,615,0.0,0,0,,
30825573,EuroLeague,2026-09-07T14:24:48.827840Z,75,204.5,213.0,over,5.1799,4.6667,4.277642,615,0.0,0,1,,0
30825574,EuroLeague,2026-09-07T14:26:06.278696Z,75,167.5,169.0,over,4.2222,3.875,4.277642,615,0.0,0,0,,
30825765,TBSL,2026-09-07T14:35:07.748503Z,75,186.5,187.0,over,4.9667,3.75,4.152965,818,0.0,0,0,,
30825766,TBSL,2026-09-07T14:35:16.373341Z,75,171.5,160.0,under,4.4959,3.641,4.152965,818,0.0,0,0,,
30825762,TBSL,2026-09-07T14:35:26.076545Z,75,169.5,165.0,under,4.5289,3.3333,4.152965,818,297.5,0,0,,
30825763,TBSL,2026-09-07T14:35:26.196803Z,75,147.5,145.0,under,3.7355,3.5385,4.152965,818,98.7,0,0,,
30825764,TBSL,2026-09-07T14:35:26.293967Z,75,158.5,157.0,under,3.9339,4.0513,4.152965,818,88.4,0,0,,
30825934,EuroLeague,2026-09-07T15:00:32.059328Z,75,161.5,170.0,over,4.3967,2.9231,4.27801,623,274.0,0,0,,
30825935,EuroLeague,2026-09-07T15:00:32.225855Z,75,167.5,167.0,under,4.3636,3.641,4.27801,623,265.8,0,0,,
30825936,EuroLeague,2026-09-07T15:00:32.364244Z,75,182.5,178.0,under,4.8595,3.641,4.27801,623,198.8,0,0,,
30825937,EuroLeague,2026-09-07T15:00:32.512950Z,75,193.5,197.0,over,4.9917,4.359,4.27801,623,190.4,0,0,,
30825889,NBA,2026-09-07T15:01:37.859076Z,75,235.5,234.0,under,6.1333,5.15,5.625583,943,0.0,0,0,,
30825891,NBA,2026-09-07T15:03:04.404225Z,75,266.5,256.0,under,7.2333,4.95,5.625583,943,0.0,0,0,,
30825987,TBSL,2026-09-07T15:15:58.555915Z,75,161.5,159.0,under,4.2276,3.4054,4.152576,825,107.1,0,0,,
30825992,TBSL,2026-09-07T15:15:59.117566Z,75,173.5,168.0,under,4.5203,3.7297,4.152576,825,175.4,0,0,,
30824193,CYBER,2026-09-07T15:23:14.222246Z,75,224.5,223.0,under,4.8889,4.0417,4.44376,203,270.2,0,0,,
30826396,NBA,2026-09-07T15:49:53.266148Z,75,214.5,218.0,over,5.6667,4.45,5.625654,955,0.0,0,0,,
30826397,NBA,2026-09-07T15:50:49.415109Z,75,250.5,249.0,under,6.7,4.95,5.625654,955,0.0,0,0,,
30826617,CBA,2026-09-07T16:08:52.522383Z,75,180.5,188.0,over,4.5289,4.4615,4.427525,406,60.1,0,0,,
30826618,CBA,2026-09-07T16:08:52.627310Z,75,185.5,188.0,over,4.7934,4.1538,4.427525,406,51.6,0,0,,
30826680,KBL,2026-09-07T16:12:55.552566Z,75,150.5,146.0,under,4.0,3.0256,3.874409,465,193.2,0,0,,
30826681,KBL,2026-09-07T16:12:55.674097Z,75,156.5,145.0,under,4.1653,3.1282,3.874409,465,185.0,0,0,,
30826682,KBL,2026-09-07T16:12:55.843802Z,75,158.5,155.0,under,4.0661,3.641,3.874409,465,93.5,0,0,,
30826683,KBL,2026-09-07T16:12:55.976662Z,75,142.5,150.0,over,3.6364,3.3333,3.874409,465,85.4,0,0,,
30826684,KBL,2026-09-07T16:13:02.023558Z,75,203.5,201.0,under,5.3008,4.3784,3.874409,465,0.0,0,1,,1
30826761,EuroLeague,2026-09-07T16:20:19.331059Z,75,159.5,167.0,over,4.1667,3.45,4.279656,639,247.7,0,0,,
30826763,EuroLeague,2026-09-07T16:20:26.147090Z,75,155.5,162.0,over,4.0667,3.35,4.279656,639,240.5,0,0,,
30826764,EuroLeague,2026-09-07T16:20:26.248094Z,75,162.5,173.0,over,4.4667,2.85,4.279656,639,148.8,0,0,,
30826765,EuroLeague,2026-09-07T16:20:26.331699Z,75,193.5,188.0,under,5.0667,4.15,4.279656,639,140.5,0,0,,
30826766,EuroLeague,2026-09-07T16:21:20.809963Z,75,201.5,195.0,under,5.216,4.4,4.279656,639,0.0,0,0,,
30826767,EuroLeague,2026-09-07T16:21:29.533422Z,75,176.5,180.0,over,4.4762,4.1765,4.279656,639,0.0,0,0,,
30826904,NBA,2026-09-07T16:37:32.914569Z,75,208.5,205.0,under,5.2667,5.05,5.623423,967,0.0,0,0,,
30826909,NBA,2026-09-07T16:38:04.922985Z,75,226.5,217.0,under,5.9667,4.75,5.623423,967,0.0,0,0,,
30826910,NBA,2026-09-07T16:38:13.487888Z,75,220.5,234.0,over,5.7,4.95,5.623423,967,0.0,0,0,,
30826907,NBA,2026-09-07T16:38:22.696109Z,75,206.5,211.0,over,5.4,4.45,5.623423,967,232.7,0,0,,
30826908,NBA,2026-09-07T16:38:22.813171Z,75,192.5,194.0,over,4.8,4.85,5.623423,967,224.1,0,0,,
30826911,NBA,2026-09-07T16:41:36.625691Z,75,215.5,211.0,under,5.7188,4.0625,5.623423,967,0.0,0,0,,
30826912,NBA,2026-09-07T16:41:45.127051Z,75,219.5,219.0,under,5.7674,4.3226,5.623423,967,0.0,0,0,,
30826913,NBA,2026-09-07T16:45:06.580895Z,75,218.5,210.0,under,5.662,3.8889,5.623423,967,0.0,0,0,,
30826914,NBA,2026-09-07T16:45:15.178622Z,75,244.5,238.0,under,6.3217,4.3529,5.623423,967,0.0,0,0,,
30827164,CBA,2026-09-07T16:50:24.862290Z,75,174.5,173.0,under,4.4688,3.9375,4.428598,410,0.0,0,0,,
30827166,CBA,2026-09-07T16:55:11.454310Z,75,193.5,190.0,under,4.8707,4.4615,4.428598,410,0.0,0,0,,
30827167,CBA,2026-09-07T16:55:19.717089Z,75,210.5,210.0,under,5.3514,4.1667,4.428598,410,0.0,0,0,,
30827261,KBL,2026-09-07T16:58:34.097160Z,75,155.5,156.0,over,3.9172,3.6,3.875585,470,0.0,0,0,,
30827386,EuroLeague,2026-09-07T17:02:10.329710Z,75,178.5,177.0,under,4.5581,4.0645,4.281966,646,0.0,0,0,,
30827387,EuroLeague,2026-09-07T17:02:18.558850Z,75,183.5,173.0,under,4.7442,3.9355,4.281966,646,0.0,0,0,,
30827388,EuroLeague,2026-09-07T17:05:47.049582Z,75,153.5,155.0,over,3.8322,3.8824,4.281966,646,0.0,0,0,,
30827389,EuroLeague,2026-09-07T17:05:55.050495Z,75,161.5,164.0,over,4.0833,3.625,4.281966,646,0.0,0,0,,
30827392,EuroLeague,2026-09-07T17:07:29.183306Z,75,140.5,140.0,under,3.52,3.4,4.281966,646,0.0,0,0,,
30827519,TBSL,2026-09-07T17:15:02.239502Z,75,141.5,157.0,over,3.5667,3.45,4.154911,845,274.6,0,0,,
30827520,TBSL,2026-09-07T17:15:02.338493Z,75,164.5,161.0,under,4.2333,3.75,4.154911,845,266.4,0,0,,
30827521,TBSL,2026-09-07T17:15:02.473268Z,75,179.5,182.0,over,4.5,4.45,4.154911,845,45.2,0,1,,0
30827522,TBSL,2026-09-07T17:15:02.574603Z,75,186.5,183.0,under,4.8,4.25,4.154911,845,36.5,0,0,,
30827523,TBSL,2026-09-07T17:15:55.842255Z,75,151.5,149.0,under,3.8374,3.6216,4.154911,845,0.0,0,0,,
30827524,TBSL,2026-09-07T17:16:04.255879Z,75,173.5,170.0,under,4.3548,4.2778,4.154911,845,0.0,0,0,,
30827525,TBSL,2026-09-07T17:17:33.809027Z,75,184.5,182.0,under,4.6769,4.3333,4.154911,845,0.0,0,1,,1
30827526,TBSL,2026-09-07T17:17:42.397473Z,75,187.5,192.0,over,4.8308,4.0667,4.154911,845,0.0,0,0,,
30827555,NBA,2026-09-07T17:26:01.924155Z,75,225.5,218.0,under,5.9667,4.65,5.620429,979,0.0,0,0,,
30827558,NBA,2026-09-07T17:26:38.562724Z,75,236.5,239.0,over,6.0667,5.45,5.620429,979,255.5,0,0,,
30827559,NBA,2026-09-07T17:26:38.672656Z,75,201.5,193.0,under,5.2333,4.45,5.620429,979,247.3,0,0,,
30827560,NBA,2026-09-07T17:26:38.754840Z,75,229.5,218.0,under,6.3667,3.85,5.620429,979,141.5,0,0,,
30827561,NBA,2026-09-07T17:26:38.835788Z,75,234.5,236.0,over,6.3333,4.45,5.620429,979,133.3,0,0,,
30827562,NBA,2026-09-07T17:27:55.238643Z,75,216.5,208.0,under,5.9835,3.641,5.620429,979,0.0,0,0,,
30827563,NBA,2026-09-07T17:28:03.533542Z,75,210.5,217.0,over,5.6721,3.9474,5.620429,979,0.0,0,0,,
30827564,NBA,2026-09-07T17:29:28.895959Z,75,240.5,235.0,under,6.4062,4.4375,5.620429,979,0.0,0,0,,
30827565,NBA,2026-09-07T17:29:37.193523Z,75,225.5,228.0,over,6.0938,3.8125,5.620429,979,0.0,0,0,,
30827566,NBA,2026-09-07T17:31:09.588527Z,75,242.5,230.0,under,6.3284,4.6923,5.620429,979,0.0,0,0,,
30827620,CBA,2026-09-07T17:31:26.315066Z,75,197.5,197.0,under,5.1818,3.7857,4.431114,413,0.0,0,0,,
30827621,CBA,2026-09-07T17:32:56.617219Z,75,175.5,172.0,under,4.4348,4.0909,4.431114,413,0.0,0,0,,
30827622,CBA,2026-09-07T17:33:04.959812Z,75,158.5,163.0,over,4.0,3.7143,4.431114,413,0.0,0,0,,
30827624,CBA,2026-09-07T17:34:37.118550Z,75,190.5,188.0,under,4.8,4.4,4.431114,413,0.0,0,0,,
30827652,KBL,2026-09-07T17:34:45.328685Z,75,150.5,157.0,over,3.8769,3.2667,3.876526,475,0.0,0,0,,
30827653,KBL,2026-09-07T17:36:09.111667Z,75,153.5,157.0,over,4.0296,2.8,3.876526,475,0.0,0,0,,
30827654,KBL,2026-09-07T17:36:17.485786Z,75,133.5,134.0,over,3.3529,3.25,3.876526,475,0.0,0,0,,
30827655,KBL,2026-09-07T17:37:41.024665Z,75,157.5,157.0,under,3.9155,4.1111,3.876526,475,0.0,0,1,,1
30827656,KBL,2026-09-07T17:37:49.377590Z,75,149.5,147.0,under,3.831,3.0,3.876526,475,0.0,0,0,,
30827929,EuroLeague,2026-09-07T17:42:50.226706Z,75,169.5,172.0,over,4.3969,3.5172,4.280466,654,0.0,0,0,,
30827930,EuroLeague,2026-09-07T17:46:42.850571Z,75,194.5,201.0,over,4.9252,4.1538,4.280466,654,0.0,0,0,,
30827933,EuroLeague,2026-09-07T17:47:05.213082Z,75,183.5,182.0,under,4.5676,4.8333,4.280466,654,0.0,0,1,,1
30828027,TBSL,2026-09-07T17:55:07.112718Z,75,171.5,180.0,over,4.4667,3.75,4.156272,853,0.0,0,0,,
30828028,TBSL,2026-09-07T17:55:15.644193Z,75,197.5,195.0,under,5.0909,4.4615,4.156272,853,0.0,0,1,,1
30828025,TBSL,2026-09-07T17:55:25.410156Z,75,169.5,182.0,over,4.6281,3.0256,4.156272,853,285.7,0,0,,
30828026,TBSL,2026-09-07T17:55:25.513895Z,75,168.5,176.0,over,4.4298,3.5385,4.156272,853,277.6,0,0,,
30828029,TBSL,2026-09-07T17:58:34.416472Z,75,157.5,149.0,under,3.9701,3.7692,4.156272,853,0.0,0,0,,
30828030,TBSL,2026-09-07T17:58:41.972237Z,75,167.5,164.0,under,4.237,3.92,4.156272,853,0.0,0,0,,
30828031,TBSL,2026-09-07T18:01:57.728154Z,75,168.5,166.0,under,4.2162,4.1667,4.156272,853,0.0,0,0,,
30828032,TBSL,2026-09-07T18:02:06.047829Z,75,188.5,185.0,under,4.7838,3.8333,4.156272,853,0.0,0,0,,
30824277,CYBER,2026-09-07T18:11:01.037617Z,75,195.5,187.0,under,4.0,4.2917,4.447568,209,80.7,0,0,,
30828107,NBA,2026-09-07T18:13:51.706789Z,75,232.5,236.0,over,5.9667,5.35,5.619501,991,3.8,0,0,,
30828110,NBA,2026-09-07T18:13:52.132117Z,75,242.5,240.0,under,6.4667,4.85,5.619501,991,251.4,0,0,,
30828111,NBA,2026-09-07T18:13:52.221688Z,75,225.5,224.0,under,6.0667,4.35,5.619501,991,243.0,0,0,,
30828112,NBA,2026-09-07T18:13:52.321617Z,75,251.5,248.0,under,6.5667,5.45,5.619501,991,47.3,0,0,,
30828113,NBA,2026-09-07T18:13:52.431691Z,75,221.5,237.0,over,5.9667,4.25,5.619501,991,38.9,0,0,,
30828114,NBA,2026-09-07T18:16:27.995162Z,75,251.5,244.0,under,6.871,4.2778,5.619501,991,0.0,0,0,,
30828115,NBA,2026-09-07T18:16:36.482659Z,75,263.5,265.0,over,7.129,4.7222,5.619501,991,0.0,0,0,,
30828116,NBA,2026-09-07T18:21:12.764882Z,75,245.5,240.0,under,6.3497,4.3529,5.619501,991,0.0,0,0,,
30828117,NBA,2026-09-07T18:21:21.275117Z,75,262.5,261.0,under,6.8252,4.3529,5.619501,991,0.0,0,0,,
30828199,EuroLeague,2026-09-07T18:25:24.050016Z,75,152.5,149.0,under,3.8582,3.4737,4.282515,662,0.0,0,0,,
30828200,EuroLeague,2026-09-07T18:25:32.212358Z,75,212.5,208.0,under,5.4366,4.3333,4.282515,662,0.0,0,0,,
30828330,TBSL,2026-09-07T18:35:07.403362Z,75,183.5,179.0,under,4.7667,4.05,4.158217,861,264.0,0,0,,
30828331,TBSL,2026-09-07T18:35:07.502546Z,75,167.5,170.0,over,4.4667,3.35,4.158217,861,256.1,0,0,,
30828332,TBSL,2026-09-07T18:35:07.597640Z,75,148.5,148.0,under,3.6667,3.85,4.158217,861,41.6,0,0,,
30828333,TBSL,2026-09-07T18:35:07.704482Z,75,180.5,196.0,over,4.7667,3.75,4.158217,861,33.6,0,0,,
30828334,TBSL,2026-09-07T18:36:00.139083Z,75,160.5,164.0,over,4.0323,3.9444,4.158217,861,0.0,0,0,,
30828335,TBSL,2026-09-07T18:36:08.507198Z,75,141.5,138.0,under,3.5484,3.5,4.158217,861,0.0,0,0,,
30828336,TBSL,2026-09-07T18:37:37.724564Z,75,196.5,199.0,over,5.1385,3.9333,4.158217,861,0.0,0,0,,
30828529,EuroLeague,2026-09-07T19:00:21.027773Z,75,122.5,116.0,under,2.876,3.641,4.281978,670,259.0,0,0,,
30828530,EuroLeague,2026-09-07T19:00:21.152893Z,75,144.5,141.0,under,3.5372,3.8462,4.281978,670,250.9,0,0,,
30828532,EuroLeague,2026-09-07T19:00:28.032084Z,75,157.5,158.0,over,4.0992,3.4359,4.281978,670,167.4,0,0,,
30828534,EuroLeague,2026-09-07T19:00:34.882100Z,75,192.5,192.0,under,5.157,3.7436,4.281978,670,160.2,0,0,,
30828535,EuroLeague,2026-09-07T19:00:46.817428Z,75,174.5,181.0,over,4.5528,3.7297,4.281978,670,0.0,0,0,,
30828536,EuroLeague,2026-09-07T19:00:55.229710Z,75,167.5,158.0,under,4.4553,3.2973,4.281978,670,0.0,0,0,,
30828494,NBA,2026-09-07T19:01:54.264552Z,75,249.5,234.0,under,6.5,5.45,5.622183,1003,2.9,0,0,,
30828618,TBSL,2026-09-07T19:16:08.172554Z,75,151.5,158.0,over,3.7419,3.9444,4.159073,868,55.6,0,0,,
30828623,TBSL,2026-09-07T19:16:08.701823Z,75,171.5,166.0,under,4.3548,4.0556,4.159073,868,206.8,0,0,,
30828624,TBSL,2026-09-07T19:16:08.795385Z,75,166.5,178.0,over,4.3871,3.3889,4.159073,868,198.5,0,0,,
30828835,NBA,2026-09-07T19:49:45.662407Z,75,185.5,179.0,under,4.7,4.45,5.623645,1015,15.6,0,0,,
30828844,NBA,2026-09-07T19:49:47.173700Z,75,228.5,251.0,over,6.3,3.95,5.623645,1015,268.9,0,0,,
30828845,NBA,2026-09-07T19:49:50.728947Z,75,242.5,236.0,under,6.1667,5.75,5.623645,1015,264.1,0,0,,
30828846,NBA,2026-09-07T19:49:50.896547Z,75,225.5,225.0,under,5.9333,4.75,5.623645,1015,201.8,0,0,,
30828894,TBSL,2026-09-07T19:55:01.886764Z,75,144.5,158.0,over,3.9667,2.55,4.15996,876,294.8,0,0,,
30828895,TBSL,2026-09-07T19:55:01.999517Z,75,146.5,139.0,under,3.7667,3.35,4.15996,876,286.8,0,0,,
30829173,TBSL,2026-09-07T20:36:21.116831Z,75,155.5,145.0,under,3.904,3.8286,4.160289,882,194.9,0,0,,
30829174,TBSL,2026-09-07T20:36:21.277391Z,75,165.5,172.0,over,4.416,3.1429,4.160289,882,186.6,0,0,,
30829175,TBSL,2026-09-07T20:36:21.426212Z,75,157.5,175.0,over,4.192,3.0286,4.160289,882,89.2,0,0,,
30829125,NBA,2026-09-07T20:37:38.534662Z,75,209.5,195.0,under,5.3333,4.95,5.624391,1027,0.0,0,0,,
30829127,NBA,2026-09-07T20:37:46.601908Z,75,237.5,251.0,over,6.1667,5.25,5.624391,1027,0.0,0,0,,
30829128,NBA,2026-09-07T20:37:55.076643Z,75,239.5,232.0,under,6.4333,4.65,5.624391,1027,0.0,0,0,,
30829126,NBA,2026-09-07T20:38:03.712091Z,75,250.5,252.0,over,6.5,5.55,5.624391,1027,117.8,0,0,,
30829225,CBA,2026-09-07T20:48:48.617191Z,75,183.5,188.0,over,4.9,3.65,4.433487,433,197.3,0,0,,
30829248,KBL,2026-09-07T20:52:52.088648Z,75,159.5,155.0,under,3.9669,4.0513,3.88215,500,180.7,0,1,,1
30829249,KBL,2026-09-07T20:52:52.294387Z,75,170.5,170.0,under,4.3967,3.8462,3.88215,500,173.3,0,0,,
30829250,KBL,2026-09-07T20:54:22.191873Z,75,152.5,142.0,under,3.8438,3.6875,3.88215,500,0.0,0,0,,
30829252,KBL,2026-09-07T20:54:39.146500Z,75,181.5,186.0,over,4.8062,3.4194,3.88215,500,0.0,0,0,,
30829289,EuroLeague,2026-09-07T21:00:37.756653Z,75,210.5,205.0,under,5.5082,4.4737,4.279052,691,262.8,0,1,,1
30829290,EuroLeague,2026-09-07T21:00:37.846779Z,75,129.5,129.0,under,3.082,3.7368,4.279052,691,254.6,0,0,,
30829292,EuroLeague,2026-09-07T21:00:44.832186Z,75,217.5,223.0,over,5.7377,4.4737,4.279052,691,159.8,0,1,,0
30829294,EuroLeague,2026-09-07T21:00:51.664967Z,75,170.5,169.0,under,4.623,3.1053,4.279052,691,152.8,0,0,,
30829295,EuroLeague,2026-09-07T21:01:36.904328Z,75,163.5,156.0,under,4.1905,3.7059,4.279052,691,0.0,0,0,,
30829296,EuroLeague,2026-09-07T21:01:45.173815Z,75,139.5,146.0,over,3.4331,3.697,4.279052,691,0.0,0,0,,
30829297,EuroLeague,2026-09-07T21:05:17.256822Z,75,173.5,176.0,over,4.3688,4.1053,4.279052,691,0.0,0,0,,
30829370,TBSL,2026-09-07T21:15:17.380737Z,75,160.5,159.0,under,4.2,3.45,4.159196,889,297.6,0,0,,
30829371,TBSL,2026-09-07T21:15:17.552970Z,75,138.5,141.0,over,3.4333,3.55,4.159196,889,83.4,0,0,,
30829372,TBSL,2026-09-07T21:15:17.753061Z,75,174.5,172.0,under,4.5333,3.85,4.159196,889,75.3,0,0,,
30829385,NBA,2026-09-07T21:25:38.647924Z,75,231.5,214.0,under,5.9333,5.35,5.625866,1039,0.0,0,0,,
30829393,NBA,2026-09-07T21:26:37.789566Z,75,227.5,223.0,under,5.9,5.05,5.625866,1039,208.5,0,0,,
30829394,NBA,2026-09-07T21:26:37.917571Z,75,219.5,220.0,over,5.9,4.25,5.625866,1039,200.1,0,0,,
30829395,NBA,2026-09-07T21:26:38.059465Z,75,215.5,217.0,over,5.7667,4.25,5.625866,1039,98.0,0,0,,
30829438,CBA,2026-09-07T21:28:43.475915Z,75,171.5,183.0,over,4.6667,3.15,4.436442,437,206.1,0,0,,
30829439,CBA,2026-09-07T21:29:00.907827Z,75,161.5,163.0,over,4.0656,3.9474,4.436442,437,0.0,0,0,,
30829440,CBA,2026-09-07T21:29:09.468793Z,75,201.5,204.0,over,5.3984,3.8378,4.436442,437,0.0,0,0,,
30829442,CBA,2026-09-07T21:30:55.775905Z,75,190.5,185.0,under,4.9231,4.0667,4.436442,437,0.0,0,0,,
30830191,KBL,2026-09-07T21:32:42.606071Z,75,139.5,141.0,over,3.4667,3.55,3.882871,505,98.3,0,0,,
30830192,KBL,2026-09-07T21:34:07.528253Z,75,155.5,157.0,over,3.937,3.697,3.882871,505,0.0,0,0,,
30830193,KBL,2026-09-07T21:34:16.077799Z,75,170.5,167.0,under,4.3125,4.0625,3.882871,505,0.0,0,1,,1
30830194,KBL,2026-09-07T21:35:50.848091Z,75,179.5,182.0,over,4.6866,3.4615,3.882871,505,0.0,0,0,,
30830195,KBL,2026-09-07T21:35:59.313900Z,75,174.5,176.0,over,4.563,3.28,3.882871,505,0.0,0,0,,
30830550,EuroLeague,2026-09-07T21:42:30.294683Z,75,128.5,133.0,over,3.1385,3.5333,4.279262,698,0.0,0,0,,
30830551,EuroLeague,2026-09-07T21:42:38.756457Z,75,176.5,183.0,over,4.5846,3.6667,4.279262,698,0.0,0,0,,
30830552,EuroLeague,2026-09-07T21:45:36.402162Z,75,173.5,173.0,under,4.338,4.3333,4.279262,698,0.0,0,0,,
30830553,EuroLeague,2026-09-07T21:45:44.667993Z,75,181.5,182.0,over,4.6154,3.8824,4.279262,698,0.0,0,0,,
30830554,EuroLeague,2026-09-07T21:46:55.555171Z,75,184.5,180.0,under,4.6216,4.5,4.279262,698,0.0,0,1,,1
30830556,EuroLeague,2026-09-07T21:47:09.813328Z,75,188.5,183.0,under,4.7297,4.5,4.279262,698,0.0,0,1,,1
30830682,TBSL,2026-09-07T21:55:39.557614Z,75,183.5,189.0,over,4.7869,3.9474,4.158743,895,125.5,0,0,,
30830683,TBSL,2026-09-07T21:55:39.725062Z,75,150.5,153.0,over,3.8689,3.4211,4.158743,895,117.1,0,0,,
30830777,CBA,2026-09-07T22:08:59.479568Z,75,199.5,200.0,over,5.157,4.4615,4.437868,441,288.8,0,0,,
30830778,CBA,2026-09-07T22:08:59.614853Z,75,175.5,179.0,over,4.5289,3.9487,4.437868,441,212.4,0,0,,
30830779,CBA,2026-09-07T22:08:59.776664Z,75,159.5,160.0,over,4.2314,3.2308,4.437868,441,203.9,0,0,,
30830780,CBA,2026-09-07T22:09:38.207011Z,75,186.5,183.0,under,4.896,3.8286,4.437868,441,0.0,0,0,,
30830781,CBA,2026-09-07T22:09:48.030319Z,75,193.5,196.0,over,5.0159,4.1765,4.437868,441,0.0,0,0,,
30830791,KBL,2026-09-07T22:12:34.519706Z,75,153.5,154.0,over,4.0667,3.15,3.885147,510,73.7,0,0,,
30830792,KBL,2026-09-07T22:12:34.682170Z,75,134.5,132.0,under,3.3333,3.45,3.885147,510,65.8,0,0,,
30830793,KBL,2026-09-07T22:12:39.789880Z,75,166.5,161.0,under,4.3934,3.4211,3.885147,510,0.0,0,0,,
30830794,KBL,2026-09-07T22:12:48.285267Z,75,139.5,131.0,under,3.541,3.3158,3.885147,510,0.0,0,0,,
30830752,NBA,2026-09-07T22:13:31.684369Z,75,216.5,214.0,under,5.6667,4.65,5.627069,1051,5.1,0,0,,
30830795,KBL,2026-09-07T22:13:55.693253Z,75,154.5,150.0,under,3.9685,3.4545,3.885147,510,0.0,0,0,,
30830850,EuroLeague,2026-09-07T22:20:38.106461Z,75,164.5,163.0,under,4.3279,3.4211,4.278156,705,232.1,0,0,,
30830851,EuroLeague,2026-09-07T22:20:38.222226Z,75,170.5,169.0,under,4.2951,4.1579,4.278156,705,223.7,0,0,,
30830853,EuroLeague,2026-09-07T22:20:45.273675Z,75,199.5,202.0,over,5.1803,4.3684,4.278156,705,157.2,0,0,,
30830854,EuroLeague,2026-09-07T22:20:45.436397Z,75,182.5,192.0,over,4.8525,3.6316,4.278156,705,149.1,0,0,,
30830856,EuroLeague,2026-09-07T22:21:40.421090Z,75,151.5,147.0,under,3.7795,3.8182,4.278156,705,0.0,0,0,,
30830901,TBSL,2026-09-07T22:35:13.739399Z,75,172.5,175.0,over,4.5289,3.641,4.158019,901,0.0,0,0,,
30830902,TBSL,2026-09-07T22:35:22.184302Z,75,162.5,159.0,under,4.1322,3.8462,4.158019,901,0.0,0,0,,
30830899,TBSL,2026-09-07T22:35:32.027356Z,75,161.5,169.0,over,4.3279,3.1053,4.158019,901,123.4,0,0,,
30830900,TBSL,2026-09-07T22:35:32.157600Z,75,140.5,138.0,under,3.5738,3.3158,4.158019,901,115.0,0,0,,
30830903,TBSL,2026-09-07T22:36:59.589878Z,75,204.5,201.0,under,5.4375,3.8125,4.158019,901,0.0,0,0,,
30831025,EuroLeague,2026-09-07T23:00:27.847495Z,75,165.5,172.0,over,4.3306,3.5385,4.279558,713,145.9,0,0,,
30831026,EuroLeague,2026-09-07T23:00:28.001351Z,75,170.5,171.0,over,4.3279,4.0526,4.279558,713,137.7,0,0,,
30830997,NBA,2026-09-07T23:01:30.088138Z,75,231.5,226.0,under,6.0,5.15,5.624389,1063,0.0,0,0,,
30831027,EuroLeague,2026-09-07T23:01:38.669657Z,75,168.5,166.0,under,4.1587,4.4118,4.279558,713,0.0,1,0,1,
30831028,EuroLeague,2026-09-07T23:01:47.058685Z,75,153.5,148.0,under,3.8425,3.8182,4.279558,713,0.0,0,0,,
30831029,EuroLeague,2026-09-07T23:05:41.525484Z,75,173.5,168.0,under,4.3357,4.3529,4.279558,713,0.0,0,0,,
30831031,EuroLeague,2026-09-07T23:05:55.656191Z,75,191.5,187.0,under,4.8611,4.125,4.279558,713,0.0,0,0,,
30831110,TBSL,2026-09-07T23:14:57.620448Z,75,185.5,194.0,over,4.8667,3.95,4.15859,908,0.3,0,0,,
30831111,TBSL,2026-09-07T23:14:57.886996Z,75,181.5,179.0,under,4.8,3.75,4.15859,908,98.9,0,0,,
30831112,TBSL,2026-09-07T23:14:58.014934Z,75,183.5,187.0,over,4.8,3.95,4.15859,908,34.8,0,0,,
30831113,TBSL,2026-09-07T23:14:58.113943Z,75,176.5,170.0,under,4.7,3.55,4.15859,908,28.1,0,0,,
30831114,TBSL,2026-09-07T23:15:33.587255Z,75,172.5,173.0,over,4.4918,3.7368,4.15859,908,0.0,0,0,,
30831115,TBSL,2026-09-07T23:15:41.920621Z,75,161.5,160.0,under,4.1311,3.7368,4.15859,908,0.0,0,0,,
30831116,TBSL,2026-09-07T23:16:43.563588Z,75,176.5,170.0,under,4.5039,4.0606,4.15859,908,0.0,0,0,,
30831144,CBA,2026-09-07T23:28:25.574274Z,75,165.5,172.0,over,4.2,3.95,4.439389,450,0.0,0,0,,
30831145,CBA,2026-09-07T23:28:33.830318Z,75,167.5,171.0,over,4.1322,4.359,4.439389,450,0.0,0,0,,
30831178,KBL,2026-09-07T23:32:41.231537Z,75,124.5,116.0,under,3.0667,3.25,3.882596,520,174.6,0,0,,
30831179,KBL,2026-09-07T23:32:41.346695Z,75,151.5,148.0,under,3.9667,3.25,3.882596,520,116.2,0,0,,
30831180,KBL,2026-09-07T23:32:41.479924Z,75,162.5,158.0,under,4.3636,3.1282,3.882596,520,107.9,0,0,,
30831181,KBL,2026-09-07T23:32:41.611140Z,75,192.5,199.0,over,5.1901,3.641,3.882596,520,49.5,0,0,,
30831182,KBL,2026-09-07T23:32:41.756381Z,75,138.5,142.0,over,3.6333,2.95,3.882596,520,41.2,0,0,,
30831246,EuroLeague,2026-09-07T23:40:02.646495Z,75,192.5,199.0,over,5.1667,3.75,4.281103,721,0.0,0,0,,
30831237,EuroLeague,2026-09-07T23:40:11.531818Z,75,181.5,183.0,over,4.6333,4.25,4.281103,721,14.9,0,0,,
30831242,EuroLeague,2026-09-07T23:40:12.381323Z,75,164.5,169.0,over,4.4628,3.0256,4.281103,721,279.0,0,0,,
30831243,EuroLeague,2026-09-07T23:40:12.506227Z,75,176.5,183.0,over,4.7,3.55,4.281103,721,270.6,0,0,,
30831244,EuroLeague,2026-09-07T23:40:12.659051Z,75,203.5,208.0,over,5.3667,4.25,4.281103,721,204.5,0,0,,
30831245,EuroLeague,2026-09-07T23:40:12.790337Z,75,196.5,195.0,under,5.2231,3.9487,4.281103,721,195.4,0,0,,
30831388,NBA,2026-09-08T00:37:51.199885Z,75,242.5,234.0,under,6.3667,5.15,5.624744,1075,9.3,0,0,,
30831394,NBA,2026-09-08T00:37:51.953158Z,75,241.5,242.0,over,6.2667,5.35,5.624744,1075,48.3,0,0,,
30831395,NBA,2026-09-08T00:37:52.122649Z,75,190.5,181.0,under,4.9,4.35,5.624744,1075,40.1,0,0,,
30831497,KBL,2026-09-08T00:52:59.944237Z,75,149.5,151.0,over,3.7355,3.7436,3.881952,525,190.3,0,0,,
30831498,KBL,2026-09-08T00:53:00.027889Z,75,146.5,153.0,over,3.8678,3.0256,3.881952,525,182.2,0,0,,
30831499,KBL,2026-09-08T00:54:30.678914Z,75,154.5,157.0,over,3.845,3.9355,3.881952,525,0.0,1,0,0,
30831500,KBL,2026-09-08T00:54:39.130874Z,75,141.5,139.0,under,3.6899,2.9032,3.881952,525,0.0,0,0,,
30831501,KBL,2026-09-08T00:57:51.199920Z,75,147.5,150.0,over,3.6901,3.6667,3.881952,525,0.0,0,0,,
30831520,EuroLeague,2026-09-08T01:00:26.044415Z,75,143.5,142.0,under,3.6364,3.4359,4.283892,731,126.8,0,0,,
30831521,EuroLeague,2026-09-08T01:01:23.170110Z,75,170.5,174.0,over,4.224,4.4,4.283892,731,0.0,1,0,0,
30831522,EuroLeague,2026-09-08T01:01:31.428490Z,75,190.5,197.0,over,4.8889,4.2941,4.283892,731,0.0,0,0,,
30831523,EuroLeague,2026-09-08T01:04:42.560001Z,75,179.5,184.0,over,4.6043,3.7143,4.283892,731,0.0,0,0,,
30831524,EuroLeague,2026-09-08T01:04:50.748408Z,75,194.5,189.0,under,4.8633,4.8571,4.283892,731,0.0,0,1,,1
30831525,EuroLeague,2026-09-08T01:06:17.568712Z,75,157.5,157.0,under,3.9448,3.8667,4.283892,731,0.0,0,0,,
30831528,EuroLeague,2026-09-08T01:06:36.996608Z,75,177.5,179.0,over,4.5205,3.5714,4.283892,731,0.0,0,0,,
30831578,TBSL,2026-09-08T01:15:01.638302Z,75,164.5,170.0,over,4.3667,3.35,4.163299,923,110.5,0,0,,
30831579,TBSL,2026-09-08T01:15:01.744564Z,75,173.5,169.0,under,4.6,3.55,4.163299,923,103.5,0,0,,
30831580,TBSL,2026-09-08T01:15:01.842328Z,75,189.5,189.0,under,5.0333,3.85,4.163299,923,17.9,0,0,,
30831581,TBSL,2026-09-08T01:15:01.990101Z,75,169.5,172.0,over,4.4,3.75,4.163299,923,9.8,0,0,,
30831582,TBSL,2026-09-08T01:16:17.495467Z,75,164.5,166.0,over,4.192,3.8286,4.163299,923,0.0,0,0,,
30831583,NBA,2026-09-08T01:26:30.270564Z,75,238.5,238.0,under,6.4667,4.45,5.624241,1087,13.5,0,0,,
30831590,NBA,2026-09-08T01:26:31.021163Z,75,247.5,250.0,over,7.0,3.75,5.624241,1087,242.8,0,0,,
30831591,NBA,2026-09-08T01:26:31.117473Z,75,202.5,206.0,over,5.3667,4.15,5.624241,1087,234.6,0,0,,
30831592,NBA,2026-09-08T01:26:31.205919Z,75,236.5,243.0,over,6.5333,4.05,5.624241,1087,148.8,0,0,,
30831593,NBA,2026-09-08T01:26:31.300597Z,75,231.5,226.0,under,6.3,4.25,5.624241,1087,140.6,0,0,,
30831594,NBA,2026-09-08T01:27:26.345908Z,75,239.5,238.0,under,6.5,4.45,5.624241,1087,0.0,0,0,,
30831647,CBA,2026-09-08T01:28:46.743090Z,75,194.5,184.0,under,4.8595,4.8718,4.437939,456,72.1,0,1,,1
30831649,CBA,2026-09-08T01:29:03.010152Z,75,178.5,177.0,under,4.6504,3.8378,4.437939,456,0.0,0,0,,
30831650,CBA,2026-09-08T01:29:11.206395Z,75,192.5,191.0,under,5.0081,4.1622,4.437939,456,0.0,0,0,,
30831651,CBA,2026-09-08T01:30:34.090766Z,75,153.5,153.0,under,3.876,3.6774,4.437939,456,0.0,0,0,,
30831770,KBL,2026-09-08T01:32:16.613399Z,75,146.5,146.0,under,3.8667,3.05,3.880708,530,0.0,0,0,,
30831768,KBL,2026-09-08T01:32:50.265013Z,75,128.5,125.0,under,3.3667,2.75,3.880708,530,127.9,0,0,,
30831769,KBL,2026-09-08T01:32:50.361482Z,75,166.5,174.0,over,4.3333,3.65,3.880708,530,39.9,0,0,,
30831771,KBL,2026-09-08T01:33:41.918950Z,75,157.5,152.0,under,3.9683,3.8235,3.880708,530,0.0,0,0,,
30831772,KBL,2026-09-08T01:33:49.448074Z,75,187.5,188.0,over,4.8889,3.9412,3.880708,530,0.0,0,0,,
30831997,EuroLeague,2026-09-08T01:40:26.706641Z,75,188.5,185.0,under,4.8926,4.1538,4.284168,739,234.7,0,0,,
30831998,EuroLeague,2026-09-08T01:40:26.800107Z,75,155.5,162.0,over,3.9339,3.7436,4.284168,739,229.0,0,0,,
30832000,EuroLeague,2026-09-08T01:42:15.324199Z,75,154.5,149.0,under,3.969,3.4194,4.284168,739,0.0,0,0,,
30832001,EuroLeague,2026-09-08T01:42:23.719177Z,75,148.5,135.0,under,3.7519,3.5484,4.284168,739,0.0,0,0,,
30832002,EuroLeague,2026-09-08T01:45:25.771635Z,75,151.5,151.0,under,3.831,3.4444,4.284168,739,0.0,0,0,,
30832003,EuroLeague,2026-09-08T01:45:33.988097Z,75,201.5,199.0,under,5.0423,5.0,4.284168,739,0.0,0,1,,1
30832004,EuroLeague,2026-09-08T01:46:57.503207Z,75,177.5,183.0,over,4.4595,4.1667,4.284168,739,0.0,0,0,,
30832422,TBSL,2026-09-08T01:55:02.415185Z,75,161.5,163.0,over,4.2333,3.45,4.162581,930,110.2,0,0,,
30832423,TBSL,2026-09-08T01:55:02.514822Z,75,162.5,164.0,over,4.2333,3.55,4.162581,930,101.9,0,0,,
30832424,TBSL,2026-09-08T01:55:02.609877Z,75,154.5,169.0,over,3.9667,3.55,4.162581,930,18.1,0,0,,
30832476,CBA,2026-09-08T02:08:46.160365Z,75,209.5,205.0,under,5.2667,5.15,4.437663,460,195.8,0,1,,1
30832477,CBA,2026-09-08T02:08:50.716896Z,75,188.5,177.0,under,4.9508,3.9474,4.437663,460,0.0,0,0,,
30832478,CBA,2026-09-08T02:08:58.953749Z,75,153.5,148.0,under,3.8689,3.7368,4.437663,460,0.0,0,0,,
30832492,KBL,2026-09-08T02:12:13.531543Z,75,150.5,151.0,over,3.9667,3.15,3.881121,535,0.0,0,0,,
30832490,KBL,2026-09-08T02:12:45.040840Z,75,138.5,137.0,under,3.5,3.35,3.881121,535,125.7,0,0,,
30832491,KBL,2026-09-08T02:12:45.142565Z,75,139.5,136.0,under,3.4667,3.55,3.881121,535,39.9,0,0,,
30832462,NBA,2026-09-08T02:13:38.338441Z,75,247.5,246.0,under,6.3,5.85,5.625227,1099,0.0,0,0,,
30832493,KBL,2026-09-08T02:14:55.019782Z,75,170.5,172.0,over,4.4275,3.5172,3.881121,535,0.0,0,0,,
30832567,EuroLeague,2026-09-08T02:20:26.603428Z,75,166.5,163.0,under,4.3306,3.641,4.282976,746,219.5,0,0,,
30832568,EuroLeague,2026-09-08T02:20:26.696115Z,75,152.5,157.0,over,3.9669,3.3333,4.282976,746,213.4,0,0,,
30832569,EuroLeague,2026-09-08T02:20:26.806039Z,75,150.5,146.0,under,3.8347,3.5385,4.282976,746,129.1,0,0,,
30832570,EuroLeague,2026-09-08T02:20:26.896618Z,75,166.5,160.0,under,4.1653,4.1538,4.282976,746,120.3,0,0,,
30832571,EuroLeague,2026-09-08T02:21:01.906951Z,75,154.5,147.0,under,3.9677,3.5,4.282976,746,0.0,0,0,,
30832647,TBSL,2026-09-08T02:34:59.955592Z,75,185.5,183.0,under,4.9,3.85,4.160844,936,121.3,0,0,,
30832648,TBSL,2026-09-08T02:35:00.056990Z,75,189.5,196.0,over,4.8333,4.45,4.160844,936,54.9,0,1,,0
30832646,TBSL,2026-09-08T02:35:39.366366Z,75,181.5,182.0,over,4.7213,3.9474,4.160844,936,169.0,0,0,,
30832730,EuroLeague,2026-09-08T03:00:08.199902Z,75,164.5,172.0,over,4.0333,4.35,4.280951,752,298.8,1,0,0,
30832706,NBA,2026-09-08T03:01:28.639734Z,75,203.5,206.0,over,5.0667,5.15,5.627948,1111,0.0,0,0,,
30832710,NBA,2026-09-08T03:06:44.381003Z,75,219.5,219.0,under,5.8647,3.6296,5.627948,1111,0.0,0,0,,
30832838,TBSL,2026-09-08T03:15:36.452506Z,75,149.5,150.0,over,3.9016,3.2105,4.162805,943,122.0,0,0,,
30832841,TBSL,2026-09-08T03:15:36.793729Z,75,175.5,193.0,over,4.9508,2.5789,4.162805,943,125.7,0,0,,
30832842,TBSL,2026-09-08T03:15:36.940684Z,75,161.5,162.0,over,4.1639,3.6316,4.162805,943,118.3,0,0,,
30832843,TBSL,2026-09-08T03:17:45.108851Z,75,155.5,155.0,under,3.9084,3.7931,4.162805,943,0.0,0,0,,
30832844,TBSL,2026-09-08T03:17:53.211600Z,75,154.5,157.0,over,3.9084,3.6552,4.162805,943,0.0,0,0,,
30832845,TBSL,2026-09-08T03:19:20.648610Z,75,162.5,161.0,under,4.0876,3.913,4.162805,943,0.0,0,0,,
30833043,EuroLeague,2026-09-08T03:40:21.536045Z,75,180.5,170.0,under,4.3636,4.9744,4.282181,759,271.2,0,1,,1
30833044,EuroLeague,2026-09-08T03:40:21.656418Z,75,155.5,164.0,over,4.3967,2.3077,4.282181,759,263.0,0,0,,
30833046,EuroLeague,2026-09-08T03:40:28.531046Z,75,179.5,169.0,under,4.3636,4.8718,4.282181,759,175.8,0,1,,1
30833048,NBA,2026-09-08T03:49:50.210893Z,75,195.5,189.0,under,5.0,4.55,5.628785,1123,28.2,0,0,,
30833058,NBA,2026-09-08T03:49:51.303247Z,75,280.5,290.0,over,7.4333,5.75,5.628785,1123,235.9,0,0,,
30833059,NBA,2026-09-08T03:49:51.479506Z,75,236.5,240.0,over,6.4,4.45,5.628785,1123,228.0,0,0,,
30833131,TBSL,2026-09-08T03:55:35.192051Z,75,145.5,154.0,over,3.7705,3.2105,4.163249,951,197.1,0,0,,
30833197,KBL,2026-09-08T04:17:12.250290Z,75,159.5,167.0,over,4.1143,3.1,3.880409,550,0.0,0,0,,
30833307,TBSL,2026-09-08T04:35:09.165535Z,75,166.5,171.0,over,4.4,3.45,4.160908,958,132.5,0,0,,
30833309,TBSL,2026-09-08T04:35:09.375574Z,75,142.5,139.0,under,3.4667,3.85,4.160908,958,124.5,0,0,,
30833279,NBA,2026-09-08T04:37:37.234904Z,75,207.5,219.0,over,5.3,4.85,5.630903,1135,5.0,0,0,,
30833280,NBA,2026-09-08T04:37:37.368147Z,75,226.5,239.0,over,6.0667,4.45,5.630903,1135,188.2,0,0,,
30833427,EuroLeague,2026-09-08T05:00:27.336708Z,75,169.5,161.0,under,4.3636,3.8462,4.283559,774,293.4,0,0,,
30833572,KBL,2026-09-08T05:33:15.166851Z,75,141.5,137.0,under,3.6393,3.2105,3.877902,560,286.0,0,0,,
30833734,TBSL,2026-09-08T05:55:29.544274Z,75,184.5,181.0,under,5.0164,3.3158,4.16038,973,133.1,0,0,,
30833735,TBSL,2026-09-08T05:55:29.642811Z,75,163.5,151.0,under,4.0984,4.0526,4.16038,973,124.8,0,0,,
30833736,TBSL,2026-09-08T05:56:38.912767Z,75,154.5,138.0,under,3.9683,3.4706,4.16038,973,0.0,0,0,,
30833812,NBA,2026-09-08T06:13:54.475519Z,75,205.5,213.0,over,5.3667,4.45,5.631364,1147,11.3,0,0,,
30833820,NBA,2026-09-08T06:13:55.605222Z,75,213.5,210.0,under,5.3667,5.25,5.631364,1147,285.2,0,0,,
30833821,NBA,2026-09-08T06:13:55.709431Z,75,258.5,262.0,over,6.7333,5.65,5.631364,1147,276.9,0,0,,
30833822,NBA,2026-09-08T06:13:55.810758Z,75,228.5,232.0,over,6.0333,4.75,5.631364,1147,83.3,0,0,,
30833823,NBA,2026-09-08T06:13:55.922538Z,75,254.5,265.0,over,6.6333,5.55,5.631364,1147,75.0,0,0,,
30833826,CBA,2026-09-08T06:15:56.869909Z,75,174.5,171.0,under,4.3467,4.6,4.431314,487,0.0,1,0,1,
30833827,CBA,2026-09-08T06:16:05.222472Z,75,189.5,187.0,under,4.7947,3.7778,4.431314,487,0.0,0,0,,
30834025,EuroLeague,2026-09-08T06:23:00.735776Z,75,173.5,176.0,over,4.4242,3.9286,4.284391,788,0.0,0,0,,
30834158,TBSL,2026-09-08T06:35:07.378368Z,75,197.5,190.0,under,5.3,3.85,4.160383,980,116.7,0,0,,
30834159,TBSL,2026-09-08T06:35:07.522685Z,75,203.5,197.0,under,5.2667,4.55,4.160383,980,108.6,0,1,,1
30834160,TBSL,2026-09-08T06:35:07.713667Z,75,186.5,188.0,over,4.7667,4.35,4.160383,980,9.3,0,1,,0
30834162,TBSL,2026-09-08T06:35:07.993392Z,75,171.5,181.0,over,4.4,3.95,4.160383,980,19.6,0,0,,
30834161,TBSL,2026-09-08T06:37:43.320440Z,75,193.5,185.0,under,4.855,4.7586,4.160383,980,0.0,0,1,,1
30834163,TBSL,2026-09-08T06:37:51.532365Z,75,157.5,154.0,under,3.9695,3.7931,4.160383,980,0.0,0,0,,
30834318,EuroLeague,2026-09-08T07:00:09.298330Z,75,175.5,174.0,under,4.6,3.75,4.284705,796,238.1,0,0,,
30834320,EuroLeague,2026-09-08T07:00:17.205355Z,75,172.5,171.0,under,4.4,4.05,4.284705,796,155.4,0,0,,
30834321,EuroLeague,2026-09-08T07:00:17.316794Z,75,169.5,166.0,under,4.3667,3.85,4.284705,796,147.1,0,0,,
30834322,EuroLeague,2026-09-08T07:00:43.919885Z,75,181.5,178.0,under,4.6829,4.0541,4.284705,796,0.0,0,0,,
30834323,EuroLeague,2026-09-08T07:00:52.103497Z,75,186.5,191.0,over,4.9106,3.8378,4.284705,796,0.0,0,0,,
30834277,NBA,2026-09-08T07:01:36.395463Z,75,244.5,242.0,under,6.5333,4.85,5.630134,1159,3.8,0,0,,
30834324,EuroLeague,2026-09-08T07:01:58.323263Z,75,216.5,214.0,under,5.6875,4.3125,4.284705,796,0.0,0,0,,
30834325,EuroLeague,2026-09-08T07:02:06.645306Z,75,189.5,191.0,over,4.9062,4.0625,4.284705,796,0.0,0,0,,
30829216,CYBER,2026-09-08T07:04:04.896900Z,75,214.5,198.0,under,4.3743,4.7559,4.447011,230,0.1,1,1,1,1
30834326,EuroLeague,2026-09-08T07:04:50.509658Z,75,203.5,202.0,under,5.1799,4.4762,4.284705,796,0.0,0,1,,1
30834445,TBSL,2026-09-08T07:16:16.521104Z,75,149.5,149.0,under,3.776,3.6,4.16283,986,165.7,0,0,,
30834451,TBSL,2026-09-08T07:16:17.144940Z,75,169.5,175.0,over,4.416,3.6,4.16283,986,250.2,0,0,,
30834661,NBA,2026-09-08T07:49:35.736010Z,75,232.5,237.0,over,5.9333,5.45,5.632131,1171,4.3,0,0,,
30834714,TBSL,2026-09-08T07:55:25.392923Z,75,138.5,127.0,under,3.4711,3.4359,4.162085,993,54.4,0,0,,
30834715,TBSL,2026-09-08T07:55:25.536166Z,75,146.5,152.0,over,3.8347,3.1282,4.162085,993,46.1,0,0,,
30834716,TBSL,2026-09-08T07:58:03.816948Z,75,164.5,164.0,under,4.1818,3.7857,4.162085,993,0.0,0,0,,
30834717,TBSL,2026-09-08T07:58:12.300125Z,75,167.5,168.0,over,4.3308,3.4815,4.162085,993,0.0,0,0,,
30834718,TBSL,2026-09-08T08:01:26.454836Z,75,183.5,181.0,under,4.6301,4.1429,4.162085,993,0.0,0,0,,
30834797,CBA,2026-09-08T08:08:27.386458Z,75,186.5,187.0,over,4.7667,4.35,4.430823,498,0.0,0,0,,
30834795,CBA,2026-09-08T08:08:51.938541Z,75,194.5,189.0,under,5.0579,4.2564,4.430823,498,38.6,0,0,,
30834820,KBL,2026-09-08T08:15:17.833690Z,75,166.5,164.0,under,4.2424,3.7857,3.879526,580,0.0,0,0,,
30834821,KBL,2026-09-08T08:15:26.279347Z,75,144.5,135.0,under,3.6992,3.1852,3.879526,580,0.0,0,0,,
30834822,KBL,2026-09-08T08:18:31.333601Z,75,168.5,161.0,under,4.2483,3.8667,3.879526,580,0.0,0,0,,
30834823,KBL,2026-09-08T08:18:39.768460Z,75,137.5,130.0,under,3.4521,3.2857,3.879526,580,0.0,0,0,,
30834862,EuroLeague,2026-09-08T08:22:08.543778Z,75,202.5,205.0,over,5.2812,4.1875,4.288964,811,0.0,0,0,,
30834863,EuroLeague,2026-09-08T08:22:16.925445Z,75,177.5,184.0,over,4.5581,3.9355,4.288964,811,0.0,0,0,,
30834864,EuroLeague,2026-09-08T08:25:39.607944Z,75,156.5,154.0,under,3.9718,3.4444,4.288964,811,0.0,0,0,,
30834865,EuroLeague,2026-09-08T08:25:47.791492Z,75,164.5,168.0,over,4.1119,4.1176,4.288964,811,0.0,0,0,,
30834866,EuroLeague,2026-09-08T08:27:20.103459Z,75,172.5,169.0,under,4.349,3.8182,4.288964,811,0.0,0,0,,
30834867,EuroLeague,2026-09-08T08:27:28.326416Z,75,164.5,165.0,over,4.16,3.4,4.288964,811,0.0,0,0,,
30834965,NBA,2026-09-08T08:37:46.381120Z,75,178.5,179.0,over,4.5,4.35,5.631213,1183,0.0,0,0,,
30834966,NBA,2026-09-08T08:37:54.985146Z,75,238.5,237.0,under,6.1667,5.35,5.631213,1183,0.0,0,0,,
30834960,NBA,2026-09-08T08:38:03.512479Z,75,217.5,208.0,under,5.6333,4.85,5.631213,1183,11.7,0,0,,
30834961,NBA,2026-09-08T08:38:03.659934Z,75,235.5,221.0,under,5.9,5.85,5.631213,1183,215.9,0,0,,
30834962,NBA,2026-09-08T08:38:03.784266Z,75,211.5,214.0,over,5.4,4.95,5.631213,1183,207.6,0,0,,
30834963,NBA,2026-09-08T08:38:03.898789Z,75,235.5,243.0,over,6.4667,4.15,5.631213,1183,117.2,0,0,,
30834964,NBA,2026-09-08T08:38:04.028517Z,75,201.5,201.0,under,5.2,4.55,5.631213,1183,109.0,0,0,,
30834967,NBA,2026-09-08T08:39:23.987630Z,75,237.5,242.0,over,6.5,4.25,5.631213,1183,0.0,0,0,,
30834968,NBA,2026-09-08T08:39:32.261603Z,75,234.5,245.0,over,6.4333,4.15,5.631213,1183,0.0,0,0,,
30834969,NBA,2026-09-08T08:40:59.179271Z,75,222.5,218.0,under,5.8413,4.5294,5.631213,1183,0.0,0,0,,
30834970,NBA,2026-09-08T08:41:07.720012Z,75,223.5,218.0,under,6.0317,3.9412,5.631213,1183,0.0,0,0,,
30834971,NBA,2026-09-08T08:42:35.247445Z,75,247.5,239.0,under,6.5758,4.3571,5.631213,1183,0.0,0,0,,
30835011,TBSL,2026-09-08T08:42:43.625901Z,75,171.5,171.0,under,4.2914,4.2222,4.161039,1001,0.0,0,0,,
30835069,CBA,2026-09-08T08:48:37.749570Z,75,198.5,203.0,over,5.1,4.55,4.430988,501,33.2,0,0,,
30835070,CBA,2026-09-08T08:48:37.876933Z,75,179.5,178.0,under,4.6667,3.95,4.430988,501,25.1,0,0,,
30835071,CBA,2026-09-08T08:49:42.939203Z,75,184.5,196.0,over,4.736,4.1714,4.430988,501,0.0,0,0,,
30835073,CBA,2026-09-08T08:49:56.962361Z,75,181.5,176.0,under,4.7302,3.8235,4.430988,501,0.0,0,0,,
30835096,KBL,2026-09-08T08:54:13.895447Z,75,155.5,149.0,under,4.0312,3.3125,3.877949,585,0.0,0,0,,
30835097,KBL,2026-09-08T08:54:22.275262Z,75,145.5,155.0,over,3.75,3.1875,3.877949,585,0.0,0,0,,
30835098,KBL,2026-09-08T08:55:49.744865Z,75,172.5,176.0,over,4.5075,3.3077,3.877949,585,0.0,0,0,,
30835099,KBL,2026-09-08T08:55:58.448855Z,75,171.5,171.0,under,4.237,4.56,3.877949,585,0.0,0,1,,1
30835100,KBL,2026-09-08T08:57:29.175000Z,75,142.5,141.0,under,3.5177,3.8947,3.877949,585,0.0,1,0,1,
30835158,EuroLeague,2026-09-08T09:00:24.929211Z,75,203.5,202.0,under,5.4667,3.95,4.288858,819,153.6,0,0,,
30835159,EuroLeague,2026-09-08T09:00:25.084104Z,75,207.5,207.0,under,5.6333,3.85,4.288858,819,83.3,0,0,,
30835160,EuroLeague,2026-09-08T09:00:25.237674Z,75,191.5,191.0,under,5.0333,4.05,4.288858,819,75.0,0,0,,
30835161,EuroLeague,2026-09-08T09:02:12.506857Z,75,159.5,146.0,under,4.062,3.6774,4.288858,819,0.0,0,0,,
30835162,EuroLeague,2026-09-08T09:02:20.681872Z,75,141.5,142.0,over,3.6589,3.0323,4.288858,819,0.0,0,0,,
30835164,EuroLeague,2026-09-08T09:05:48.626509Z,75,169.5,173.0,over,4.2797,3.8824,4.288858,819,0.0,0,0,,
30835165,EuroLeague,2026-09-08T09:05:57.008386Z,75,177.5,174.0,under,4.4722,4.125,4.288858,819,0.0,0,0,,
30835290,TBSL,2026-09-08T09:15:18.386309Z,75,150.5,158.0,over,3.9008,3.3333,4.161842,1007,292.8,0,0,,
30835293,TBSL,2026-09-08T09:15:18.815419Z,75,165.5,166.0,over,4.3306,3.5385,4.161842,1007,79.0,0,0,,
30835317,NBA,2026-09-08T09:25:39.099178Z,75,213.5,203.0,under,5.6333,4.45,5.630418,1195,5.3,0,0,,
30835325,NBA,2026-09-08T09:25:40.050851Z,75,248.5,247.0,under,6.6333,4.95,5.630418,1195,287.0,0,0,,
30835326,NBA,2026-09-08T09:25:40.179321Z,75,217.5,212.0,under,5.9333,3.95,5.630418,1195,280.9,0,0,,
30835327,NBA,2026-09-08T09:25:40.307522Z,75,233.5,244.0,over,6.3333,4.35,5.630418,1195,192.7,0,0,,
30835328,NBA,2026-09-08T09:25:40.417373Z,75,206.5,203.0,under,5.2,5.05,5.630418,1195,184.3,0,0,,
30835386,CBA,2026-09-08T09:28:57.576351Z,75,161.5,171.0,over,4.0331,4.0513,4.433168,505,215.5,0,0,,
30835387,CBA,2026-09-08T09:28:57.698221Z,75,167.5,161.0,under,4.2975,3.8462,4.433168,505,207.4,0,0,,
30835389,CBA,2026-09-08T09:29:16.118964Z,75,189.5,184.0,under,4.8065,4.5,4.433168,505,0.0,0,0,,
30835390,CBA,2026-09-08T09:29:24.450949Z,75,178.5,181.0,over,4.7742,3.3889,4.433168,505,0.0,0,0,,
30835420,KBL,2026-09-08T09:32:34.728159Z,75,128.5,133.0,over,3.1074,3.5385,3.878644,590,0.0,0,0,,
30835421,KBL,2026-09-08T09:32:43.030659Z,75,162.5,170.0,over,4.2623,3.4211,3.878644,590,0.0,0,0,,
30835422,KBL,2026-09-08T09:34:10.343324Z,75,150.5,147.0,under,3.8438,3.4375,3.878644,590,0.0,0,0,,
30835423,KBL,2026-09-08T09:34:18.767835Z,75,165.5,166.0,over,4.3438,3.3125,3.878644,590,0.0,0,0,,
30835424,KBL,2026-09-08T09:35:44.236905Z,75,146.5,144.0,under,3.7612,3.1538,3.878644,590,0.0,0,0,,
30835519,EuroLeague,2026-09-08T09:40:12.231609Z,75,184.5,194.0,over,4.7333,4.25,4.290871,827,171.5,0,0,,
30835520,EuroLeague,2026-09-08T09:40:12.346114Z,75,149.5,150.0,over,3.6333,4.05,4.290871,827,164.7,0,0,,
30835521,EuroLeague,2026-09-08T09:41:57.830065Z,75,177.5,180.0,over,4.5312,4.0625,4.290871,827,0.0,0,0,,
30835523,EuroLeague,2026-09-08T09:42:12.028934Z,75,187.5,186.0,under,4.8372,4.0645,4.290871,827,0.0,0,0,,
30835524,EuroLeague,2026-09-08T09:45:28.327502Z,75,169.5,168.0,under,4.169,4.7778,4.290871,827,0.0,1,1,1,1
30835526,EuroLeague,2026-09-08T09:45:42.543391Z,75,174.5,178.0,over,4.4476,3.6471,4.290871,827,0.0,0,0,,
30835527,EuroLeague,2026-09-08T09:47:13.205210Z,75,155.5,152.0,under,3.8926,3.8182,4.290871,827,0.0,0,0,,
30835631,TBSL,2026-09-08T09:55:07.369157Z,75,173.5,169.0,under,4.5667,3.65,4.16234,1013,294.9,0,0,,
30835632,TBSL,2026-09-08T09:55:07.498150Z,75,136.5,126.0,under,3.1333,4.25,4.16234,1013,286.7,1,0,1,
30835633,TBSL,2026-09-08T09:55:07.592796Z,75,181.5,189.0,over,4.8,3.75,4.16234,1013,69.9,0,0,,
30835634,TBSL,2026-09-08T09:55:07.696677Z,75,129.5,128.0,under,3.2333,3.25,4.16234,1013,61.8,0,0,,
30835635,TBSL,2026-09-08T09:55:35.694478Z,75,159.5,160.0,over,4.0984,3.6316,4.16234,1013,0.0,0,0,,
30835710,CBA,2026-09-08T10:09:21.887535Z,75,195.5,196.0,over,5.129,4.0556,4.432564,509,0.0,0,0,,
30835711,CBA,2026-09-08T10:09:30.203101Z,75,159.5,150.0,under,4.1613,3.3889,4.432564,509,0.0,0,0,,
30835713,CBA,2026-09-08T10:11:04.441649Z,75,182.5,190.0,over,4.7328,3.7931,4.432564,509,0.0,0,0,,
30835714,CBA,2026-09-08T10:11:12.999735Z,75,173.5,175.0,over,4.4275,3.931,4.432564,509,0.0,0,0,,
30835698,NBA,2026-09-08T10:13:35.360913Z,75,225.5,223.0,under,5.9,4.85,5.629515,1207,8.6,0,0,,
30835756,KBL,2026-09-08T10:14:03.964896Z,75,132.5,135.0,over,3.3386,3.2121,3.877983,595,0.0,0,0,,
30835757,KBL,2026-09-08T10:14:12.212378Z,75,171.5,179.0,over,4.5,3.4375,3.877983,595,0.0,0,0,,
30835758,KBL,2026-09-08T10:15:42.317857Z,75,120.5,121.0,over,2.9552,3.3077,3.877983,595,0.0,0,0,,
30835759,KBL,2026-09-08T10:15:51.827636Z,75,188.5,189.0,over,4.8657,3.9231,3.877983,595,0.0,0,0,,
30835815,EuroLeague,2026-09-08T10:20:20.344543Z,75,175.5,170.0,under,4.6667,3.55,4.291067,834,173.9,0,0,,
30835816,EuroLeague,2026-09-08T10:20:20.447772Z,75,166.5,179.0,over,4.2975,3.7436,4.291067,834,165.8,0,0,,
30835817,EuroLeague,2026-09-08T10:20:46.367638Z,75,135.5,133.0,under,3.3821,3.4054,4.291067,834,0.0,0,0,,
30835818,EuroLeague,2026-09-08T10:20:55.262786Z,75,165.5,168.0,over,4.2258,3.8333,4.291067,834,0.0,0,0,,
30835819,EuroLeague,2026-09-08T10:26:03.682878Z,75,145.5,146.0,over,3.6944,3.125,4.291067,834,0.0,0,0,,
30835821,EuroLeague,2026-09-08T10:26:18.336784Z,75,162.5,162.0,under,4.0828,3.8667,4.291067,834,0.0,0,0,,
30835931,TBSL,2026-09-08T10:35:19.438649Z,75,141.5,133.0,under,3.6364,3.2308,4.162243,1021,0.0,0,0,,
30835932,TBSL,2026-09-08T10:35:27.989134Z,75,179.5,182.0,over,4.7213,3.7368,4.162243,1021,0.0,0,0,,
30835933,TBSL,2026-09-08T10:39:16.462698Z,75,159.5,152.0,under,4.0292,3.7391,4.162243,1021,0.0,0,0,,
30835934,TBSL,2026-09-08T10:39:25.019689Z,75,140.5,145.0,over,3.5036,3.5652,4.162243,1021,0.0,0,0,,
30836012,CBA,2026-09-08T10:49:27.673947Z,75,186.5,190.0,over,4.5902,4.8947,4.432651,513,268.8,0,1,,0
30836013,CBA,2026-09-08T10:49:27.849491Z,75,196.5,204.0,over,4.9508,4.7895,4.432651,513,260.7,0,1,,0
30836014,CBA,2026-09-08T10:49:42.281058Z,75,144.5,154.0,over,3.68,3.3714,4.432651,513,0.0,0,0,,
30836066,KBL,2026-09-08T10:53:15.057858Z,75,159.5,154.0,under,4.1639,3.4211,3.878083,600,204.3,0,0,,
30836067,KBL,2026-09-08T10:53:27.302708Z,75,162.5,174.0,over,4.128,3.8286,3.878083,600,0.0,0,0,,
30836068,KBL,2026-09-08T10:53:35.927723Z,75,163.5,167.0,over,4.192,3.7143,3.878083,600,0.0,0,0,,
30836069,KBL,2026-09-08T10:57:10.250639Z,75,155.5,151.0,under,3.9143,3.7,3.878083,600,0.0,0,0,,
30836070,KBL,2026-09-08T10:57:18.950352Z,75,139.5,133.0,under,3.5143,3.3,3.878083,600,0.0,0,0,,
30836116,NBA,2026-09-08T11:01:34.983741Z,75,216.5,197.0,under,5.5333,5.05,5.630455,1219,48.3,0,0,,
30836117,NBA,2026-09-08T11:01:35.104633Z,75,228.5,220.0,under,6.0,4.85,5.630455,1219,158.8,0,0,,
30836118,NBA,2026-09-08T11:01:35.220107Z,75,255.5,244.0,under,6.5333,5.95,5.630455,1219,150.7,0,1,,1
30836119,NBA,2026-09-08T11:02:32.155464Z,75,203.5,214.0,over,5.1667,4.85,5.630455,1219,0.0,0,0,,
30836120,NBA,2026-09-08T11:02:40.687602Z,75,220.5,215.0,under,5.8,4.65,5.630455,1219,0.0,0,0,,
30836121,NBA,2026-09-08T11:06:25.734747Z,75,249.5,247.0,under,6.5954,4.6207,5.630455,1219,0.0,0,0,,
30836122,NBA,2026-09-08T11:06:34.093649Z,75,218.5,219.0,over,5.7576,4.0714,5.630455,1219,0.0,0,0,,
30836123,NBA,2026-09-08T11:08:16.261340Z,75,244.5,246.0,over,6.3597,4.4762,5.630455,1219,0.0,0,0,,
30836124,NBA,2026-09-08T11:08:24.718966Z,75,227.5,232.0,over,5.9856,3.7143,5.630455,1219,0.0,0,0,,
30836319,TBSL,2026-09-08T11:15:18.947214Z,75,146.5,148.0,over,3.6364,3.7436,4.16093,1027,0.0,0,0,,
30836323,TBSL,2026-09-08T11:20:15.073506Z,75,177.5,168.0,under,4.5106,3.8947,4.16093,1027,0.0,0,0,,
30836325,TBSL,2026-09-08T11:20:23.396128Z,75,185.5,183.0,under,4.6809,4.3158,4.16093,1027,0.0,0,0,,
30836326,TBSL,2026-09-08T11:22:11.017857Z,75,183.5,184.0,over,4.6174,4.1818,4.16093,1027,0.0,0,0,,
30836328,TBSL,2026-09-08T11:22:19.675295Z,75,164.5,165.0,over,4.1074,4.1818,4.16093,1027,0.0,1,0,0,
30836439,CBA,2026-09-08T11:28:51.944895Z,75,218.5,220.0,over,5.5868,5.0769,4.43343,516,174.7,0,1,,0
30836440,CBA,2026-09-08T11:28:52.089814Z,75,174.5,169.0,under,4.2314,4.7692,4.43343,516,166.1,1,1,1,1
30836441,CBA,2026-09-08T11:29:41.969663Z,75,154.5,162.0,over,3.872,3.8286,4.43343,516,0.0,0,0,,
30836442,CBA,2026-09-08T11:29:50.500304Z,75,202.5,181.0,under,4.5397,7.0,4.43343,516,0.0,0,1,,1
30836483,KBL,2026-09-08T11:32:45.112041Z,75,138.5,147.0,over,3.5667,3.15,3.878223,605,68.9,0,0,,
30836484,KBL,2026-09-08T11:32:45.280872Z,75,144.5,130.0,under,3.6333,3.55,3.878223,605,60.3,0,0,,
30836485,KBL,2026-09-08T11:33:24.104930Z,75,156.5,161.0,over,4.0,3.6111,3.878223,605,0.0,0,0,,
30836486,KBL,2026-09-08T11:33:32.578030Z,75,144.5,142.0,under,3.744,3.1429,3.878223,605,0.0,0,0,,
30836487,KBL,2026-09-08T11:35:00.512686Z,75,167.5,173.0,over,4.2748,3.7931,3.878223,605,0.0,0,0,,
30836658,EuroLeague,2026-09-08T11:40:02.923468Z,75,194.5,203.0,over,5.0667,4.25,4.290478,848,293.8,0,0,,
30836659,EuroLeague,2026-09-08T11:40:03.088228Z,75,177.5,187.0,over,4.7,3.65,4.290478,848,207.5,0,0,,
30836660,EuroLeague,2026-09-08T11:40:03.237123Z,75,167.5,155.0,under,4.1333,4.35,4.290478,848,199.2,1,0,1,
30836661,EuroLeague,2026-09-08T11:40:03.395937Z,75,175.5,168.0,under,4.4333,4.25,4.290478,848,104.9,0,0,,
30836663,EuroLeague,2026-09-08T11:40:10.434030Z,75,182.5,176.0,under,4.7667,3.95,4.290478,848,97.9,0,0,,
30836665,EuroLeague,2026-09-08T11:41:59.471762Z,75,178.5,181.0,over,4.5938,3.9375,4.290478,848,0.0,0,0,,
30836666,EuroLeague,2026-09-08T11:42:07.875343Z,75,178.5,170.0,under,4.6562,3.6875,4.290478,848,0.0,0,0,,
30836667,EuroLeague,2026-09-08T11:45:29.936562Z,75,207.5,207.0,under,5.2676,4.5556,4.290478,848,0.0,0,1,,1
30836700,NBA,2026-09-08T11:49:38.073536Z,75,224.5,228.0,over,5.6667,5.45,5.631235,1231,11.5,0,0,,
30836701,NBA,2026-09-08T11:49:38.259147Z,75,213.5,223.0,over,5.6,4.55,5.631235,1231,231.5,0,0,,
30836702,NBA,2026-09-08T11:49:38.490242Z,75,219.5,204.0,under,5.6,5.15,5.631235,1231,141.6,0,0,,
30836703,NBA,2026-09-08T11:49:38.625863Z,75,227.5,221.0,under,6.0,4.75,5.631235,1231,134.2,0,0,,
30836704,NBA,2026-09-08T11:49:38.797130Z,75,227.5,223.0,under,5.8,5.35,5.631235,1231,42.5,0,0,,
30836705,NBA,2026-09-08T11:49:38.932705Z,75,212.5,210.0,under,5.5,4.75,5.631235,1231,34.2,0,0,,
30836706,NBA,2026-09-08T11:52:55.870608Z,75,212.5,212.0,under,5.696,3.9429,5.631235,1231,0.0,0,0,,
30836707,NBA,2026-09-08T11:53:04.579587Z,75,242.5,242.0,under,6.5079,4.4118,5.631235,1231,0.0,0,0,,
30836709,NBA,2026-09-08T11:54:48.480848Z,75,237.5,244.0,over,6.2857,4.2222,5.631235,1231,0.0,0,0,,
30829256,CYBER,2026-09-08T11:54:57.826813Z,75,210.5,196.0,under,4.1944,4.9583,4.452455,241,154.2,1,1,1,1
30836710,NBA,2026-09-08T11:56:26.664084Z,75,236.5,247.0,over,6.1007,4.6667,5.631235,1231,0.0,0,0,,
30836711,NBA,2026-09-08T11:56:35.038013Z,75,217.5,217.0,under,5.5714,4.5,5.631235,1231,0.0,0,0,,
30836901,TBSL,2026-09-08T11:59:41.265797Z,75,169.5,169.0,under,4.259,4.0952,4.161329,1035,0.0,0,0,,
30836902,TBSL,2026-09-08T12:01:12.863143Z,75,165.5,167.0,over,4.1655,3.8667,4.161329,1035,0.0,0,0,,
30836903,TBSL,2026-09-08T12:01:21.227805Z,75,178.5,171.0,under,4.4966,4.1333,4.161329,1035,0.0,0,0,,
30836960,CBA,2026-09-08T12:08:45.852326Z,75,192.5,200.0,over,5.0909,3.9487,4.434519,520,0.0,0,0,,
30836961,CBA,2026-09-08T12:08:54.442051Z,75,183.5,186.0,over,4.6557,4.3684,4.434519,520,0.0,0,0,,
30836962,CBA,2026-09-08T12:10:36.103670Z,75,198.5,193.0,under,5.1783,4.0645,4.434519,520,0.0,0,0,,
30836963,CBA,2026-09-08T12:10:44.845036Z,75,197.5,195.0,under,5.0853,4.3226,4.434519,520,0.0,0,0,,
30836985,KBL,2026-09-08T12:14:10.691100Z,75,173.5,169.0,under,4.4375,3.9375,3.877295,610,0.0,0,0,,
30836986,KBL,2026-09-08T12:14:19.304461Z,75,156.5,158.0,over,4.0312,3.4375,3.877295,610,0.0,0,0,,
30836987,KBL,2026-09-08T12:15:58.169407Z,75,137.5,141.0,over,3.437,3.44,3.877295,610,0.0,0,0,,
30836988,KBL,2026-09-08T12:16:06.799385Z,75,164.5,162.0,under,4.1481,3.92,3.877295,610,0.0,0,0,,
30837051,EuroLeague,2026-09-08T12:20:07.676147Z,75,178.5,186.0,over,4.7667,3.55,4.29264,856,137.2,0,0,,
30837052,EuroLeague,2026-09-08T12:20:07.813502Z,75,196.5,202.0,over,5.2667,3.85,4.29264,856,128.9,0,0,,
30837054,EuroLeague,2026-09-08T12:21:09.681797Z,75,153.5,161.0,over,3.9032,3.6111,4.29264,856,0.0,0,0,,
30837055,EuroLeague,2026-09-08T12:21:18.362883Z,75,167.5,168.0,over,4.32,3.7143,4.29264,856,0.0,0,0,,
30837057,EuroLeague,2026-09-08T12:22:44.804228Z,75,162.5,167.0,over,4.1832,3.5172,4.29264,856,0.0,0,0,,
30837058,EuroLeague,2026-09-08T12:22:53.250380Z,75,187.5,188.0,over,4.8244,4.069,4.29264,856,0.0,0,0,,
30837059,EuroLeague,2026-09-08T12:25:52.724070Z,75,146.5,140.0,under,3.6084,4.1176,4.29264,856,0.0,0,0,,
30837060,EuroLeague,2026-09-08T12:26:01.459326Z,75,172.5,177.0,over,4.3611,3.875,4.29264,856,0.0,0,0,,
30837214,TBSL,2026-09-08T12:36:44.167496Z,75,158.5,160.0,over,4.0315,3.697,4.160437,1042,0.0,0,0,,
30837139,NBA,2026-09-08T12:37:33.376238Z,75,191.5,197.0,over,4.7667,4.85,5.631315,1243,5.9,0,0,,
30837147,NBA,2026-09-08T12:37:34.903623Z,75,216.5,211.0,under,5.5667,4.95,5.631315,1243,235.5,0,0,,
30837148,NBA,2026-09-08T12:37:35.227961Z,75,215.5,200.0,under,5.4,5.35,5.631315,1243,227.1,0,0,,
30837149,NBA,2026-09-08T12:37:35.443775Z,75,203.5,190.0,under,5.0333,5.25,5.631315,1243,146.7,0,0,,
30837150,NBA,2026-09-08T12:37:35.650959Z,75,236.5,244.0,over,6.1,5.35,5.631315,1243,138.2,0,0,,
30837215,TBSL,2026-09-08T12:38:00.762413Z,75,175.5,175.0,under,4.4848,3.9286,4.160437,1042,0.0,0,0,,
30837216,TBSL,2026-09-08T12:38:09.488863Z,75,149.5,141.0,under,3.8182,3.3571,4.160437,1042,0.0,0,0,,
30837217,TBSL,2026-09-08T12:39:26.972257Z,75,170.5,170.0,under,4.3504,3.7391,4.160437,1042,0.0,0,0,,
30837218,TBSL,2026-09-08T12:39:35.747942Z,75,185.5,187.0,over,4.8116,3.5455,4.160437,1042,0.0,0,0,,
30837219,TBSL,2026-09-08T12:40:52.469249Z,75,174.5,175.0,over,4.3916,4.1176,4.160437,1042,0.0,0,0,,
30837220,TBSL,2026-09-08T12:41:01.045397Z,75,186.5,195.0,over,4.75,3.875,4.160437,1042,0.0,0,0,,
30837290,CBA,2026-09-08T12:48:36.965833Z,75,188.5,203.0,over,4.9333,4.05,4.437595,524,268.4,0,0,,
30837291,CBA,2026-09-08T12:48:37.099944Z,75,190.5,187.0,under,4.9333,4.25,4.437595,524,192.2,0,0,,
30837337,KBL,2026-09-08T12:52:30.525415Z,75,147.5,135.0,under,3.8667,3.15,3.876382,615,227.2,0,0,,
30837338,KBL,2026-09-08T12:52:30.707878Z,75,155.5,164.0,over,4.3,2.65,3.876382,615,218.9,0,0,,
30837339,KBL,2026-09-08T12:52:41.987595Z,75,156.5,156.0,under,3.9344,3.8421,3.876382,615,0.0,0,0,,
30837340,KBL,2026-09-08T12:52:50.416828Z,75,161.5,165.0,over,4.1967,3.5263,3.876382,615,0.0,0,0,,
30837445,EuroLeague,2026-09-08T13:00:27.392535Z,75,167.5,171.0,over,4.3306,3.7436,4.293084,864,248.1,0,0,,
30837446,EuroLeague,2026-09-08T13:00:27.536445Z,75,123.5,115.0,under,2.9091,3.641,4.293084,864,239.6,0,0,,
30837448,EuroLeague,2026-09-08T13:00:34.438668Z,75,152.5,153.0,over,4.0661,3.0256,4.293084,864,166.8,0,0,,
30837449,EuroLeague,2026-09-08T13:00:34.609202Z,75,161.5,158.0,under,4.1653,3.641,4.293084,864,157.1,0,0,,
30837450,EuroLeague,2026-09-08T13:01:09.934571Z,75,163.5,157.0,under,4.1935,3.7222,4.293084,864,0.0,0,0,,
30837646,NBA,2026-09-08T13:25:27.327811Z,75,222.5,229.0,over,5.7,5.15,5.630956,1255,0.0,0,0,,
30837647,NBA,2026-09-08T13:25:32.783447Z,75,245.5,258.0,over,6.2667,5.75,5.630956,1255,69.8,0,0,,
30837648,NBA,2026-09-08T13:25:32.928228Z,75,229.5,234.0,over,5.9333,5.15,5.630956,1255,22.8,0,0,,
30838034,NBA,2026-09-08T14:13:27.985131Z,75,230.5,230.0,under,6.0667,4.85,5.633504,1267,0.0,0,0,,
30838023,NBA,2026-09-08T14:13:36.457570Z,75,225.5,242.0,over,5.9667,4.65,5.633504,1267,8.9,0,0,,
30838028,NBA,2026-09-08T14:13:37.152602Z,75,238.5,230.0,under,6.0333,5.75,5.633504,1267,187.2,0,0,,
30838029,NBA,2026-09-08T14:13:37.284786Z,75,230.5,224.0,under,5.9333,5.25,5.633504,1267,138.2,0,0,,
30838030,NBA,2026-09-08T14:13:37.419647Z,75,219.5,210.0,under,5.6667,4.95,5.633504,1267,129.9,0,0,,
30838031,NBA,2026-09-08T14:13:37.562984Z,75,238.5,256.0,over,6.2,5.25,5.633504,1267,78.8,0,0,,
30838032,NBA,2026-09-08T14:13:37.737187Z,75,213.5,229.0,over,5.4667,4.95,5.633504,1267,70.2,0,0,,
30838033,NBA,2026-09-08T14:13:37.896460Z,75,210.5,228.0,over,5.3667,4.95,5.633504,1267,18.2,0,0,,
30829264,CYBER,2026-09-08T14:38:47.767698Z,75,219.5,209.0,under,4.5556,4.625,4.454369,247,268.6,0,0,,
30838432,EuroLeague,2026-09-08T15:00:46.037569Z,75,166.5,164.0,under,4.0976,4.3784,4.289532,886,248.7,1,0,1,
30838434,EuroLeague,2026-09-08T15:00:53.228612Z,75,169.5,172.0,over,4.4553,3.5135,4.289532,886,243.8,0,0,,
30838435,EuroLeague,2026-09-08T15:00:53.400846Z,75,189.5,186.0,under,4.8852,4.2632,4.289532,886,168.1,0,0,,
30838436,EuroLeague,2026-09-08T15:00:53.624957Z,75,167.5,174.0,over,4.4553,3.2973,4.289532,886,159.9,0,0,,
30838438,EuroLeague,2026-09-08T15:01:53.316167Z,75,171.5,171.0,under,4.5039,3.4545,4.289532,886,0.0,0,0,,
30838401,NBA,2026-09-08T15:03:09.387133Z,75,226.5,220.0,under,6.0667,4.45,5.634676,1279,2.0,0,0,,
30838520,TBSL,2026-09-08T15:18:17.352367Z,75,180.5,181.0,over,4.5714,4.2222,4.163866,1071,0.0,0,0,,
30838521,TBSL,2026-09-08T15:18:32.418182Z,75,185.5,183.0,under,4.806,3.7692,4.163866,1071,0.0,0,0,,
30838522,TBSL,2026-09-08T15:20:10.429397Z,75,160.5,151.0,under,4.0857,3.5,4.163866,1071,0.0,0,0,,
30838672,KBL,2026-09-08T15:32:59.018631Z,75,169.5,161.0,under,4.2645,4.1538,3.879685,635,278.1,0,1,,1
30838673,KBL,2026-09-08T15:32:59.167475Z,75,132.5,122.0,under,3.1405,3.8462,3.879685,635,269.6,0,0,,
30838674,KBL,2026-09-08T15:32:59.335081Z,75,174.5,180.0,over,4.562,3.7436,3.879685,635,74.0,0,0,,
30838675,KBL,2026-09-08T15:32:59.480725Z,75,167.5,165.0,under,4.1653,4.2564,3.879685,635,65.1,0,1,,1
30838802,EuroLeague,2026-09-08T15:40:33.448836Z,75,170.5,171.0,over,4.6885,2.8947,4.29023,893,292.7,0,0,,
30838804,EuroLeague,2026-09-08T15:40:40.466419Z,75,165.5,165.0,under,4.2623,3.7368,4.29023,893,187.3,0,0,,
30838805,EuroLeague,2026-09-08T15:40:40.654890Z,75,145.5,143.0,under,3.8361,3.0,4.29023,893,179.3,0,0,,
30838807,EuroLeague,2026-09-08T15:40:47.686248Z,75,157.5,168.0,over,4.0328,3.6316,4.29023,893,84.2,0,0,,
30838808,EuroLeague,2026-09-08T15:40:50.977787Z,75,182.5,189.0,over,4.8197,3.7368,4.29023,893,79.2,0,0,,
30838809,EuroLeague,2026-09-08T15:44:55.514141Z,75,162.5,162.0,under,4.0571,4.1,4.29023,893,0.0,0,0,,
30838847,NBA,2026-09-08T15:49:34.590842Z,75,223.5,223.0,under,5.7333,5.15,5.636987,1291,27.1,0,0,,
30838848,NBA,2026-09-08T15:49:34.758767Z,75,246.5,253.0,over,6.4333,5.35,5.636987,1291,248.0,0,0,,
30838849,NBA,2026-09-08T15:49:34.910534Z,75,246.5,240.0,under,6.2667,5.85,5.636987,1291,150.2,0,0,,
30838850,NBA,2026-09-08T15:49:35.053242Z,75,215.5,219.0,over,5.4333,5.25,5.636987,1291,141.6,0,0,,
30838851,NBA,2026-09-08T15:49:35.195194Z,75,215.5,232.0,over,5.5333,4.95,5.636987,1291,42.9,0,0,,
30838852,NBA,2026-09-08T15:49:35.336396Z,75,190.5,193.0,over,4.8,4.65,5.636987,1291,35.9,0,0,,
30838853,NBA,2026-09-08T15:50:19.143693Z,75,232.5,224.0,under,6.1667,4.75,5.636987,1291,0.0,0,0,,
30838854,NBA,2026-09-08T15:50:27.735517Z,75,225.5,228.0,over,5.9333,4.75,5.636987,1291,0.0,0,0,,
30838855,NBA,2026-09-08T15:54:25.159043Z,75,230.5,225.0,under,6.0458,4.4828,5.636987,1291,0.0,0,0,,
30838856,NBA,2026-09-08T15:54:33.631059Z,75,237.5,240.0,over,6.303,4.2143,5.636987,1291,0.0,0,0,,
30838857,NBA,2026-09-08T15:56:15.557137Z,75,260.5,267.0,over,6.7914,4.6667,5.636987,1291,0.0,0,0,,
30838858,NBA,2026-09-08T15:56:24.071407Z,75,212.5,215.0,over,5.6115,3.3333,5.636987,1291,0.0,0,0,,
30838928,TBSL,2026-09-08T15:59:26.767860Z,75,166.5,168.0,over,4.2319,3.7273,4.16473,1076,0.0,0,0,,
30838929,TBSL,2026-09-08T15:59:34.627736Z,75,190.5,193.0,over,4.8696,4.0909,4.16473,1076,0.0,0,0,,
30838930,TBSL,2026-09-08T16:01:08.781635Z,75,147.5,149.0,over,3.6944,3.625,4.16473,1076,0.0,0,0,,
30838931,TBSL,2026-09-08T16:01:17.171428Z,75,148.5,150.0,over,3.7241,3.6,4.16473,1076,0.0,0,0,,
30839003,CBA,2026-09-08T16:09:02.738083Z,75,166.5,168.0,over,4.0992,4.359,4.433394,548,169.5,0,0,,
30839004,CBA,2026-09-08T16:09:53.106386Z,75,202.5,202.0,under,5.2381,4.4118,4.433394,548,0.0,0,0,,
30839005,CBA,2026-09-08T16:10:01.683449Z,75,191.5,194.0,over,5.1024,3.5758,4.433394,548,0.0,0,0,,
30839007,CBA,2026-09-08T16:11:18.463686Z,75,157.5,165.0,over,4.0,3.6429,4.433394,548,0.0,0,0,,
30839024,KBL,2026-09-08T16:12:51.939373Z,75,143.5,137.0,under,3.7355,3.1282,3.88,640,85.0,0,0,,
30839025,KBL,2026-09-08T16:13:00.885168Z,75,148.5,145.0,under,3.8374,3.2973,3.88,640,0.0,0,0,,
30839026,KBL,2026-09-08T16:13:09.493469Z,75,133.5,129.0,under,3.2258,3.7222,3.88,640,0.0,0,0,,
30839027,KBL,2026-09-08T16:14:43.659503Z,75,174.5,172.0,under,4.6462,3.1333,3.88,640,0.0,0,0,,
30839028,KBL,2026-09-08T16:14:52.470493Z,75,145.5,145.0,under,3.7231,3.2667,3.88,640,0.0,0,0,,
30829273,CYBER,2026-09-08T16:16:24.235727Z,75,224.5,204.0,under,4.7,4.6069,4.454681,251,0.0,0,0,,
30839088,EuroLeague,2026-09-08T16:20:18.024688Z,75,202.5,209.0,over,5.2333,4.55,4.289095,901,223.1,0,1,,0
30839090,EuroLeague,2026-09-08T16:20:25.181424Z,75,162.5,155.0,under,4.2333,3.55,4.289095,901,124.0,0,0,,
30839091,EuroLeague,2026-09-08T16:20:25.388609Z,75,156.5,158.0,over,4.0667,3.45,4.289095,901,116.0,0,0,,
30839092,EuroLeague,2026-09-08T16:22:16.330719Z,75,177.5,178.0,over,4.5891,3.8065,4.289095,901,0.0,0,0,,
30839093,EuroLeague,2026-09-08T16:22:24.968084Z,75,175.5,166.0,under,4.3411,4.5806,4.289095,901,0.0,0,1,,1
30839094,EuroLeague,2026-09-08T16:26:21.940363Z,75,163.5,156.0,under,4.1655,3.3333,4.289095,901,0.0,0,0,,
30839095,EuroLeague,2026-09-08T16:26:30.496374Z,75,185.5,187.0,over,4.6849,4.1429,4.289095,901,0.0,0,0,,
30839237,NBA,2026-09-08T16:37:50.197877Z,75,205.5,207.0,over,5.3333,4.55,5.638008,1303,0.0,0,0,,
30839238,NBA,2026-09-08T16:38:04.953956Z,75,212.5,208.0,under,5.4,5.05,5.638008,1303,0.0,0,0,,
30839232,NBA,2026-09-08T16:38:13.244049Z,75,253.5,253.0,under,6.6667,5.35,5.638008,1303,14.1,0,0,,
30839235,NBA,2026-09-08T16:38:13.666996Z,75,216.5,226.0,over,5.9,3.95,5.638008,1303,219.7,0,0,,
30839236,NBA,2026-09-08T16:38:13.807793Z,75,224.5,223.0,under,5.9333,4.65,5.638008,1303,210.8,0,0,,
30839239,NBA,2026-09-08T16:41:20.522349Z,75,239.5,243.0,over,6.4567,4.1818,5.638008,1303,0.0,0,0,,
30839240,NBA,2026-09-08T16:41:29.197851Z,75,257.5,254.0,under,6.9688,4.3125,5.638008,1303,0.0,0,0,,
30839241,NBA,2026-09-08T16:45:03.257483Z,75,234.5,237.0,over,6.0282,4.5556,5.638008,1303,0.0,0,0,,
30839242,NBA,2026-09-08T16:45:11.622114Z,75,204.5,200.0,under,5.2394,4.1111,5.638008,1303,0.0,0,0,,
30839338,CBA,2026-09-08T16:50:13.623237Z,75,191.5,198.0,over,5.0476,3.8235,4.434284,552,0.0,0,0,,
30839342,CBA,2026-09-08T16:50:41.580107Z,75,178.5,176.0,under,4.6512,3.6774,4.434284,552,0.0,0,0,,
30839365,KBL,2026-09-08T16:55:28.927975Z,75,137.5,135.0,under,3.4887,3.1852,3.87814,645,0.0,0,0,,
30839366,KBL,2026-09-08T16:55:37.570976Z,75,180.5,179.0,under,4.7218,3.4815,3.87814,645,0.0,0,0,,
30839420,EuroLeague,2026-09-08T17:05:36.877945Z,75,148.5,149.0,over,3.7465,3.4444,4.289317,908,0.0,0,0,,
30839421,EuroLeague,2026-09-08T17:05:45.118761Z,75,182.5,190.0,over,4.6154,4.1176,4.289317,908,0.0,0,0,,
30839512,TBSL,2026-09-08T17:15:36.777239Z,75,162.5,176.0,over,4.2623,3.4211,4.164027,1089,134.4,0,0,,
30839513,TBSL,2026-09-08T17:15:36.978963Z,75,178.5,184.0,over,4.7541,3.5263,4.164027,1089,124.6,0,0,,
30839514,TBSL,2026-09-08T17:16:39.261816Z,75,157.5,158.0,over,4.0317,3.5882,4.164027,1089,0.0,0,0,,
30839515,TBSL,2026-09-08T17:16:47.796951Z,75,181.5,174.0,under,4.7244,3.8182,4.164027,1089,0.0,0,0,,
30839516,TBSL,2026-09-08T17:18:28.632040Z,75,161.5,162.0,over,4.1493,3.4615,4.164027,1089,0.0,0,0,,
30839517,TBSL,2026-09-08T17:18:37.885495Z,75,149.5,149.0,under,3.791,3.4615,4.164027,1089,0.0,0,0,,
30839518,TBSL,2026-09-08T17:20:14.547718Z,75,154.5,154.0,under,3.9149,3.4737,4.164027,1089,0.0,0,0,,
30839519,TBSL,2026-09-08T17:20:22.927600Z,75,162.5,162.0,under,4.0851,3.8947,4.164027,1089,0.0,0,0,,
30839530,NBA,2026-09-08T17:25:29.250923Z,75,184.5,186.0,over,4.7333,4.25,5.638593,1315,0.0,0,0,,
30839525,NBA,2026-09-08T17:25:37.777176Z,75,224.5,235.0,over,5.8667,4.85,5.638593,1315,26.2,0,0,,
30839526,NBA,2026-09-08T17:25:38.110885Z,75,193.5,213.0,over,5.0667,4.15,5.638593,1315,127.2,0,0,,
30839528,NBA,2026-09-08T17:25:38.516372Z,75,205.5,204.0,under,5.0667,5.35,5.638593,1315,116.4,0,0,,
30839529,NBA,2026-09-08T17:25:38.733986Z,75,228.5,231.0,over,5.9,5.15,5.638593,1315,18.0,0,0,,
30839531,NBA,2026-09-08T17:29:24.902784Z,75,239.5,247.0,over,6.4252,4.303,5.638593,1315,0.0,0,0,,
30839532,NBA,2026-09-08T17:29:33.319893Z,75,261.5,263.0,over,6.9062,5.0625,5.638593,1315,0.0,0,0,,
30839533,NBA,2026-09-08T17:31:11.586019Z,75,241.5,243.0,over,6.3704,4.24,5.638593,1315,0.0,0,0,,
30839534,NBA,2026-09-08T17:31:19.970128Z,75,204.5,199.0,under,5.3333,3.92,5.638593,1315,0.0,0,0,,
30839536,NBA,2026-09-08T17:32:54.541373Z,75,262.5,264.0,over,6.8369,4.5263,5.638593,1315,0.0,0,0,,
30839566,CBA,2026-09-08T17:34:43.268533Z,75,155.5,151.0,under,3.9172,3.6,4.436036,555,0.0,0,0,,
30839569,CBA,2026-09-08T17:34:57.624002Z,75,197.5,196.0,under,5.0411,3.8571,4.436036,555,0.0,0,0,,
30839620,KBL,2026-09-08T17:38:12.709189Z,75,147.5,150.0,over,3.75,3.125,3.877846,650,0.0,0,0,,
30839621,KBL,2026-09-08T17:38:21.044639Z,75,145.5,148.0,over,3.6944,3.125,3.877846,650,0.0,0,0,,
30839667,EuroLeague,2026-09-08T17:42:29.291860Z,75,160.5,164.0,over,4.0615,3.8,4.290557,916,0.0,0,0,,
30839668,EuroLeague,2026-09-08T17:42:37.560918Z,75,146.5,155.0,over,3.7231,3.4,4.290557,916,0.0,0,0,,
30839669,EuroLeague,2026-09-08T17:44:15.164490Z,75,156.5,154.0,under,3.9416,3.7391,4.290557,916,0.0,0,0,,
30839670,EuroLeague,2026-09-08T17:44:23.405367Z,75,187.5,182.0,under,4.8759,3.5652,4.290557,916,0.0,0,0,,
30839671,EuroLeague,2026-09-08T17:45:20.936057Z,75,192.5,192.0,under,4.8794,4.3158,4.290557,916,0.0,0,0,,
30829279,CYBER,2026-09-08T18:11:12.047776Z,75,192.5,193.0,over,3.8056,4.625,4.456283,254,24.6,1,0,0,
30840006,KBL,2026-09-08T18:13:00.960672Z,75,152.5,148.0,under,4.0328,3.1053,3.876489,655,237.5,0,0,,
30840007,KBL,2026-09-08T18:13:01.204802Z,75,177.5,173.0,under,4.5289,4.1538,3.876489,655,229.2,0,1,,1
30839964,NBA,2026-09-08T18:13:30.412290Z,75,256.5,250.0,under,6.7667,5.35,5.639506,1327,0.0,0,0,,
30840062,EuroLeague,2026-09-08T18:20:38.804470Z,75,189.5,186.0,under,5.1901,3.3333,4.290255,921,227.4,0,0,,
30840150,TBSL,2026-09-08T18:35:02.986088Z,75,190.5,194.0,over,5.1667,3.55,4.161991,1105,0.0,0,0,,
30840148,TBSL,2026-09-08T18:35:23.154397Z,75,179.5,178.0,under,4.6281,4.0513,4.161991,1105,109.4,0,0,,
30840149,TBSL,2026-09-08T18:35:23.328714Z,75,148.5,156.0,over,3.7025,3.7436,4.161991,1105,101.0,0,0,,
30829298,CYBER,2026-09-08T18:41:20.553320Z,75,222.5,232.0,over,4.6793,4.4987,4.456055,256,289.2,0,0,,
30840273,EuroLeague,2026-09-08T19:00:41.024569Z,75,174.5,158.0,under,4.2645,4.6667,4.290501,929,268.3,1,1,1,1
30840274,EuroLeague,2026-09-08T19:00:41.304802Z,75,177.5,175.0,under,4.6281,3.8462,4.290501,929,260.1,0,0,,
30840275,EuroLeague,2026-09-08T19:00:41.497834Z,75,167.5,167.0,under,4.1653,4.2564,4.290501,929,181.7,0,0,,
30840276,EuroLeague,2026-09-08T19:00:41.691507Z,75,173.5,167.0,under,4.4959,3.8462,4.290501,929,170.6,0,0,,
30840226,NBA,2026-09-08T19:01:38.972210Z,75,208.5,200.0,under,5.4,4.65,5.637229,1339,0.0,0,0,,
30840314,TBSL,2026-09-08T19:16:44.751508Z,75,151.5,143.0,under,3.9,3.45,4.163512,1112,111.2,0,0,,
30840319,TBSL,2026-09-08T19:16:45.726437Z,75,182.5,182.0,under,4.9667,3.35,4.163512,1112,245.4,0,0,,
30840427,KBL,2026-09-08T19:32:46.345957Z,75,131.5,125.0,under,3.2333,3.45,3.873647,665,233.9,0,0,,
30840469,EuroLeague,2026-09-08T19:40:31.740574Z,75,162.5,176.0,over,4.4667,2.85,4.289396,936,231.3,0,0,,
30840487,NBA,2026-09-08T19:49:29.282066Z,75,233.5,246.0,over,6.1,5.05,5.636103,1351,0.0,0,0,,
30840488,NBA,2026-09-08T19:49:37.642936Z,75,220.5,213.0,under,5.7667,4.75,5.636103,1351,0.0,0,0,,
30840477,NBA,2026-09-08T19:49:41.106656Z,75,185.5,185.0,under,4.7,4.45,5.636103,1351,0.0,0,0,,
30840481,NBA,2026-09-08T19:49:47.127087Z,75,202.5,202.0,under,5.3333,4.25,5.636103,1351,275.4,0,0,,
30840482,NBA,2026-09-08T19:49:51.104198Z,75,236.5,249.0,over,6.4,4.45,5.636103,1351,271.1,0,0,,
30840483,NBA,2026-09-08T19:49:51.443825Z,75,225.5,230.0,over,6.1,4.25,5.636103,1351,188.0,0,0,,
30840484,NBA,2026-09-08T19:49:51.645083Z,75,216.5,218.0,over,5.5667,4.95,5.636103,1351,179.8,0,0,,
30840485,NBA,2026-09-08T19:49:51.864525Z,75,215.5,224.0,over,5.5667,4.85,5.636103,1351,105.0,0,0,,
30840486,NBA,2026-09-08T19:49:52.148782Z,75,221.5,223.0,over,5.8,4.75,5.636103,1351,96.9,0,0,,
30840530,TBSL,2026-09-08T19:55:08.280172Z,75,178.5,181.0,over,4.6333,3.95,4.162366,1118,150.9,0,0,,
30840531,TBSL,2026-09-08T19:55:08.545210Z,75,161.5,159.0,under,4.2667,3.35,4.162366,1118,142.9,0,0,,
30840532,TBSL,2026-09-08T19:55:08.734352Z,75,143.5,143.0,under,3.5667,3.65,4.162366,1118,65.5,0,0,,
30840533,TBSL,2026-09-08T19:55:08.945395Z,75,191.5,192.0,over,4.9667,4.25,4.162366,1118,57.1,0,0,,
30840534,TBSL,2026-09-08T19:55:34.140049Z,75,178.5,190.0,over,4.7869,3.4211,4.162366,1118,0.0,0,0,,
30840535,TBSL,2026-09-08T19:55:42.584996Z,75,157.5,176.0,over,4.0325,3.6216,4.162366,1118,0.0,0,0,,
30840606,CBA,2026-09-08T20:08:46.369315Z,75,192.5,183.0,under,5.1,3.95,4.434834,572,57.8,0,0,,
30840620,KBL,2026-09-08T20:12:54.889193Z,75,170.5,165.0,under,4.2645,4.2564,3.872164,670,296.0,0,1,,1
30840621,KBL,2026-09-08T20:12:55.060358Z,75,114.5,133.0,over,3.0744,2.2051,3.872164,670,212.2,0,0,,
30840622,KBL,2026-09-08T20:12:55.260608Z,75,150.5,153.0,over,3.9339,3.2308,3.872164,670,204.0,0,0,,
30840623,KBL,2026-09-08T20:12:55.404946Z,75,180.5,184.0,over,4.7273,3.8462,3.872164,670,128.7,0,0,,
30840624,KBL,2026-09-08T20:12:55.607859Z,75,169.5,167.0,under,4.5289,3.3333,3.872164,670,120.3,0,0,,
30840652,EuroLeague,2026-09-08T20:20:31.650192Z,75,149.5,154.0,over,4.0331,2.8205,4.291013,943,215.4,0,0,,
30829311,CYBER,2026-09-08T20:20:57.088429Z,75,213.5,213.0,under,4.3889,4.625,4.457523,257,137.3,1,0,1,
30840739,TBSL,2026-09-08T20:35:01.128241Z,75,196.5,203.0,over,5.1333,4.25,4.163301,1124,0.0,0,0,,
30840734,TBSL,2026-09-08T20:35:11.522729Z,75,137.5,143.0,over,3.6,2.95,4.163301,1124,140.2,0,0,,
30840735,TBSL,2026-09-08T20:35:11.726498Z,75,170.5,179.0,over,4.5667,3.35,4.163301,1124,133.1,0,0,,
30840736,TBSL,2026-09-08T20:35:11.922320Z,75,137.5,133.0,under,3.4667,3.35,4.163301,1124,80.7,0,0,,
30840737,TBSL,2026-09-08T20:35:12.111970Z,75,185.5,195.0,over,5.1333,3.15,4.163301,1124,72.3,0,0,,
30840738,TBSL,2026-09-08T20:35:12.254465Z,75,166.5,168.0,over,4.3,3.75,4.163301,1124,19.6,0,0,,
30840740,TBSL,2026-09-08T20:35:51.360913Z,75,157.5,160.0,over,4.0325,3.6216,4.163301,1124,0.0,0,0,,
30840692,NBA,2026-09-08T20:37:29.567327Z,75,220.5,226.0,over,5.6,5.25,5.635308,1363,0.0,0,0,,
30829310,CYBER,2026-09-08T20:38:22.262432Z,75,204.5,178.0,under,4.0278,4.9583,4.457445,258,140.9,1,1,1,1
30840913,TBSL,2026-09-08T21:15:19.492348Z,75,144.5,142.0,under,3.6364,3.5385,4.163638,1131,87.3,0,0,,
30840914,TBSL,2026-09-08T21:15:19.740765Z,75,158.5,165.0,over,4.0992,3.5385,4.163638,1131,78.6,0,0,,
30829314,CYBER,2026-09-08T21:22:38.989705Z,75,213.5,192.0,under,4.4444,4.4583,4.454087,260,94.4,1,0,1,
30840919,NBA,2026-09-08T21:25:28.841017Z,75,209.5,207.0,under,5.4667,4.55,5.636109,1375,0.0,0,0,,
30840923,NBA,2026-09-08T21:26:39.521283Z,75,229.5,228.0,under,6.1667,4.45,5.636109,1375,107.9,0,0,,
30840924,NBA,2026-09-08T21:26:39.682959Z,75,260.5,248.0,under,6.9667,5.15,5.636109,1375,99.6,0,0,,
30840925,NBA,2026-09-08T21:29:33.097620Z,75,219.5,218.0,under,5.875,3.9375,5.636109,1375,0.0,0,0,,
30840926,NBA,2026-09-08T21:29:41.649865Z,75,208.5,202.0,under,5.4884,4.0645,5.636109,1375,0.0,0,0,,
30840927,NBA,2026-09-08T21:33:36.060366Z,75,237.5,237.0,under,6.0833,4.625,5.636109,1375,0.0,0,0,,
30840928,NBA,2026-09-08T21:33:44.516960Z,75,242.5,239.0,under,6.2621,4.1333,5.636109,1375,0.0,0,0,,
30842088,KBL,2026-09-08T21:38:29.375208Z,75,134.5,131.0,under,3.3379,3.6,3.873088,680,0.0,0,0,,
30842138,EuroLeague,2026-09-08T21:44:16.108004Z,75,183.5,181.0,under,4.6423,4.2609,4.29273,956,0.0,0,0,,
30842139,EuroLeague,2026-09-08T21:44:24.729800Z,75,164.5,158.0,under,4.2044,3.5652,4.29273,956,0.0,0,0,,
30842140,EuroLeague,2026-09-08T21:45:51.163960Z,75,193.5,188.0,under,4.9231,4.1176,4.29273,956,0.0,0,0,,
30842143,EuroLeague,2026-09-08T21:46:11.479991Z,75,166.5,164.0,under,4.1655,4.1333,4.29273,956,0.0,0,0,,
30842145,EuroLeague,2026-09-08T21:47:41.344757Z,75,167.5,169.0,over,4.1589,4.6667,4.29273,956,0.0,1,1,0,0
30842146,EuroLeague,2026-09-08T21:47:49.755769Z,75,157.5,157.0,under,3.9735,3.3333,4.29273,956,0.0,0,0,,
30842273,TBSL,2026-09-08T21:55:14.430933Z,75,142.5,147.0,over,3.6667,3.25,4.162643,1139,143.2,0,0,,
30842274,TBSL,2026-09-08T21:55:14.560696Z,75,138.5,149.0,over,3.6333,2.95,4.162643,1139,134.9,0,0,,
30842275,TBSL,2026-09-08T21:55:14.689024Z,75,185.5,187.0,over,4.9256,3.7436,4.162643,1139,42.6,0,0,,
30842276,TBSL,2026-09-08T21:55:14.836749Z,75,159.5,155.0,under,4.1333,3.55,4.162643,1139,35.7,0,0,,
30842277,TBSL,2026-09-08T21:56:01.842926Z,75,179.5,175.0,under,4.6774,3.8333,4.162643,1139,0.0,0,0,,
30842445,CBA,2026-09-08T22:09:23.341993Z,75,157.5,154.0,under,4.0645,3.5,4.43406,585,0.0,0,0,,
30842446,CBA,2026-09-08T22:09:32.287572Z,75,165.5,167.0,over,4.16,4.0571,4.43406,585,0.0,0,0,,
30842447,CBA,2026-09-08T22:10:51.753826Z,75,179.5,178.0,under,4.5538,4.2,4.43406,585,0.0,0,0,,
30842448,CBA,2026-09-08T22:11:00.239472Z,75,201.5,205.0,over,5.2308,4.2,4.43406,585,0.0,0,0,,
30842449,CBA,2026-09-08T22:12:20.874124Z,75,174.5,171.0,under,4.3824,4.25,4.43406,585,0.0,0,0,,
30842492,KBL,2026-09-08T22:12:29.430274Z,75,132.5,137.0,over,3.3719,3.1282,3.871642,685,0.0,0,0,,
30842493,KBL,2026-09-08T22:13:58.231521Z,75,140.5,135.0,under,3.5906,3.2121,3.871642,685,0.0,0,0,,
30842392,NBA,2026-09-08T22:14:01.626296Z,75,236.5,238.0,over,6.1667,5.15,5.634229,1387,0.0,0,0,,
30842494,KBL,2026-09-08T22:14:06.731820Z,75,147.5,147.0,under,3.7165,3.5758,3.871642,685,0.0,0,0,,
30842495,KBL,2026-09-08T22:15:20.681406Z,75,156.5,164.0,over,3.9697,3.6429,3.871642,685,0.0,0,0,,
30842496,KBL,2026-09-08T22:15:29.032345Z,75,130.5,122.0,under,3.3083,3.037,3.871642,685,0.0,0,0,,
30842544,EuroLeague,2026-09-08T22:20:10.177667Z,75,157.5,170.0,over,3.9667,3.85,4.293024,964,205.5,0,0,,
30842546,EuroLeague,2026-09-08T22:20:17.213639Z,75,192.5,192.0,under,5.2333,3.55,4.293024,964,198.3,0,0,,
30842547,EuroLeague,2026-09-08T22:20:17.367112Z,75,167.5,167.0,under,4.3667,3.65,4.293024,964,125.9,0,0,,
30842548,EuroLeague,2026-09-08T22:20:17.507740Z,75,174.5,186.0,over,4.5667,3.75,4.293024,964,117.8,0,0,,
30842549,EuroLeague,2026-09-08T22:21:57.524677Z,75,165.5,163.0,under,4.2188,3.8125,4.293024,964,0.0,0,0,,
30842550,EuroLeague,2026-09-08T22:22:05.846509Z,75,164.5,151.0,under,4.0938,4.1875,4.293024,964,0.0,0,0,,
30842551,EuroLeague,2026-09-08T22:25:46.233733Z,75,140.5,138.0,under,3.4965,3.6471,4.293024,964,0.0,0,0,,
30842553,EuroLeague,2026-09-08T22:26:00.684427Z,75,161.5,161.0,under,4.0556,3.875,4.293024,964,0.0,0,0,,
30829330,CYBER,2026-09-08T22:28:04.894695Z,75,236.5,256.0,over,5.2806,3.8462,4.455571,264,139.0,0,0,,
30842630,TBSL,2026-09-08T22:35:05.929919Z,75,157.5,155.0,under,3.9,4.05,4.162467,1147,0.0,0,0,,
30842631,TBSL,2026-09-08T22:35:14.331113Z,75,157.5,146.0,under,4.0331,3.641,4.162467,1147,0.0,0,0,,
30842629,TBSL,2026-09-08T22:35:24.973883Z,75,168.5,169.0,over,4.2975,3.9487,4.162467,1147,232.1,0,0,,
30842632,TBSL,2026-09-08T22:36:41.306055Z,75,151.5,158.0,over,3.873,3.4706,4.162467,1147,0.0,0,0,,
30842633,TBSL,2026-09-08T22:36:49.868750Z,75,162.5,167.0,over,4.0945,3.9394,4.162467,1147,0.0,0,0,,
30842634,TBSL,2026-09-08T22:38:14.214585Z,75,146.5,137.0,under,3.6992,3.4815,4.162467,1147,0.0,0,0,,
30842635,TBSL,2026-09-08T22:38:22.858268Z,75,166.5,174.0,over,4.2707,3.6296,4.162467,1147,0.0,0,0,,
30842636,TBSL,2026-09-08T22:39:47.493492Z,75,176.5,173.0,under,4.4892,3.9048,4.162467,1147,0.0,0,0,,
30842726,KBL,2026-09-08T22:52:52.820806Z,75,142.5,147.0,over,3.7025,3.1282,3.86913,690,229.4,0,0,,
30842768,EuroLeague,2026-09-08T23:00:21.336806Z,75,163.5,164.0,over,4.2,3.75,4.291847,972,138.7,0,0,,
30842769,EuroLeague,2026-09-08T23:00:21.491793Z,75,155.5,151.0,under,3.9667,3.65,4.291847,972,47.0,0,0,,
30842770,EuroLeague,2026-09-08T23:00:21.650792Z,75,164.5,171.0,over,4.3,3.55,4.291847,972,38.8,0,0,,
30842771,EuroLeague,2026-09-08T23:00:57.110546Z,75,170.5,177.0,over,4.3548,3.9444,4.291847,972,0.0,0,0,,
30842772,EuroLeague,2026-09-08T23:01:05.433073Z,75,155.5,160.0,over,4.0,3.5,4.291847,972,0.0,0,0,,
30842745,NBA,2026-09-08T23:01:34.283687Z,75,215.5,211.0,under,5.4667,5.15,5.634096,1399,7.6,0,0,,
30842756,NBA,2026-09-08T23:01:36.353412Z,75,213.5,229.0,over,5.4333,5.05,5.634096,1399,228.8,0,0,,
30842773,EuroLeague,2026-09-08T23:02:21.405015Z,75,193.5,199.0,over,5.1163,3.6774,4.291847,972,0.0,0,0,,
30842774,EuroLeague,2026-09-08T23:02:29.814925Z,75,188.5,181.0,under,4.8308,4.2,4.291847,972,0.0,0,0,,
30842775,EuroLeague,2026-09-08T23:05:27.799856Z,75,170.5,174.0,over,4.2535,4.3333,4.291847,972,0.0,1,0,0,
30842832,TBSL,2026-09-08T23:15:14.344147Z,75,179.5,180.0,over,4.6612,3.9487,4.16132,1155,19.3,0,0,,
30842969,EuroLeague,2026-09-08T23:40:08.302599Z,75,157.5,160.0,over,4.1,3.45,4.291939,980,17.1,0,0,,
30843140,TBSL,2026-09-09T00:35:03.678124Z,75,149.5,161.0,over,3.7667,3.65,4.160896,1161,34.3,0,0,,
30843141,TBSL,2026-09-09T00:35:03.940899Z,75,182.5,193.0,over,4.8333,3.75,4.160896,1161,25.9,0,0,,
30843098,NBA,2026-09-09T00:37:26.994929Z,75,214.5,220.0,over,5.5667,4.75,5.633788,1411,0.0,0,0,,
30843087,NBA,2026-09-09T00:37:35.797802Z,75,212.5,217.0,over,5.4,5.05,5.633788,1411,2.9,0,0,,
30843092,NBA,2026-09-09T00:37:37.107769Z,75,254.5,260.0,over,6.6667,5.45,5.633788,1411,134.4,0,0,,
30843093,NBA,2026-09-09T00:37:37.376238Z,75,213.5,210.0,under,5.3667,5.25,5.633788,1411,126.1,0,0,,
30843095,NBA,2026-09-09T00:37:37.854739Z,75,233.5,234.0,over,6.3333,4.35,5.633788,1411,72.5,0,0,,
30843096,NBA,2026-09-09T00:37:38.136356Z,75,262.5,267.0,over,7.0,5.25,5.633788,1411,64.5,0,0,,
30843097,NBA,2026-09-09T00:37:38.429118Z,75,231.5,229.0,under,6.0,5.15,5.633788,1411,20.2,0,0,,
30829339,CYBER,2026-09-09T00:38:53.693786Z,75,234.5,221.0,under,5.0,4.5417,4.454213,268,39.9,0,0,,
30843250,EuroLeague,2026-09-09T01:00:08.473437Z,75,179.5,185.0,over,4.6667,3.95,4.290527,987,236.3,0,0,,
30843251,EuroLeague,2026-09-09T01:00:08.727821Z,75,165.5,167.0,over,4.3333,3.55,4.290527,987,228.1,0,0,,
30843252,EuroLeague,2026-09-09T01:00:08.967901Z,75,163.5,160.0,under,4.2333,3.65,4.290527,987,185.0,0,0,,
30843315,NBA,2026-09-09T01:25:32.552007Z,75,222.5,228.0,over,5.7,5.15,5.63577,1423,12.1,0,0,,
30843460,KBL,2026-09-09T01:33:21.736626Z,75,175.5,169.0,under,4.3252,4.5946,3.866596,705,250.7,0,1,,1
30843462,KBL,2026-09-09T01:33:22.109378Z,75,155.5,156.0,over,4.1967,2.8947,3.866596,705,234.1,0,0,,
30843605,EuroLeague,2026-09-09T01:40:09.102468Z,75,175.5,175.0,under,4.5667,3.85,4.290578,995,133.9,0,0,,
30843606,EuroLeague,2026-09-09T01:40:09.317365Z,75,157.5,152.0,under,3.9333,3.95,4.290578,995,119.6,0,0,,
30843607,EuroLeague,2026-09-09T01:42:38.969318Z,75,180.5,189.0,over,4.6154,4.0667,4.290578,995,0.0,0,0,,
30843609,EuroLeague,2026-09-09T01:42:53.175377Z,75,166.5,165.0,under,4.1221,4.3448,4.290578,995,0.0,1,0,1,
30843610,EuroLeague,2026-09-09T01:45:40.780527Z,75,179.5,175.0,under,4.5594,3.8824,4.290578,995,0.0,0,0,,
30843611,EuroLeague,2026-09-09T01:45:49.008562Z,75,177.5,183.0,over,4.5594,3.4118,4.290578,995,0.0,0,0,,
30844086,TBSL,2026-09-09T01:55:42.747204Z,75,139.5,134.0,under,3.4754,3.5263,4.161224,1176,119.4,0,0,,
30844160,CBA,2026-09-09T02:08:40.971680Z,75,196.5,199.0,over,5.0667,4.45,4.439621,607,267.4,0,0,,
30844161,CBA,2026-09-09T02:08:41.240628Z,75,161.5,160.0,under,4.2667,3.35,4.439621,607,259.2,0,0,,
30844162,CBA,2026-09-09T02:08:41.507450Z,75,169.5,185.0,over,4.3,4.05,4.439621,607,74.3,0,0,,
30844183,KBL,2026-09-09T02:12:40.733457Z,75,134.5,139.0,over,3.4333,3.15,3.867676,710,233.7,0,0,,
30844184,KBL,2026-09-09T02:12:40.882548Z,75,172.5,178.0,over,4.3667,4.15,3.867676,710,224.4,0,1,,0
30844185,KBL,2026-09-09T02:12:41.040845Z,75,151.5,154.0,over,3.6667,4.15,3.867676,710,153.5,1,1,0,0
30844144,NBA,2026-09-09T02:13:28.046248Z,75,246.5,251.0,over,6.4333,5.35,5.635331,1435,4.8,0,0,,
30844251,EuroLeague,2026-09-09T02:20:25.483658Z,75,174.5,177.0,over,4.595,3.641,4.290809,1001,264.9,0,0,,
30844297,TBSL,2026-09-09T02:35:36.415838Z,75,159.5,166.0,over,3.9016,4.2632,4.160938,1184,93.7,1,0,0,
30844299,TBSL,2026-09-09T02:37:51.023907Z,75,166.5,154.0,under,4.1832,4.069,4.160938,1184,0.0,0,0,,
30844300,TBSL,2026-09-09T02:37:59.871094Z,75,160.5,161.0,over,4.1515,3.3571,4.160938,1184,0.0,0,0,,
30844301,TBSL,2026-09-09T02:41:51.248794Z,75,159.5,156.0,under,4.0,3.8462,4.160938,1184,0.0,0,0,,
30844345,CBA,2026-09-09T02:49:24.603444Z,75,168.5,176.0,over,4.2951,3.9474,4.441789,612,221.3,0,0,,
30844346,CBA,2026-09-09T02:49:24.832003Z,75,181.5,182.0,over,4.9508,3.2105,4.441789,612,212.7,0,0,,
30844366,KBL,2026-09-09T02:53:31.240834Z,75,174.5,171.0,under,4.6504,3.4054,3.869258,714,181.1,0,0,,
30844367,KBL,2026-09-09T02:53:31.438596Z,75,132.5,140.0,over,3.4797,2.7568,3.869258,714,170.8,0,0,,
30844368,KBL,2026-09-09T02:54:18.801651Z,75,154.5,160.0,over,4.0,3.3125,3.869258,714,0.0,0,0,,
30844369,KBL,2026-09-09T02:54:27.048316Z,75,149.5,148.0,under,3.7829,3.5484,3.869258,714,0.0,0,0,,
30844370,KBL,2026-09-09T02:58:02.953954Z,75,150.5,143.0,under,3.8042,3.4118,3.869258,714,0.0,0,0,,
30844384,NBA,2026-09-09T03:01:33.329513Z,75,207.5,212.0,over,5.3,4.85,5.633846,1447,0.0,0,0,,
30844385,NBA,2026-09-09T03:01:49.077137Z,75,224.5,233.0,over,5.9667,4.55,5.633846,1447,41.9,0,0,,
30844386,NBA,2026-09-09T03:01:49.265184Z,75,248.5,237.0,under,6.5667,5.15,5.633846,1447,31.4,0,0,,
30844387,NBA,2026-09-09T03:02:40.946731Z,75,237.5,243.0,over,6.4,4.55,5.633846,1447,0.0,0,0,,
30844388,NBA,2026-09-09T03:02:49.620558Z,75,213.5,202.0,under,5.7,4.25,5.633846,1447,0.0,0,0,,
30844389,NBA,2026-09-09T03:06:10.088569Z,75,196.5,197.0,over,5.2,3.6667,5.633846,1447,0.0,0,0,,
30844390,NBA,2026-09-09T03:06:18.630259Z,75,218.5,211.0,under,5.8015,3.931,5.633846,1447,0.0,0,0,,
30844391,NBA,2026-09-09T03:07:40.271192Z,75,230.5,228.0,under,6.0294,4.25,5.633846,1447,0.0,0,0,,
30844392,NBA,2026-09-09T03:07:48.786477Z,75,248.5,241.0,under,6.4234,4.9565,5.633846,1447,0.0,0,0,,
30844393,NBA,2026-09-09T03:09:10.884115Z,75,233.5,229.0,under,5.9301,5.0588,5.633846,1447,0.0,0,0,,
30844394,NBA,2026-09-09T03:09:19.465766Z,75,196.5,202.0,over,5.035,3.8824,5.633846,1447,0.0,0,0,,
30844395,NBA,2026-09-09T03:10:12.720741Z,75,227.5,224.0,under,5.8231,4.1538,5.633846,1447,0.0,0,0,,
30829343,CYBER,2026-09-09T03:15:18.229341Z,75,214.5,218.0,over,4.4788,4.4379,4.456713,270,0.0,0,0,,
30844509,TBSL,2026-09-09T03:17:11.003955Z,75,181.5,175.0,under,4.6875,3.9375,4.159782,1191,0.0,0,0,,
30844510,TBSL,2026-09-09T03:17:19.397424Z,75,133.5,128.0,under,3.2558,3.6774,4.159782,1191,0.0,0,0,,
30844511,TBSL,2026-09-09T03:18:42.852450Z,75,161.5,162.0,over,4.0593,3.92,4.159782,1191,0.0,0,0,,
30844512,TBSL,2026-09-09T03:18:51.357912Z,75,167.5,168.0,over,4.2667,3.76,4.159782,1191,0.0,0,0,,
30844513,TBSL,2026-09-09T03:20:10.673101Z,75,159.5,165.0,over,4.0571,3.5,4.159782,1191,0.0,0,0,,
30844514,TBSL,2026-09-09T03:20:19.291493Z,75,180.5,185.0,over,4.5674,4.1053,4.159782,1191,0.0,0,0,,
30844515,TBSL,2026-09-09T03:21:40.378314Z,75,152.5,149.0,under,3.8356,3.5714,4.159782,1191,0.0,0,0,,
30844539,CBA,2026-09-09T03:28:48.412707Z,75,180.5,182.0,over,4.7333,3.85,4.441504,615,249.1,0,0,,
30844571,KBL,2026-09-09T03:32:59.352640Z,75,136.5,139.0,over,3.4711,3.2308,3.868846,719,288.4,0,0,,
30844572,KBL,2026-09-09T03:32:59.527010Z,75,146.5,142.0,under,3.8017,3.2308,3.868846,719,278.9,0,0,,
30844573,KBL,2026-09-09T03:32:59.697926Z,75,123.5,128.0,over,3.2397,2.6154,3.868846,719,195.7,0,0,,
30844574,KBL,2026-09-09T03:32:59.891472Z,75,159.5,174.0,over,4.2975,3.0256,3.868846,719,189.5,0,0,,
30844612,EuroLeague,2026-09-09T03:40:46.021414Z,75,156.5,151.0,under,3.7377,4.4737,4.287032,1016,278.4,1,1,1,1
30844614,NBA,2026-09-09T03:49:40.833221Z,75,202.5,194.0,under,5.1333,4.85,5.633071,1459,24.0,0,0,,
30844620,NBA,2026-09-09T03:49:41.859476Z,75,208.5,199.0,under,5.2,5.25,5.633071,1459,268.9,0,0,,
30844621,NBA,2026-09-09T03:49:42.008575Z,75,189.5,188.0,under,4.6667,4.95,5.633071,1459,260.7,0,0,,
30844622,NBA,2026-09-09T03:49:42.201707Z,75,239.5,225.0,under,6.2667,5.15,5.633071,1459,53.4,0,0,,
30844623,NBA,2026-09-09T03:49:42.373729Z,75,240.5,241.0,over,6.2333,5.35,5.633071,1459,44.2,0,0,,
30844624,NBA,2026-09-09T03:53:21.287939Z,75,205.5,191.0,under,5.3858,4.1818,5.633071,1459,0.0,0,0,,
30844625,NBA,2026-09-09T03:53:29.729736Z,75,238.5,241.0,over,6.375,4.3125,5.633071,1459,0.0,0,0,,
30844769,CBA,2026-09-09T04:14:19.736107Z,75,155.5,150.0,under,3.8611,4.125,4.442892,619,0.0,0,0,,
30844823,EuroLeague,2026-09-09T04:26:29.081901Z,75,192.5,187.0,under,4.8219,4.7143,4.287292,1023,0.0,0,1,,1
30844824,EuroLeague,2026-09-09T04:26:37.321213Z,75,189.5,192.0,over,4.7671,4.4286,4.287292,1023,0.0,0,0,,
30844865,NBA,2026-09-09T04:38:06.994698Z,75,224.5,217.0,under,5.8333,4.95,5.631492,1471,14.1,0,0,,
30844866,NBA,2026-09-09T04:38:07.208115Z,75,233.5,243.0,over,6.3333,4.35,5.631492,1471,144.2,0,0,,
30844867,NBA,2026-09-09T04:38:07.378273Z,75,219.5,226.0,over,5.8,4.55,5.631492,1471,138.2,0,0,,
30844868,NBA,2026-09-09T04:39:34.347556Z,75,231.5,230.0,under,6.2667,4.35,5.631492,1471,0.0,0,0,,
30844869,NBA,2026-09-09T04:39:42.677862Z,75,207.5,216.0,over,5.6198,3.8462,5.631492,1471,0.0,0,0,,
30844870,NBA,2026-09-09T04:43:30.281820Z,75,226.5,218.0,under,5.8235,4.75,5.631492,1471,0.0,0,0,,
30844871,NBA,2026-09-09T04:43:38.697779Z,75,244.5,240.0,under,6.4412,4.25,5.631492,1471,0.0,0,0,,
30844960,CBA,2026-09-09T04:51:20.936219Z,75,198.5,201.0,over,5.1818,3.9286,4.442524,622,0.0,0,0,,
30844962,CBA,2026-09-09T04:51:35.086718Z,75,205.5,204.0,under,5.2632,4.5185,4.442524,622,0.0,0,0,,
30844977,KBL,2026-09-09T04:57:13.096858Z,75,171.5,179.0,over,4.3143,4.1,3.866049,729,0.0,0,1,,0
30844978,KBL,2026-09-09T04:57:21.429927Z,75,182.5,176.0,under,4.6571,3.9,3.866049,729,0.0,0,0,,
30844996,EuroLeague,2026-09-09T05:03:38.196123Z,75,170.5,181.0,over,4.4179,3.4615,4.288458,1031,0.0,0,0,,
30844998,EuroLeague,2026-09-09T05:03:52.444709Z,75,151.5,147.0,under,3.8519,3.44,4.288458,1031,0.0,0,0,,
30845000,EuroLeague,2026-09-09T05:05:51.774005Z,75,136.5,133.0,under,3.3566,3.8824,4.288458,1031,0.0,0,0,,
30845001,EuroLeague,2026-09-09T05:05:59.943373Z,75,171.5,172.0,over,4.3333,3.875,4.288458,1031,0.0,0,0,,
30845002,EuroLeague,2026-09-09T05:07:44.146166Z,75,174.5,173.0,under,4.3444,4.6667,4.288458,1031,0.0,0,1,,1
30845003,EuroLeague,2026-09-09T05:07:52.759938Z,75,187.5,186.0,under,4.7417,3.7778,4.288458,1031,0.0,0,0,,
30845047,TBSL,2026-09-09T05:15:26.113129Z,75,146.5,144.0,under,3.7355,3.4359,4.158333,1206,0.0,0,0,,
30845048,TBSL,2026-09-09T05:15:34.298237Z,75,160.5,155.0,under,4.1967,3.4211,4.158333,1206,0.0,0,0,,
30845045,TBSL,2026-09-09T05:15:45.049322Z,75,161.5,162.0,over,4.2927,3.1892,4.158333,1206,136.2,0,0,,
30845046,TBSL,2026-09-09T05:15:45.229339Z,75,144.5,142.0,under,3.5738,3.7368,4.158333,1206,127.9,0,0,,
30845049,TBSL,2026-09-09T05:17:15.538313Z,75,160.5,167.0,over,4.031,3.9355,4.158333,1206,0.0,0,0,,
30845062,NBA,2026-09-09T05:25:44.204252Z,75,222.5,221.0,under,5.6667,5.25,5.631726,1483,0.0,0,0,,
30845068,NBA,2026-09-09T05:26:20.501570Z,75,184.5,190.0,over,4.7667,4.15,5.631726,1483,208.7,0,0,,
30845069,NBA,2026-09-09T05:26:20.649544Z,75,235.5,239.0,over,6.2,4.95,5.631726,1483,201.4,0,0,,
30845070,NBA,2026-09-09T05:26:20.799442Z,75,218.5,219.0,over,5.7333,4.65,5.631726,1483,105.0,0,0,,
30845071,NBA,2026-09-09T05:26:20.980132Z,75,244.5,257.0,over,6.7,4.35,5.631726,1483,96.9,0,0,,
30845072,NBA,2026-09-09T05:28:25.392217Z,75,247.5,247.0,under,6.8293,4.0541,5.631726,1483,0.0,0,0,,
30845073,NBA,2026-09-09T05:28:33.908126Z,75,227.5,217.0,under,6.1613,4.0556,5.631726,1483,0.0,0,0,,
30845093,CBA,2026-09-09T05:30:24.919811Z,75,168.5,169.0,over,4.3125,3.8125,4.4448,625,0.0,0,0,,
30845094,CBA,2026-09-09T05:30:33.283046Z,75,167.5,163.0,under,4.2171,4.0645,4.4448,625,0.0,0,0,,
30845095,CBA,2026-09-09T05:32:18.264049Z,75,189.5,198.0,over,4.8235,4.25,4.4448,625,0.0,0,0,,
30845096,CBA,2026-09-09T05:32:26.871231Z,75,153.5,155.0,over,3.8235,3.9167,4.4448,625,0.0,0,0,,
30845126,KBL,2026-09-09T05:35:55.773737Z,75,159.5,152.0,under,4.0296,3.76,3.866723,734,0.0,0,0,,
30845127,KBL,2026-09-09T05:36:04.019341Z,75,168.5,164.0,under,4.237,4.08,3.866723,734,0.0,0,1,,1
30845128,KBL,2026-09-09T05:37:43.711289Z,75,159.5,155.0,under,4.0563,3.4444,3.866723,734,0.0,0,0,,
30845187,EuroLeague,2026-09-09T05:40:52.644250Z,75,171.5,183.0,over,4.5203,3.5135,4.28756,1037,174.7,0,0,,
30845188,EuroLeague,2026-09-09T05:42:56.365000Z,75,177.5,176.0,under,4.5758,3.7857,4.28756,1037,0.0,0,0,,
30845189,EuroLeague,2026-09-09T05:43:04.847520Z,75,169.5,164.0,under,4.3636,3.6429,4.28756,1037,0.0,0,0,,
30845190,EuroLeague,2026-09-09T05:47:10.905132Z,75,168.5,169.0,over,4.2148,4.1818,4.28756,1037,0.0,0,0,,
30845191,EuroLeague,2026-09-09T05:47:19.424307Z,75,185.5,192.0,over,4.6711,4.1818,4.28756,1037,0.0,0,0,,
30845300,TBSL,2026-09-09T05:55:03.971530Z,75,173.5,167.0,under,4.4333,4.05,4.157234,1213,108.0,0,0,,
30845301,TBSL,2026-09-09T05:55:04.188053Z,75,142.5,155.0,over,3.6,3.45,4.157234,1213,99.8,0,0,,
30845302,TBSL,2026-09-09T05:55:04.422026Z,75,155.5,161.0,over,3.9667,3.65,4.157234,1213,20.5,0,0,,
30845303,TBSL,2026-09-09T05:55:04.642467Z,75,167.5,174.0,over,4.2667,3.95,4.157234,1213,12.2,0,0,,
30845304,TBSL,2026-09-09T05:56:14.512537Z,75,171.5,177.0,over,4.32,4.1714,4.157234,1213,0.0,0,0,,
30845305,TBSL,2026-09-09T05:56:23.006699Z,75,145.5,158.0,over,3.616,3.7143,4.157234,1213,0.0,0,0,,
30845306,TBSL,2026-09-09T05:57:48.883867Z,75,181.5,178.0,under,4.7023,3.7931,4.157234,1213,0.0,0,0,,
30845307,TBSL,2026-09-09T05:58:03.783494Z,75,164.5,152.0,under,4.2121,3.6429,4.157234,1213,0.0,0,0,,
30845398,CBA,2026-09-09T06:10:02.377609Z,75,178.5,182.0,over,4.5669,4.0606,4.44376,629,0.0,0,0,,
30845399,CBA,2026-09-09T06:10:11.044207Z,75,168.5,170.0,over,4.2835,3.9394,4.44376,629,0.0,0,0,,
30845401,CBA,2026-09-09T06:11:36.311857Z,75,177.5,177.0,under,4.4211,4.5185,4.44376,629,0.0,1,0,1,
30845414,KBL,2026-09-09T06:12:39.869975Z,75,164.5,153.0,under,4.3333,3.45,3.8682,739,49.4,0,0,,
30845415,KBL,2026-09-09T06:13:09.509584Z,75,182.5,187.0,over,4.7419,3.9444,3.8682,739,0.0,0,0,,
30845417,KBL,2026-09-09T06:13:26.596681Z,75,168.5,169.0,over,4.384,3.6,3.8682,739,0.0,0,0,,
30845386,NBA,2026-09-09T06:13:35.080089Z,75,211.5,222.0,over,5.5,4.65,5.632525,1495,6.7,0,0,,
30845397,NBA,2026-09-09T06:13:37.504288Z,75,209.5,222.0,over,5.4,4.75,5.632525,1495,293.8,0,0,,
30845418,KBL,2026-09-09T06:14:44.322946Z,75,155.5,159.0,over,3.9385,3.6667,3.8682,739,0.0,0,0,,
30845596,EuroLeague,2026-09-09T06:20:08.258064Z,75,176.5,199.0,over,4.9333,2.85,4.28988,1045,226.5,0,0,,
30845597,EuroLeague,2026-09-09T06:20:08.488534Z,75,167.5,163.0,under,4.3333,3.75,4.28988,1045,218.4,0,0,,
30845598,EuroLeague,2026-09-09T06:20:08.715197Z,75,176.5,163.0,under,4.4,4.45,4.28988,1045,144.8,0,0,,
30845599,EuroLeague,2026-09-09T06:20:08.919903Z,75,176.5,183.0,over,4.5333,4.05,4.28988,1045,136.7,0,0,,
30845600,EuroLeague,2026-09-09T06:20:09.106787Z,75,147.5,146.0,under,3.7,3.65,4.28988,1045,50.9,0,0,,
30845601,EuroLeague,2026-09-09T06:20:09.331962Z,75,181.5,187.0,over,4.8333,3.65,4.28988,1045,42.7,0,0,,
30845602,EuroLeague,2026-09-09T06:20:23.833608Z,75,178.5,171.0,under,4.6942,3.7436,4.28988,1045,0.0,0,0,,
30845603,EuroLeague,2026-09-09T06:20:32.318690Z,75,182.5,182.0,under,4.8197,3.7368,4.28988,1045,0.0,0,0,,
30845604,EuroLeague,2026-09-09T06:21:31.001899Z,75,164.5,165.0,over,4.1905,3.8235,4.28988,1045,0.0,0,0,,
30845860,NBA,2026-09-09T07:01:33.388729Z,75,251.5,261.0,over,6.6,5.35,5.632963,1507,0.0,0,0,,
30845910,EuroLeague,2026-09-09T07:02:25.549663Z,75,180.5,181.0,over,4.7385,3.5333,4.290228,1054,0.0,0,0,,
30845911,EuroLeague,2026-09-09T07:02:33.917714Z,75,176.5,176.0,under,4.4923,4.0667,4.290228,1054,0.0,0,0,,
30845912,EuroLeague,2026-09-09T07:06:15.551488Z,75,165.5,161.0,under,4.1379,4.1333,4.290228,1054,0.0,0,0,,
30845913,EuroLeague,2026-09-09T07:06:24.188501Z,75,165.5,162.0,under,4.1379,4.1333,4.290228,1054,0.0,0,0,,
30846043,TBSL,2026-09-09T07:16:15.093228Z,75,191.5,187.0,under,4.9355,4.2778,4.156596,1228,137.9,0,0,,
30846044,TBSL,2026-09-09T07:16:15.415824Z,75,150.5,157.0,over,3.8065,3.6111,4.156596,1228,127.5,0,0,,
30846045,TBSL,2026-09-09T07:18:21.048247Z,75,150.5,150.0,under,3.8195,3.4815,4.156596,1228,0.0,0,0,,
30846046,TBSL,2026-09-09T07:18:29.267723Z,75,158.5,151.0,under,4.0,3.7692,4.156596,1228,0.0,0,0,,
30846047,TBSL,2026-09-09T07:19:51.852360Z,75,144.5,140.0,under,3.6547,3.3333,4.156596,1228,0.0,0,0,,
30846048,TBSL,2026-09-09T07:20:00.483971Z,75,175.5,175.0,under,4.4286,4.1,4.156596,1228,0.0,0,0,,
30846049,TBSL,2026-09-09T07:21:25.058336Z,75,204.5,213.0,over,5.2138,4.1333,4.156596,1228,0.0,0,0,,
30846146,CBA,2026-09-09T07:28:36.743417Z,75,201.5,214.0,over,5.3,4.25,4.442649,636,244.4,0,0,,
30846189,KBL,2026-09-09T07:32:55.641547Z,75,148.5,161.0,over,4.0331,2.7179,3.869927,749,293.4,0,0,,
30846190,KBL,2026-09-09T07:32:55.946534Z,75,145.5,155.0,over,3.5702,3.8462,3.869927,749,285.4,0,0,,
30846191,KBL,2026-09-09T07:32:56.109245Z,75,152.5,155.0,over,4.0,3.2308,3.869927,749,209.8,0,0,,
30846325,NBA,2026-09-09T07:49:37.516334Z,75,238.5,252.0,over,6.4333,4.55,5.633986,1519,295.8,0,0,,
30846314,NBA,2026-09-09T07:49:50.226361Z,75,252.5,249.0,under,6.5667,5.55,5.633986,1519,0.0,0,0,,
30846432,TBSL,2026-09-09T07:55:00.985997Z,75,166.5,164.0,under,4.3667,3.55,4.156675,1236,0.0,0,0,,
30846429,TBSL,2026-09-09T07:55:14.428911Z,75,155.5,153.0,under,3.9,3.85,4.156675,1236,134.3,0,0,,
30846430,TBSL,2026-09-09T07:55:14.630418Z,75,170.5,173.0,over,4.4333,3.75,4.156675,1236,125.9,0,0,,
30846431,TBSL,2026-09-09T07:55:14.806261Z,75,147.5,143.0,under,3.8667,3.15,4.156675,1236,22.5,0,0,,
30846580,CBA,2026-09-09T08:08:58.188657Z,75,182.5,179.0,under,4.5667,4.55,4.442305,640,217.0,0,0,,
30846581,CBA,2026-09-09T08:08:58.428745Z,75,162.5,151.0,under,4.2667,3.45,4.442305,640,208.6,0,0,,
30846582,CBA,2026-09-09T08:09:43.258333Z,75,209.5,208.0,under,5.504,4.2857,4.442305,640,0.0,0,0,,
30846583,CBA,2026-09-09T08:09:51.963827Z,75,203.5,206.0,over,5.2698,4.4118,4.442305,640,0.0,0,0,,
30846606,KBL,2026-09-09T08:12:53.064296Z,75,164.5,156.0,under,4.4298,3.1282,3.870259,754,70.7,0,0,,
30846607,KBL,2026-09-09T08:12:53.338551Z,75,131.5,135.0,over,3.3388,3.1282,3.870259,754,62.3,0,0,,
30846608,KBL,2026-09-09T08:13:35.666095Z,75,148.5,147.0,under,3.68,3.8286,3.870259,754,0.0,0,0,,
30846609,KBL,2026-09-09T08:13:44.180954Z,75,162.5,170.0,over,4.1905,3.5882,3.870259,754,0.0,0,0,,
30846610,KBL,2026-09-09T08:15:33.283295Z,75,142.5,150.0,over,3.6692,3.037,3.870259,754,0.0,0,0,,
30846639,EuroLeague,2026-09-09T08:20:10.737665Z,75,165.5,161.0,under,4.4667,3.15,4.287816,1067,161.0,0,0,,
30846641,EuroLeague,2026-09-09T08:20:17.954184Z,75,183.5,177.0,under,4.8667,3.75,4.287816,1067,154.0,0,0,,
30846642,EuroLeague,2026-09-09T08:21:24.971162Z,75,170.5,163.0,under,4.448,3.6,4.287816,1067,0.0,0,0,,
30846643,EuroLeague,2026-09-09T08:21:32.204762Z,75,202.5,199.0,under,5.3016,4.1765,4.287816,1067,0.0,0,0,,
30846644,EuroLeague,2026-09-09T08:23:19.953723Z,75,193.5,189.0,under,4.9323,4.3704,4.287816,1067,0.0,0,0,,
30846645,EuroLeague,2026-09-09T08:23:28.549486Z,75,156.5,150.0,under,4.0597,3.1538,4.287816,1067,0.0,0,0,,
30846647,EuroLeague,2026-09-09T08:27:45.478397Z,75,194.5,190.0,under,4.8742,4.6667,4.287816,1067,0.0,0,1,,1
30846746,NBA,2026-09-09T08:37:28.915076Z,75,240.5,242.0,over,6.2667,5.25,5.635614,1531,0.0,0,0,,
30846747,NBA,2026-09-09T08:37:38.142864Z,75,229.5,233.0,over,6.0333,4.85,5.635614,1531,0.0,0,0,,
30846741,NBA,2026-09-09T08:37:46.167201Z,75,206.5,203.0,under,5.2,5.05,5.635614,1531,14.5,0,0,,
30846742,NBA,2026-09-09T08:37:46.460648Z,75,232.5,238.0,over,6.0,5.25,5.635614,1531,256.9,0,0,,
30846743,NBA,2026-09-09T08:37:46.724096Z,75,232.5,220.0,under,6.0,5.25,5.635614,1531,248.6,0,0,,
30846744,NBA,2026-09-09T08:37:46.946985Z,75,228.5,225.0,under,5.7667,5.55,5.635614,1531,137.6,0,0,,
30846745,NBA,2026-09-09T08:37:47.229913Z,75,215.5,230.0,over,5.6,4.75,5.635614,1531,129.3,0,0,,
30846748,NBA,2026-09-09T08:39:29.635998Z,75,211.5,211.0,under,5.7333,3.95,5.635614,1531,0.0,0,0,,
30846749,NBA,2026-09-09T08:39:38.219679Z,75,237.5,232.0,under,6.4,4.55,5.635614,1531,0.0,0,0,,
30846750,NBA,2026-09-09T08:41:14.359616Z,75,227.5,235.0,over,6.1102,4.0606,5.635614,1531,0.0,0,0,,
30846751,NBA,2026-09-09T08:41:22.867402Z,75,256.5,255.0,under,6.9291,4.4242,5.635614,1531,0.0,0,0,,
30846752,NBA,2026-09-09T08:43:04.753591Z,75,245.5,243.0,under,6.5075,4.2308,5.635614,1531,0.0,0,0,,
30847113,CBA,2026-09-09T08:48:20.852536Z,75,171.5,164.0,under,4.4667,3.75,4.443595,644,0.0,0,0,,
30847111,CBA,2026-09-09T08:48:52.606702Z,75,184.5,187.0,over,5.0333,3.35,4.443595,644,263.1,0,0,,
30847112,CBA,2026-09-09T08:48:52.835961Z,75,178.5,182.0,over,4.6333,3.95,4.443595,644,40.6,0,0,,
30847115,CBA,2026-09-09T08:50:08.572793Z,75,148.5,151.0,over,3.7165,3.697,4.443595,644,0.0,0,0,,
30847198,KBL,2026-09-09T08:52:45.276566Z,75,145.5,138.0,under,3.6667,3.55,3.86973,759,148.4,0,0,,
30847199,KBL,2026-09-09T08:55:11.032188Z,75,142.5,144.0,over,3.5152,3.7857,3.86973,759,0.0,0,0,,
30847200,KBL,2026-09-09T08:55:20.370120Z,75,158.5,147.0,under,4.0606,3.5,3.86973,759,0.0,0,0,,
30847201,KBL,2026-09-09T08:57:11.004112Z,75,123.5,118.0,under,3.1429,2.7,3.86973,759,0.0,0,0,,
30847202,KBL,2026-09-09T08:57:19.608067Z,75,148.5,153.0,over,3.7714,3.3,3.86973,759,0.0,0,0,,
30847263,EuroLeague,2026-09-09T09:00:31.854851Z,75,167.5,176.0,over,4.2295,4.0526,4.288478,1074,95.6,0,0,,
30847266,EuroLeague,2026-09-09T09:00:46.192590Z,75,181.5,178.0,under,4.8852,3.4211,4.288478,1074,88.5,0,0,,
30847267,EuroLeague,2026-09-09T09:06:07.995786Z,75,176.5,179.0,over,4.4444,4.125,4.288478,1074,0.0,0,0,,
30847268,EuroLeague,2026-09-09T09:06:16.566772Z,75,156.5,158.0,over,3.8897,4.1333,4.288478,1074,0.0,0,0,,
30847428,TBSL,2026-09-09T09:15:25.720214Z,75,147.5,149.0,over,3.7355,3.5385,4.15776,1250,0.0,0,0,,
30847430,TBSL,2026-09-09T09:15:42.761156Z,75,164.5,153.0,under,4.2276,3.7297,4.15776,1250,0.0,0,0,,
30847431,TBSL,2026-09-09T09:19:16.256486Z,75,159.5,157.0,under,4.0292,3.7391,4.15776,1250,0.0,0,0,,
30847432,TBSL,2026-09-09T09:19:24.921973Z,75,183.5,176.0,under,4.6715,4.087,4.15776,1250,0.0,0,0,,
30847481,NBA,2026-09-09T09:25:36.624480Z,75,245.5,243.0,under,6.5333,4.95,5.636617,1543,24.6,0,0,,
30847482,NBA,2026-09-09T09:25:36.772737Z,75,230.5,226.0,under,6.1333,4.65,5.636617,1543,139.6,0,0,,
30847483,NBA,2026-09-09T09:25:36.917584Z,75,231.5,222.0,under,6.0,5.15,5.636617,1543,129.4,0,0,,
30847484,NBA,2026-09-09T09:29:22.885369Z,75,241.5,246.0,over,6.4567,4.4242,5.636124,1544,0.0,0,0,,
30847485,NBA,2026-09-09T09:29:31.354887Z,75,215.5,214.0,under,5.75,3.9375,5.636124,1544,0.0,0,0,,
30847486,NBA,2026-09-09T09:33:10.204769Z,75,213.5,212.0,under,5.4648,4.3333,5.636124,1544,0.0,0,0,,
30847487,NBA,2026-09-09T09:33:18.924438Z,75,221.5,224.0,over,5.7063,4.1176,5.636124,1544,0.0,0,0,,
30847837,TBSL,2026-09-09T09:55:01.327056Z,75,155.5,153.0,under,4.0333,3.45,4.15714,1257,0.0,0,0,,
30847833,TBSL,2026-09-09T09:55:12.603591Z,75,172.5,179.0,over,4.7,3.15,4.15714,1257,278.8,0,0,,
30847834,TBSL,2026-09-09T09:55:12.813968Z,75,152.5,161.0,over,4.1667,2.75,4.15714,1257,270.4,0,0,,
30847835,TBSL,2026-09-09T09:55:13.030965Z,75,144.5,141.0,under,3.6667,3.45,4.15714,1257,28.7,0,0,,
30847838,TBSL,2026-09-09T09:56:47.122499Z,75,165.5,161.0,under,4.1575,4.0606,4.15714,1257,0.0,0,0,,
30847839,TBSL,2026-09-09T09:56:58.693642Z,75,168.5,174.0,over,4.3125,3.8125,4.15714,1257,0.0,0,0,,
30847953,CBA,2026-09-09T10:11:07.241255Z,75,195.5,190.0,under,5.0076,4.3448,4.442512,651,0.0,0,0,,
30847954,CBA,2026-09-09T10:12:57.515321Z,75,167.5,171.0,over,4.3188,3.3636,4.442512,651,0.0,0,0,,
30847955,CBA,2026-09-09T10:13:05.901251Z,75,167.5,164.0,under,4.259,3.7143,4.442512,651,0.0,0,0,,
30847939,NBA,2026-09-09T10:13:43.021821Z,75,207.5,215.0,over,5.3667,4.65,5.637098,1556,15.7,0,0,,
30847948,NBA,2026-09-09T10:13:45.858834Z,75,227.5,238.0,over,6.0333,4.65,5.637098,1556,291.8,0,0,,
30847949,NBA,2026-09-09T10:13:46.169804Z,75,211.5,207.0,under,5.3333,5.15,5.637098,1556,283.2,0,0,,
30847950,NBA,2026-09-09T10:13:46.706782Z,75,197.5,197.0,under,4.8333,5.25,5.637098,1556,168.3,0,0,,
30847981,KBL,2026-09-09T10:16:59.883571Z,75,176.5,173.0,under,4.518,3.7143,3.86593,769,0.0,0,0,,
30847982,KBL,2026-09-09T10:17:08.370577Z,75,138.5,132.0,under,3.5683,2.7619,3.86593,769,0.0,0,0,,
30847983,KBL,2026-09-09T10:18:50.248772Z,75,166.5,166.0,under,4.2192,3.5714,3.86593,769,0.0,0,0,,
30847984,KBL,2026-09-09T10:18:58.827413Z,75,127.5,132.0,over,3.1837,3.2308,3.86593,769,0.0,0,0,,
30848029,EuroLeague,2026-09-09T10:22:37.683119Z,75,173.5,169.0,under,4.5538,3.4,4.289466,1087,0.0,0,0,,
30848030,EuroLeague,2026-09-09T10:26:03.222483Z,75,146.5,142.0,under,3.6667,3.625,4.289466,1087,0.0,0,0,,
30848031,EuroLeague,2026-09-09T10:26:11.942937Z,75,189.5,190.0,over,4.7724,4.4,4.289466,1087,0.0,0,0,,
30848154,TBSL,2026-09-09T10:35:21.014961Z,75,152.5,162.0,over,4.1653,2.7179,4.156804,1264,205.1,0,0,,
30848155,TBSL,2026-09-09T10:35:21.219240Z,75,172.5,182.0,over,4.595,3.4359,4.156804,1264,196.8,0,0,,
30848156,TBSL,2026-09-09T10:35:55.620175Z,75,171.5,172.0,over,4.4553,3.7297,4.156804,1264,0.0,0,0,,
30848157,TBSL,2026-09-09T10:36:04.200353Z,75,181.5,177.0,under,4.5806,4.3889,4.156804,1264,0.0,0,1,,1
30848158,TBSL,2026-09-09T10:37:33.796034Z,75,169.5,179.0,over,4.3077,3.9333,4.156804,1264,0.0,0,0,,
30848159,TBSL,2026-09-09T10:37:42.247641Z,75,159.5,160.0,over,3.9695,4.069,4.156804,1264,0.0,0,0,,
30848160,TBSL,2026-09-09T10:39:10.107554Z,75,164.5,176.0,over,4.2059,3.5833,4.156804,1264,0.0,0,0,,
30848161,TBSL,2026-09-09T10:39:18.588457Z,75,176.5,177.0,over,4.4964,3.913,4.156804,1264,0.0,0,0,,
30848293,KBL,2026-09-09T10:52:46.679882Z,75,151.5,156.0,over,4.0331,3.0256,3.866053,774,222.8,0,0,,
30848294,KBL,2026-09-09T10:52:46.927350Z,75,168.5,166.0,under,4.4959,3.3333,3.866053,774,214.3,0,0,,
30848359,EuroLeague,2026-09-09T11:01:26.116575Z,75,166.5,164.0,under,4.3175,3.5882,4.29,1095,0.0,0,0,,
30848360,EuroLeague,2026-09-09T11:01:34.465409Z,75,174.5,175.0,over,4.6032,3.4706,4.29,1095,0.0,0,0,,
30848323,NBA,2026-09-09T11:01:42.910600Z,75,261.5,275.0,over,6.9667,5.25,5.637181,1568,0.7,0,0,,
30848332,NBA,2026-09-09T11:01:44.970737Z,75,237.5,243.0,over,6.1667,5.25,5.637181,1568,292.7,0,0,,
30848333,NBA,2026-09-09T11:01:45.251641Z,75,212.5,228.0,over,5.5333,4.65,5.637181,1568,223.2,0,0,,
30848334,NBA,2026-09-09T11:01:45.466941Z,75,222.5,217.0,under,5.6,5.45,5.637181,1568,215.1,0,0,,
30848362,EuroLeague,2026-09-09T11:04:57.419542Z,75,172.5,166.0,under,4.3714,3.9,4.29,1095,0.0,0,0,,
30848363,EuroLeague,2026-09-09T11:05:05.818299Z,75,129.5,125.0,under,3.2,3.5,4.29,1095,0.0,0,0,,
30848365,EuroLeague,2026-09-09T11:06:41.828679Z,75,201.5,207.0,over,5.1156,4.1538,4.29,1095,0.0,0,0,,
30848366,EuroLeague,2026-09-09T11:06:50.185033Z,75,149.5,146.0,under,3.7279,3.8462,4.29,1095,0.0,0,0,,
30848521,TBSL,2026-09-09T11:15:38.985799Z,75,164.5,162.0,under,4.3279,3.4211,4.157881,1272,127.6,0,0,,
30848525,TBSL,2026-09-09T11:15:39.777414Z,75,163.5,163.0,under,4.4262,3.0,4.157881,1272,139.1,0,0,,
30848526,TBSL,2026-09-09T11:15:40.013113Z,75,164.5,177.0,over,4.2975,3.5385,4.157881,1272,130.8,0,0,,
30848527,TBSL,2026-09-09T11:17:45.109702Z,75,146.5,151.0,over,3.7863,3.1034,4.157881,1272,0.0,0,0,,
30848528,TBSL,2026-09-09T11:17:53.585204Z,75,173.5,176.0,over,4.4885,3.6552,4.157881,1272,0.0,0,0,,
30848725,KBL,2026-09-09T11:32:35.560495Z,75,154.5,152.0,under,3.9667,3.55,3.866367,779,250.4,0,0,,
30848799,NBA,2026-09-09T11:49:26.201253Z,75,238.5,225.0,under,6.1333,5.45,5.638133,1580,0.0,0,0,,
30848808,NBA,2026-09-09T11:49:36.037391Z,75,246.5,252.0,over,6.7,4.55,5.638133,1580,257.5,0,0,,
30848809,NBA,2026-09-09T11:49:36.208345Z,75,199.5,211.0,over,5.2,4.35,5.638133,1580,249.1,0,0,,
30848810,NBA,2026-09-09T11:49:36.367881Z,75,219.5,218.0,under,5.7667,4.65,5.638133,1580,155.9,0,0,,
30848957,TBSL,2026-09-09T11:55:23.517979Z,75,169.5,169.0,under,4.0992,4.6667,4.157637,1280,75.3,1,1,1,1
30848958,TBSL,2026-09-09T11:55:23.751607Z,75,169.5,159.0,under,4.2645,4.1538,4.157637,1280,67.2,0,0,,
30848959,TBSL,2026-09-09T11:55:53.641317Z,75,175.5,180.0,over,4.6504,3.5135,4.157637,1280,0.0,0,0,,
30849040,CBA,2026-09-09T12:08:53.157616Z,75,173.5,171.0,under,4.4298,4.0513,4.438947,665,202.2,0,0,,
30849041,CBA,2026-09-09T12:08:53.332638Z,75,179.5,179.0,under,4.595,4.1538,4.438947,665,193.8,0,0,,
30849079,KBL,2026-09-09T12:12:58.857113Z,75,159.5,153.0,under,4.1322,3.5385,3.868208,784,182.5,0,0,,
30849080,KBL,2026-09-09T12:12:59.121790Z,75,154.5,151.0,under,3.9339,3.641,3.868208,784,174.3,0,0,,
30849081,KBL,2026-09-09T12:12:59.307096Z,75,148.5,149.0,over,3.9008,3.1282,3.868208,784,73.0,0,0,,
30849082,KBL,2026-09-09T12:12:59.489771Z,75,167.5,161.0,under,4.2975,3.8462,3.868208,784,64.4,0,0,,
30839784,CYBER,2026-09-09T12:15:41.582774Z,75,216.5,223.0,over,4.5556,4.375,4.456499,284,48.3,0,0,,
30849119,EuroLeague,2026-09-09T12:20:05.809689Z,75,164.5,161.0,under,4.1333,4.05,4.29018,1110,280.3,0,0,,
30849120,EuroLeague,2026-09-09T12:20:05.967669Z,75,187.5,184.0,under,5.0,3.75,4.29018,1110,272.6,0,0,,
30849121,EuroLeague,2026-09-09T12:20:06.137687Z,75,163.5,160.0,under,4.2667,3.55,4.29018,1110,175.0,0,0,,
30849122,EuroLeague,2026-09-09T12:20:06.292506Z,75,192.5,180.0,under,5.0333,4.15,4.29018,1110,164.4,0,0,,
30849124,EuroLeague,2026-09-09T12:20:13.152341Z,75,139.5,141.0,over,3.6,3.15,4.29018,1110,80.0,0,0,,
30849125,EuroLeague,2026-09-09T12:20:13.337959Z,75,150.5,166.0,over,3.9667,3.15,4.29018,1110,72.0,0,0,,
30849127,EuroLeague,2026-09-09T12:21:58.849593Z,75,180.5,196.0,over,4.6875,3.8125,4.29018,1110,0.0,0,0,,
30849128,EuroLeague,2026-09-09T12:22:07.079706Z,75,187.5,178.0,under,4.9062,3.8125,4.29018,1110,0.0,0,0,,
30849199,TBSL,2026-09-09T12:35:00.339523Z,75,142.5,143.0,over,3.6,3.45,4.157043,1285,45.7,0,0,,
30849200,TBSL,2026-09-09T12:35:00.564851Z,75,150.5,163.0,over,3.8,3.65,4.157043,1285,37.5,0,0,,
30849201,TBSL,2026-09-09T12:35:16.737262Z,75,141.5,139.0,under,3.6694,3.1282,4.157043,1285,0.0,0,0,,
30849202,TBSL,2026-09-09T12:35:25.369145Z,75,169.5,181.0,over,4.3306,3.9487,4.157043,1285,0.0,0,0,,
30849198,TBSL,2026-09-09T12:35:35.525223Z,75,169.5,177.0,over,4.3934,3.7368,4.157043,1285,138.6,0,0,,
30849203,TBSL,2026-09-09T12:36:22.882737Z,75,158.5,154.0,under,4.192,3.1429,4.157043,1285,0.0,0,0,,
30849204,TBSL,2026-09-09T12:36:31.215701Z,75,145.5,137.0,under,3.5873,3.8235,4.157043,1285,0.0,0,0,,
30849205,TBSL,2026-09-09T12:37:26.352453Z,75,166.5,171.0,over,4.2171,3.9355,4.157043,1285,0.0,0,0,,
30849178,NBA,2026-09-09T12:37:43.320090Z,75,237.5,229.0,under,6.4,4.55,5.637924,1592,15.7,0,0,,
30849189,NBA,2026-09-09T12:37:45.835055Z,75,236.5,240.0,over,6.2667,4.85,5.637924,1592,277.2,0,0,,
30849456,NBA,2026-09-09T13:25:56.557821Z,75,213.5,211.0,under,5.5,4.85,5.638638,1604,0.0,0,0,,
30849467,NBA,2026-09-09T13:26:34.737040Z,75,244.5,247.0,over,6.4333,5.15,5.638638,1604,216.9,0,0,,
30849550,CBA,2026-09-09T13:28:45.201257Z,75,198.5,190.0,under,5.0667,4.65,4.437685,674,235.6,0,1,,1
30849551,CBA,2026-09-09T13:28:45.402782Z,75,182.5,181.0,under,4.8333,3.75,4.437685,674,227.0,0,0,,
30849553,CBA,2026-09-09T13:29:10.132385Z,75,138.5,148.0,over,3.4472,3.5135,4.437685,674,0.0,0,0,,
30849617,KBL,2026-09-09T13:32:51.097179Z,75,144.5,143.0,under,3.4,4.25,3.869207,794,189.6,1,1,1,1
30849618,KBL,2026-09-09T13:33:01.089563Z,75,175.5,162.0,under,4.6179,3.6216,3.869207,794,0.0,0,0,,
30849619,KBL,2026-09-09T13:33:09.794554Z,75,145.5,138.0,under,3.7419,3.2778,3.869207,794,0.0,0,0,,
30849620,KBL,2026-09-09T13:34:47.844049Z,75,178.5,193.0,over,4.6769,3.5333,3.869207,794,0.0,0,0,,
30849621,KBL,2026-09-09T13:34:56.947770Z,75,157.5,163.0,over,4.0611,3.3793,3.869207,794,0.0,0,0,,
30849693,EuroLeague,2026-09-09T13:40:50.476971Z,75,150.5,155.0,over,3.9675,3.0811,4.289644,1125,151.7,0,0,,
30849694,EuroLeague,2026-09-09T13:40:50.670111Z,75,157.5,152.0,under,4.0,3.7297,4.289644,1125,143.4,0,0,,
30849695,EuroLeague,2026-09-09T13:45:29.119192Z,75,160.5,154.0,under,4.1127,3.2222,4.289644,1125,0.0,0,0,,
30849696,EuroLeague,2026-09-09T13:45:37.870213Z,75,174.5,173.0,under,4.4225,3.8889,4.289644,1125,0.0,0,0,,
30849697,EuroLeague,2026-09-09T13:47:25.561706Z,75,197.5,197.0,under,4.9867,4.2,4.289644,1125,0.0,0,0,,
30849698,EuroLeague,2026-09-09T13:47:34.268512Z,75,164.5,159.0,under,4.1333,3.8,4.289644,1125,0.0,0,0,,
30839791,CYBER,2026-09-09T13:50:16.903224Z,75,221.5,229.0,over,4.5278,4.875,4.459277,287,0.0,0,1,,0
30849893,TBSL,2026-09-09T13:55:01.978439Z,75,199.5,190.0,under,5.2,4.35,4.155754,1299,52.4,0,1,,1
30849894,TBSL,2026-09-09T13:55:02.176833Z,75,135.5,139.0,over,3.3667,3.45,4.155754,1299,44.6,0,0,,
30849895,TBSL,2026-09-09T13:58:04.376720Z,75,165.5,160.0,under,4.2424,3.6429,4.155754,1299,0.0,0,0,,
30849896,TBSL,2026-09-09T13:58:11.062731Z,75,134.5,136.0,over,3.3333,3.5,4.155754,1299,0.0,0,0,,
30849897,TBSL,2026-09-09T14:02:09.382958Z,75,150.5,147.0,under,3.7568,3.8333,4.155754,1299,0.0,0,0,,
30849898,TBSL,2026-09-09T14:02:17.880241Z,75,150.5,150.0,under,3.7838,3.5,4.155754,1299,0.0,0,0,,
30850003,NBA,2026-09-09T14:13:46.330158Z,75,230.5,234.0,over,6.1,4.75,5.637686,1616,29.9,0,0,,
30850004,NBA,2026-09-09T14:13:46.597528Z,75,231.5,226.0,under,5.8667,5.55,5.637686,1616,185.2,0,0,,
30850005,NBA,2026-09-09T14:13:46.791395Z,75,234.5,233.0,under,6.1667,4.95,5.637686,1616,176.8,0,0,,
30850006,NBA,2026-09-09T14:14:32.679955Z,75,213.5,220.0,over,5.7667,4.05,5.637686,1616,0.0,0,0,,
30850007,NBA,2026-09-09T14:14:41.203822Z,75,211.5,213.0,over,5.7,4.05,5.637686,1616,0.0,0,0,,
30850008,NBA,2026-09-09T14:18:27.047190Z,75,239.5,234.0,under,6.3333,4.3571,5.637686,1616,0.0,0,0,,
30850009,NBA,2026-09-09T14:18:35.918067Z,75,198.5,181.0,under,5.2424,3.6429,5.637686,1616,0.0,0,0,,
30850010,NBA,2026-09-09T14:22:51.232111Z,75,218.5,216.0,under,5.557,4.1818,5.637686,1616,0.0,0,0,,
30850011,NBA,2026-09-09T14:23:00.378079Z,75,268.5,262.0,under,6.8267,5.0,5.637686,1616,0.0,0,0,,
30850316,TBSL,2026-09-09T14:35:30.824635Z,75,180.5,180.0,under,4.6885,3.9474,4.15446,1306,0.0,0,0,,
30850317,TBSL,2026-09-09T14:35:39.715008Z,75,165.5,159.0,under,4.2623,3.7368,4.15446,1306,0.0,0,0,,
30850312,TBSL,2026-09-09T14:35:53.975401Z,75,181.5,171.0,under,4.9431,3.1892,4.15446,1306,281.0,0,0,,
30850314,TBSL,2026-09-09T14:35:54.360673Z,75,187.5,183.0,under,4.9431,3.8378,4.15446,1306,273.0,0,0,,
30850318,TBSL,2026-09-09T14:37:13.094751Z,75,163.5,165.0,over,4.124,3.9355,4.15446,1306,0.0,0,0,,
30850636,EuroLeague,2026-09-09T14:59:56.989921Z,75,195.5,196.0,over,5.0667,4.35,4.289505,1141,0.0,0,0,,
30850633,EuroLeague,2026-09-09T15:00:08.423446Z,75,165.5,165.0,under,4.1,4.25,4.289505,1141,127.0,0,0,,
30850634,EuroLeague,2026-09-09T15:00:08.710071Z,75,150.5,141.0,under,4.0667,2.85,4.289505,1141,118.8,0,0,,
30850635,EuroLeague,2026-09-09T15:00:08.967970Z,75,213.5,229.0,over,5.6667,4.35,4.289505,1141,21.2,0,0,,
30850638,EuroLeague,2026-09-09T15:01:23.462218Z,75,202.5,210.0,over,5.28,4.2857,4.289505,1141,0.0,0,0,,
30850554,NBA,2026-09-09T15:01:26.973633Z,75,211.5,202.0,under,5.4,4.95,5.636916,1628,0.0,0,0,,
30850639,EuroLeague,2026-09-09T15:01:31.821054Z,75,169.5,170.0,over,4.4127,3.5882,4.289505,1141,0.0,0,0,,
30850640,EuroLeague,2026-09-09T15:04:41.989004Z,75,168.5,166.0,under,4.2878,3.7143,4.289505,1141,0.0,0,0,,
30850750,TBSL,2026-09-09T15:15:48.902144Z,75,185.5,170.0,under,4.9106,3.7297,4.154977,1311,21.3,0,0,,
30850754,TBSL,2026-09-09T15:15:49.919870Z,75,176.5,165.0,under,4.5528,3.9459,4.154977,1311,162.9,0,0,,
30850755,TBSL,2026-09-09T15:15:50.146337Z,75,168.5,171.0,over,4.5528,3.0811,4.154977,1311,154.5,0,0,,
30850976,KBL,2026-09-09T15:32:56.146128Z,75,188.5,189.0,over,5.3,2.95,3.869129,809,191.3,0,0,,
30850977,KBL,2026-09-09T15:32:56.500608Z,75,141.5,134.0,under,3.6,3.35,3.869129,809,182.4,0,0,,
30850978,KBL,2026-09-09T15:32:56.789144Z,75,149.5,151.0,over,3.8333,3.45,3.869129,809,55.3,0,0,,
30851047,EuroLeague,2026-09-09T15:40:19.865581Z,75,186.5,184.0,under,5.124,3.2308,4.291159,1148,218.5,0,0,,
30851048,EuroLeague,2026-09-09T15:40:20.139515Z,75,145.5,144.0,under,3.7686,3.2308,4.291159,1148,209.9,0,0,,
30851049,EuroLeague,2026-09-09T15:40:20.410315Z,75,180.5,179.0,under,4.7603,3.7436,4.291159,1148,87.0,0,0,,
30851050,EuroLeague,2026-09-09T15:40:20.712163Z,75,155.5,155.0,under,4.0,3.5385,4.291159,1148,78.5,0,0,,
30851051,EuroLeague,2026-09-09T15:46:17.886841Z,75,196.5,198.0,over,4.9931,4.1333,4.291159,1148,0.0,0,0,,
30851053,EuroLeague,2026-09-09T15:46:32.681542Z,75,178.5,187.0,over,4.4932,4.1429,4.291159,1148,0.0,0,0,,
30851104,NBA,2026-09-09T15:49:30.722197Z,75,205.5,205.0,under,5.2,4.95,5.637515,1640,0.0,0,0,,
30851105,NBA,2026-09-09T15:50:46.290602Z,75,233.5,226.0,under,6.3667,4.25,5.637515,1640,0.0,0,0,,
30851107,NBA,2026-09-09T15:55:48.763408Z,75,253.5,251.0,under,6.6569,4.4348,5.637515,1640,0.0,0,0,,
30851176,TBSL,2026-09-09T16:01:37.589698Z,75,158.5,163.0,over,4.0274,3.2857,4.155258,1317,0.0,0,0,,
30851266,CBA,2026-09-09T16:08:39.349100Z,75,148.5,148.0,under,3.8667,3.25,4.436156,688,272.4,0,0,,
30851267,CBA,2026-09-09T16:08:39.745459Z,75,220.5,225.0,over,5.8,4.65,4.436156,688,159.2,0,1,,0
30851269,CBA,2026-09-09T16:08:47.124206Z,75,185.5,185.0,under,4.8,4.15,4.436156,688,152.1,0,0,,
30839822,CYBER,2026-09-09T16:12:19.123096Z,75,205.5,208.0,over,4.25,4.375,4.461972,292,94.6,0,0,,
30851302,KBL,2026-09-09T16:12:52.011262Z,75,146.5,153.0,over,3.7667,3.35,3.868919,814,121.4,0,0,,
30851303,KBL,2026-09-09T16:12:52.321543Z,75,151.5,162.0,over,3.8667,3.55,3.868919,814,113.5,0,0,,
30851304,KBL,2026-09-09T16:14:36.909797Z,75,143.5,149.0,over,3.6589,3.2903,3.868919,814,0.0,0,0,,
30851305,KBL,2026-09-09T16:14:45.467569Z,75,153.5,160.0,over,3.8462,3.8,3.868919,814,0.0,0,0,,
30851306,KBL,2026-09-09T16:18:27.804808Z,75,161.5,159.0,under,4.0,4.4,3.868919,814,0.0,0,1,,1
30851363,EuroLeague,2026-09-09T16:20:59.629249Z,75,195.5,198.0,over,5.1667,4.05,4.292366,1156,143.3,0,0,,
30851364,EuroLeague,2026-09-09T16:20:59.852323Z,75,159.5,159.0,under,4.0667,3.75,4.292366,1156,51.6,0,0,,
30851367,EuroLeague,2026-09-09T16:21:13.858901Z,75,188.5,183.0,under,5.0,3.85,4.292366,1156,45.8,0,0,,
30851368,EuroLeague,2026-09-09T16:21:43.463584Z,75,164.5,159.0,under,4.2602,3.6216,4.292366,1156,0.0,0,0,,
30851508,TBSL,2026-09-09T16:36:14.933455Z,75,185.5,194.0,over,4.7934,4.1538,4.155528,1325,0.0,0,0,,
30851509,TBSL,2026-09-09T16:36:23.861316Z,75,177.5,166.0,under,4.7603,3.4359,4.155528,1325,0.0,0,0,,
30851505,TBSL,2026-09-09T16:36:37.478323Z,75,168.5,182.0,over,4.3934,3.6316,4.155528,1325,227.0,0,0,,
30851506,TBSL,2026-09-09T16:36:37.744947Z,75,162.5,154.0,under,4.2295,3.5263,4.155528,1325,159.6,0,0,,
30851507,TBSL,2026-09-09T16:36:38.060003Z,75,135.5,138.0,over,3.377,3.4211,4.155528,1325,90.4,0,0,,
30851561,CBA,2026-09-09T16:49:50.624802Z,75,153.5,160.0,over,4.0667,3.15,4.437084,691,263.9,0,0,,
30839955,CYBER,2026-09-09T16:55:37.059065Z,75,210.5,241.0,over,4.5833,3.7917,4.461533,293,222.8,0,0,,
30851601,NBA,2026-09-09T17:02:30.598960Z,75,215.5,214.0,under,5.5,5.05,5.637954,1652,0.0,0,0,,
30851602,NBA,2026-09-09T17:02:39.217091Z,75,241.5,233.0,under,6.3,5.25,5.637954,1652,0.0,0,0,,
30851598,NBA,2026-09-09T17:02:47.999902Z,75,261.5,266.0,over,6.9,5.45,5.637954,1652,26.1,0,0,,
30851599,NBA,2026-09-09T17:02:48.220771Z,75,267.5,260.0,under,7.1,5.45,5.637954,1652,106.4,0,0,,
30851600,NBA,2026-09-09T17:02:48.399789Z,75,221.5,232.0,over,5.9,4.45,5.637954,1652,98.2,0,0,,
30851736,TBSL,2026-09-09T17:16:30.980011Z,75,152.5,149.0,under,3.9008,3.5385,4.155409,1331,27.5,0,0,,
30851740,TBSL,2026-09-09T17:16:31.765349Z,75,146.5,154.0,over,3.7355,3.4359,4.155409,1331,174.0,0,0,,
30851777,CBA,2026-09-09T17:29:46.392454Z,75,142.5,142.0,under,3.6667,3.25,4.436688,693,242.4,0,0,,
30851865,KBL,2026-09-09T17:33:30.604600Z,75,132.5,137.0,over,3.4333,2.95,3.869702,821,51.6,0,0,,
30851889,EuroLeague,2026-09-09T17:41:21.453143Z,75,182.5,186.0,over,4.6,4.45,4.293348,1165,222.5,0,0,,
30851891,EuroLeague,2026-09-09T17:41:29.237219Z,75,184.5,184.0,under,4.8,4.05,4.293348,1165,215.9,0,0,,
30851911,NBA,2026-09-09T17:50:43.459765Z,75,262.5,257.0,under,6.9333,5.45,5.638932,1658,1.1,0,0,,
30851916,NBA,2026-09-09T17:50:45.421428Z,75,235.5,228.0,under,5.9333,5.75,5.638932,1658,247.8,0,0,,
30852066,TBSL,2026-09-09T17:56:11.996170Z,75,161.5,162.0,over,4.1,3.85,4.154921,1336,182.6,0,0,,
30852067,TBSL,2026-09-09T17:56:12.249273Z,75,162.5,162.0,under,4.2667,3.45,4.154921,1336,173.9,0,0,,
30852068,TBSL,2026-09-09T17:56:12.471676Z,75,149.5,162.0,over,3.7333,3.75,4.154921,1336,107.2,0,0,,
30852173,KBL,2026-09-09T18:13:30.416369Z,75,145.5,141.0,under,3.7,3.45,3.868864,823,214.6,0,0,,
30852172,KBL,2026-09-09T18:13:47.125829Z,75,157.5,152.0,under,4.0992,3.4359,3.868864,823,240.4,0,0,,
30839956,CYBER,2026-09-09T18:15:19.784504Z,75,214.5,197.0,under,4.5,4.375,4.462782,295,40.3,0,0,,
30852191,EuroLeague,2026-09-09T18:21:00.597311Z,75,187.5,189.0,over,4.7667,4.45,4.294274,1170,281.8,0,0,,
30852192,EuroLeague,2026-09-09T18:21:00.773055Z,75,218.5,212.0,under,5.7,4.75,4.294274,1170,273.6,0,1,,1
30852193,EuroLeague,2026-09-09T18:21:01.024338Z,75,185.5,179.0,under,5.0333,3.45,4.294274,1170,230.4,0,0,,
30852194,EuroLeague,2026-09-09T18:21:01.234415Z,75,178.5,183.0,over,4.8333,3.35,4.294274,1170,222.3,0,0,,
30852196,EuroLeague,2026-09-09T18:21:08.353420Z,75,160.5,160.0,under,4.0,4.05,4.294274,1170,179.9,0,0,,
30852341,TBSL,2026-09-09T18:36:17.888615Z,75,168.5,178.0,over,4.5,3.35,4.154866,1341,170.2,0,0,,
30852342,TBSL,2026-09-09T18:36:18.269208Z,75,174.5,171.0,under,4.4667,4.05,4.154866,1341,81.5,0,0,,
30852343,TBSL,2026-09-09T18:36:18.615600Z,75,152.5,147.0,under,4.0,3.25,4.154866,1341,73.5,0,0,,
30852307,NBA,2026-09-09T18:38:36.187713Z,75,228.5,214.0,under,5.8,5.45,5.64037,1664,29.1,0,0,,
30852308,NBA,2026-09-09T18:38:36.413855Z,75,211.5,203.0,under,5.3667,5.05,5.64037,1664,96.7,0,0,,
30852309,NBA,2026-09-09T18:38:36.785263Z,75,254.5,251.0,under,6.7,5.35,5.64037,1664,17.4,0,0,,
30852410,CBA,2026-09-09T18:49:45.687422Z,75,190.5,185.0,under,5.0248,3.9487,4.435165,696,0.0,0,0,,
30852429,KBL,2026-09-09T18:53:45.455093Z,75,159.5,153.0,under,4.1667,3.45,3.868364,825,168.1,0,0,,
30852469,EuroLeague,2026-09-09T19:01:11.940202Z,75,141.5,148.0,over,3.7333,2.95,4.295638,1175,290.1,0,0,,
30852471,EuroLeague,2026-09-09T19:01:19.333879Z,75,175.5,183.0,over,4.7333,3.35,4.295638,1175,283.3,0,0,,
30852472,EuroLeague,2026-09-09T19:01:19.539624Z,75,139.5,144.0,over,3.4667,3.55,4.295638,1175,201.2,0,0,,
30852473,EuroLeague,2026-09-09T19:01:19.744590Z,75,188.5,195.0,over,4.9333,4.05,4.295638,1175,192.7,0,0,,
30852540,TBSL,2026-09-09T19:16:28.295031Z,75,165.5,156.0,under,4.2667,3.75,4.154848,1346,256.2,0,0,,
30852541,TBSL,2026-09-09T19:16:28.492024Z,75,179.5,181.0,over,4.5,4.45,4.154848,1346,246.2,0,1,,0
30852542,TBSL,2026-09-09T19:16:28.731166Z,75,175.5,170.0,under,4.5667,3.85,4.154848,1346,185.1,0,0,,
30852543,TBSL,2026-09-09T19:16:28.968640Z,75,167.5,166.0,under,4.2333,4.05,4.154848,1346,177.1,0,0,,
30852564,NBA,2026-09-09T19:26:55.859744Z,75,193.5,199.0,over,4.8333,4.85,5.640314,1670,0.0,0,0,,
30852565,NBA,2026-09-09T19:27:10.027524Z,75,219.5,231.0,over,5.7,4.85,5.640314,1670,130.7,0,0,,
30852566,NBA,2026-09-09T19:27:10.364057Z,75,232.5,239.0,over,6.2333,4.55,5.640314,1670,122.5,0,0,,
30852834,TBSL,2026-09-09T19:56:01.971893Z,75,156.5,156.0,under,3.9333,3.85,4.1549,1352,35.7,0,0,,
30852838,TBSL,2026-09-09T19:56:02.785431Z,75,141.5,148.0,over,3.5333,3.55,4.1549,1352,289.4,0,0,,
30852839,TBSL,2026-09-09T19:56:03.035703Z,75,155.5,163.0,over,4.0,3.55,4.1549,1352,211.5,0,0,,
30852873,NBA,2026-09-09T20:14:43.138665Z,75,231.5,237.0,over,6.1333,4.75,5.640245,1676,18.9,0,0,,
30852877,NBA,2026-09-09T20:14:44.272606Z,75,212.5,200.0,under,5.4667,4.85,5.640245,1676,276.7,0,0,,
30852878,NBA,2026-09-09T20:14:44.543898Z,75,223.5,220.0,under,5.9333,4.55,5.640245,1676,268.2,0,0,,
30852942,EuroLeague,2026-09-09T20:21:07.670403Z,75,177.5,179.0,over,4.8333,3.25,4.293861,1185,285.4,0,0,,
30852943,EuroLeague,2026-09-09T20:21:07.988230Z,75,201.5,198.0,under,5.0333,5.05,4.293861,1185,276.9,0,1,,1
30852944,EuroLeague,2026-09-09T20:21:08.306089Z,75,161.5,158.0,under,4.0667,3.95,4.293861,1185,240.2,0,0,,
30839960,CYBER,2026-09-09T20:23:27.792212Z,75,230.5,235.0,over,4.8333,4.7083,4.46092,298,73.5,0,1,,0
30853040,TBSL,2026-09-09T20:36:09.764485Z,75,159.5,158.0,under,4.0667,3.75,4.15385,1357,79.1,0,0,,
30853102,CBA,2026-09-09T20:49:35.245035Z,75,220.5,215.0,under,5.7,4.95,4.435556,701,277.9,0,1,,1
30853103,CBA,2026-09-09T20:49:35.421977Z,75,183.5,191.0,over,4.6,4.55,4.435556,701,267.9,0,0,,
30853121,KBL,2026-09-09T20:53:32.192709Z,75,165.5,165.0,under,4.3,3.65,3.869765,831,38.3,0,0,,
30853166,EuroLeague,2026-09-09T21:01:13.451754Z,75,197.5,200.0,over,5.1667,4.25,4.294794,1191,52.8,0,0,,
30853167,EuroLeague,2026-09-09T21:01:13.772963Z,75,184.5,175.0,under,4.7,4.35,4.294794,1191,44.4,0,0,,
30853129,NBA,2026-09-09T21:02:37.293827Z,75,203.5,204.0,over,5.2333,4.65,5.639447,1682,14.0,0,0,,
30853209,TBSL,2026-09-09T21:16:05.481367Z,75,161.5,163.0,over,4.3,3.25,4.153063,1363,78.3,0,0,,
30854501,NBA,2026-09-09T21:50:27.849049Z,75,200.5,202.0,over,5.0667,4.85,5.639248,1688,238.9,0,0,,
30854500,NBA,2026-09-09T21:50:34.838041Z,75,231.5,230.0,under,5.9,5.45,5.639248,1688,0.0,0,0,,
30854502,NBA,2026-09-09T21:50:49.156371Z,75,242.5,242.0,under,6.5,4.75,5.639248,1688,0.0,0,0,,
30854685,KBL,2026-09-09T22:13:41.450596Z,75,132.5,136.0,over,3.4333,2.95,3.871018,835,131.5,0,0,,
30854686,KBL,2026-09-09T22:13:41.670011Z,75,175.5,167.0,under,4.6333,3.65,3.871018,835,59.8,0,0,,
30854788,EuroLeague,2026-09-09T22:21:33.219386Z,75,167.5,174.0,over,4.1639,4.2632,4.295004,1201,195.5,0,0,,
30854790,EuroLeague,2026-09-09T22:21:40.453127Z,75,149.5,147.0,under,3.8033,3.5263,4.295004,1201,188.7,0,0,,
30854877,TBSL,2026-09-09T22:36:34.008889Z,75,165.5,144.0,under,3.8361,5.1053,4.152456,1374,298.6,1,1,1,1
30854878,TBSL,2026-09-09T22:36:34.257693Z,75,186.5,189.0,over,4.8525,4.0526,4.152456,1374,141.7,0,0,,
30854879,TBSL,2026-09-09T22:36:34.684415Z,75,158.5,156.0,under,4.0656,3.6316,4.152456,1374,133.5,0,0,,
30854880,TBSL,2026-09-09T22:36:34.935811Z,75,173.5,171.0,under,4.4918,3.8421,4.152456,1374,81.4,0,0,,
30854881,TBSL,2026-09-09T22:36:35.193187Z,75,182.5,184.0,over,4.8525,3.6316,4.152456,1374,72.9,0,0,,
30854870,NBA,2026-09-09T22:38:41.696607Z,75,227.5,221.0,under,5.9,5.05,5.640156,1694,10.8,0,0,,
30854871,NBA,2026-09-09T22:38:42.040559Z,75,239.5,245.0,over,6.2667,5.15,5.640156,1694,69.9,0,0,,
30854931,CBA,2026-09-09T22:50:54.637843Z,75,154.5,160.0,over,3.9365,3.5882,4.438154,707,0.0,0,0,,
30854932,CBA,2026-09-09T22:51:03.317551Z,75,140.5,138.0,under,3.4961,3.5758,4.438154,707,0.0,0,0,,
30854952,KBL,2026-09-09T22:53:24.874788Z,75,153.5,158.0,over,3.9667,3.45,3.870818,837,133.4,0,0,,
30855012,EuroLeague,2026-09-09T23:01:16.520618Z,75,195.5,199.0,over,5.157,4.0513,4.29556,1205,110.0,0,0,,
30855013,EuroLeague,2026-09-09T23:01:16.751562Z,75,181.5,188.0,over,4.7273,3.9487,4.29556,1205,102.1,0,0,,
30855014,EuroLeague,2026-09-09T23:01:16.974113Z,75,151.5,150.0,under,3.8347,3.641,4.29556,1205,45.7,0,0,,
30855015,EuroLeague,2026-09-09T23:01:17.213774Z,75,151.5,150.0,under,3.8017,3.7436,4.29556,1205,39.6,0,0,,
30855017,EuroLeague,2026-09-09T23:01:24.468027Z,75,182.5,186.0,over,4.6942,4.1538,4.29556,1205,38.3,0,0,,
30855075,TBSL,2026-09-09T23:16:52.860713Z,75,181.5,174.0,under,4.7805,3.7297,4.152645,1380,0.0,0,0,,
30855090,NBA,2026-09-09T23:26:32.359583Z,75,224.5,222.0,under,5.8,5.05,5.640794,1700,0.0,0,0,,
30855091,NBA,2026-09-09T23:27:17.230553Z,75,260.5,259.0,under,7.0333,4.95,5.640794,1700,248.2,0,0,,
30855092,NBA,2026-09-09T23:27:17.712153Z,75,232.5,236.0,over,6.2,4.65,5.640794,1700,239.8,0,0,,
30855093,NBA,2026-09-09T23:27:18.149900Z,75,234.5,222.0,under,5.9667,5.55,5.640794,1700,231.3,0,0,,
30855094,NBA,2026-09-09T23:27:18.566823Z,75,247.5,240.0,under,6.7,4.65,5.640794,1700,169.6,0,0,,
30855095,NBA,2026-09-09T23:27:18.977885Z,75,228.5,219.0,under,5.9,5.15,5.640794,1700,141.5,0,0,,
30855166,KBL,2026-09-09T23:33:48.219804Z,75,167.5,157.0,under,4.3279,3.7368,3.870322,839,0.0,0,0,,
30855210,EuroLeague,2026-09-09T23:40:57.720823Z,75,189.5,175.0,under,4.7333,4.75,4.295847,1210,86.2,0,1,,1
30855213,EuroLeague,2026-09-09T23:41:04.974529Z,75,218.5,220.0,over,5.9333,4.05,4.295847,1210,295.3,0,0,,
30855209,EuroLeague,2026-09-09T23:41:09.646519Z,75,159.5,163.0,over,4.2,3.35,4.295847,1210,0.0,0,0,,
30855212,EuroLeague,2026-09-09T23:41:29.581822Z,75,169.5,172.0,over,4.3934,3.7368,4.295847,1210,0.0,0,0,,
30855214,EuroLeague,2026-09-09T23:41:53.600540Z,75,143.5,143.0,under,3.6423,3.4054,4.295847,1210,295.2,0,0,,
30855365,TBSL,2026-09-10T00:35:16.198777Z,75,172.5,173.0,over,4.2314,4.5641,4.152345,1386,0.0,0,1,,0
30855366,TBSL,2026-09-10T00:35:25.205353Z,75,152.5,154.0,over,4.0,3.2308,4.152345,1386,0.0,0,0,,
30855367,TBSL,2026-09-10T00:35:33.455167Z,75,178.5,186.0,over,4.6557,3.8421,4.152345,1386,0.0,0,0,,
30855282,NBA,2026-09-10T00:37:30.547059Z,75,222.5,223.0,over,5.6667,5.25,5.641442,1706,0.6,0,0,,
30855421,KBL,2026-09-10T00:52:52.315543Z,75,171.5,176.0,over,4.5289,3.5385,3.869887,841,206.8,0,0,,
30855450,EuroLeague,2026-09-10T01:00:57.209723Z,75,171.5,176.0,over,4.4918,3.6316,4.296132,1215,299.3,0,0,,
30855520,NBA,2026-09-10T01:25:26.229167Z,75,249.5,250.0,over,6.4333,5.65,5.640876,1718,0.0,0,0,,
30855521,NBA,2026-09-10T01:25:34.784769Z,75,178.5,173.0,under,4.5,4.35,5.640876,1718,0.0,0,0,,
30855514,NBA,2026-09-10T01:25:43.454075Z,75,236.5,229.0,under,6.2667,4.85,5.640876,1718,10.7,0,0,,
30855515,NBA,2026-09-10T01:25:43.764556Z,75,209.5,221.0,over,5.3667,4.85,5.640876,1718,164.1,0,0,,
30855516,NBA,2026-09-10T01:25:44.068992Z,75,234.5,240.0,over,5.9667,5.55,5.640876,1718,103.9,0,0,,
30855517,NBA,2026-09-10T01:25:44.328011Z,75,220.5,214.0,under,5.8,4.65,5.640876,1718,95.6,0,0,,
30855518,NBA,2026-09-10T01:25:44.573159Z,75,193.5,189.0,under,4.9,4.65,5.640876,1718,87.1,0,0,,
30855519,NBA,2026-09-10T01:25:44.840758Z,75,260.5,264.0,over,6.9,5.35,5.640876,1718,27.1,0,0,,
30855903,NBA,2026-09-10T02:13:54.738727Z,75,219.5,232.0,over,5.4667,5.55,5.640867,1730,0.0,0,0,,
30855904,NBA,2026-09-10T02:14:09.108141Z,75,233.5,249.0,over,6.1667,4.85,5.640867,1730,275.1,0,0,,
30855905,NBA,2026-09-10T02:14:09.392813Z,75,232.5,220.0,under,6.2,4.65,5.640867,1730,266.7,0,0,,
30855906,NBA,2026-09-10T02:14:09.628731Z,75,231.5,229.0,under,6.2667,4.35,5.640867,1730,258.6,0,0,,
30855907,NBA,2026-09-10T02:14:09.855577Z,75,253.5,248.0,under,6.7333,5.15,5.640867,1730,202.5,0,0,,
30855908,NBA,2026-09-10T02:14:10.053453Z,75,206.5,208.0,over,5.2333,4.95,5.640867,1730,194.5,0,0,,
30855909,NBA,2026-09-10T02:14:10.379999Z,75,234.5,236.0,over,6.2333,4.75,5.640867,1730,147.4,0,0,,
30855910,NBA,2026-09-10T02:14:10.567569Z,75,231.5,230.0,under,6.1,4.85,5.640867,1730,139.3,0,0,,
30855911,NBA,2026-09-10T02:14:10.770846Z,75,246.5,258.0,over,6.7333,4.45,5.640867,1730,130.9,0,0,,
30855912,NBA,2026-09-10T02:14:10.960788Z,75,255.5,249.0,under,6.9333,4.75,5.640867,1730,89.3,0,0,,
30855913,NBA,2026-09-10T02:14:11.166093Z,75,242.5,241.0,under,6.3333,5.25,5.640867,1730,81.2,0,0,,
30855914,NBA,2026-09-10T02:14:11.392321Z,75,211.5,220.0,over,5.6,4.35,5.640867,1730,73.2,0,0,,
30856016,EuroLeague,2026-09-10T02:19:57.541139Z,75,168.5,172.0,over,4.3667,3.75,4.294004,1230,0.0,0,0,,
30856017,EuroLeague,2026-09-10T02:20:05.163381Z,75,151.5,135.0,under,3.9,3.45,4.294004,1230,0.0,0,0,,
30856013,EuroLeague,2026-09-10T02:20:17.958741Z,75,190.5,201.0,over,4.8667,4.45,4.294004,1230,135.9,0,0,,
30856014,EuroLeague,2026-09-10T02:20:18.162382Z,75,182.5,178.0,under,4.7333,4.05,4.294004,1230,127.6,0,0,,
30856015,EuroLeague,2026-09-10T02:20:18.393141Z,75,139.5,148.0,over,3.438,3.641,4.294004,1230,30.2,0,0,,
30856538,NBA,2026-09-10T03:01:44.229823Z,75,250.5,246.0,under,6.7,4.95,5.64248,1742,0.0,0,0,,
30856539,NBA,2026-09-10T03:01:52.636197Z,75,229.5,230.0,over,6.0,4.95,5.64248,1742,0.0,0,0,,
30856540,NBA,2026-09-10T03:02:00.939317Z,75,245.5,250.0,over,6.5667,4.85,5.64248,1742,0.0,0,0,,
30856532,NBA,2026-09-10T03:02:09.787642Z,75,243.5,233.0,under,6.4667,4.95,5.64248,1742,7.4,0,0,,
30856533,NBA,2026-09-10T03:02:10.058490Z,75,255.5,255.0,under,6.9,4.85,5.64248,1742,210.9,0,0,,
30856534,NBA,2026-09-10T03:02:10.241675Z,75,250.5,261.0,over,6.6667,5.05,5.64248,1742,202.8,0,0,,
30856535,NBA,2026-09-10T03:02:10.489593Z,75,234.5,229.0,under,6.0333,5.35,5.64248,1742,115.5,0,0,,
30856536,NBA,2026-09-10T03:02:10.678599Z,75,205.5,200.0,under,5.1,5.25,5.64248,1742,107.1,0,0,,
30856537,NBA,2026-09-10T03:02:10.860508Z,75,246.5,254.0,over,6.5,5.15,5.64248,1742,98.9,0,0,,
30856663,TBSL,2026-09-10T03:16:23.550348Z,75,191.5,200.0,over,5.056,3.8286,4.154979,1416,141.7,0,0,,
30856768,NBA,2026-09-10T03:49:44.811184Z,75,191.5,196.0,over,4.7667,4.85,5.645026,1754,0.0,0,0,,
30856938,EuroLeague,2026-09-10T04:24:10.858325Z,75,187.5,191.0,over,4.7299,4.4348,4.29312,1250,0.0,0,0,,
30856939,EuroLeague,2026-09-10T04:24:19.144920Z,75,151.5,154.0,over,3.8832,3.2174,4.29312,1250,0.0,0,0,,
30856940,EuroLeague,2026-09-10T04:25:24.604557Z,75,188.5,194.0,over,4.766,4.3158,4.29312,1250,0.0,0,0,,
30856941,EuroLeague,2026-09-10T04:25:33.257420Z,75,176.5,171.0,under,4.4789,3.8889,4.29312,1250,0.0,0,0,,
30856944,EuroLeague,2026-09-10T04:25:52.897913Z,75,172.5,169.0,under,4.3077,4.3529,4.29312,1250,0.0,0,0,,
30856945,EuroLeague,2026-09-10T04:27:04.801508Z,75,199.5,200.0,over,5.0,4.8333,4.29312,1250,0.0,0,1,,0
30857025,TBSL,2026-09-10T04:35:22.469533Z,75,149.5,149.0,under,3.8667,3.35,4.156578,1429,110.0,0,0,,
30857026,TBSL,2026-09-10T04:35:22.717788Z,75,163.5,165.0,over,4.3333,3.35,4.156578,1429,52.2,0,0,,
30857027,TBSL,2026-09-10T04:35:22.947760Z,75,148.5,154.0,over,3.8,3.45,4.156578,1429,43.8,0,0,,
30857028,TBSL,2026-09-10T04:35:23.171824Z,75,168.5,168.0,under,4.3306,3.8462,4.156578,1429,35.6,0,0,,
30857029,TBSL,2026-09-10T04:35:44.826331Z,75,172.5,173.0,over,4.4228,3.9459,4.156578,1429,0.0,0,0,,
30857003,NBA,2026-09-10T04:37:30.734190Z,75,222.5,214.0,under,5.7667,4.95,5.643715,1766,8.9,0,0,,
30857013,NBA,2026-09-10T04:37:33.073560Z,75,244.5,236.0,under,6.4,5.25,5.643715,1766,257.6,0,0,,
30857014,NBA,2026-09-10T04:37:33.275094Z,75,232.5,237.0,over,6.0,5.25,5.643715,1766,249.3,0,0,,
30857005,NBA,2026-09-10T04:40:44.203156Z,75,242.5,237.0,under,6.624,4.0571,5.643715,1766,0.0,0,0,,
30857129,CBA,2026-09-10T04:49:28.863184Z,75,165.5,166.0,over,4.2581,3.7222,4.434137,736,0.0,0,0,,
30857169,EuroLeague,2026-09-10T05:00:14.527274Z,75,170.5,164.0,under,4.3667,3.95,4.294088,1256,207.1,0,0,,
30857167,EuroLeague,2026-09-10T05:01:03.927480Z,75,187.5,184.0,under,4.8065,4.2778,4.294088,1256,270.8,0,0,,
30857170,EuroLeague,2026-09-10T05:01:11.292081Z,75,173.5,163.0,under,4.3548,4.2778,4.294088,1256,255.8,0,0,,
30857171,EuroLeague,2026-09-10T05:01:11.520144Z,75,164.5,161.0,under,4.2581,3.6111,4.294088,1256,213.1,0,0,,
30857172,EuroLeague,2026-09-10T05:01:11.822884Z,75,160.5,168.0,over,4.2258,3.2778,4.294088,1256,204.9,0,0,,
30857173,EuroLeague,2026-09-10T05:01:12.082477Z,75,184.5,176.0,under,4.7742,4.0556,4.294088,1256,196.7,0,0,,
30857233,TBSL,2026-09-10T05:15:24.350521Z,75,164.5,160.0,under,4.1653,3.9487,4.156189,1434,73.4,0,0,,
30857250,NBA,2026-09-10T05:25:40.725227Z,75,254.5,254.0,under,6.7667,5.15,5.643968,1778,0.0,0,0,,
30857251,NBA,2026-09-10T05:25:49.159369Z,75,215.5,205.0,under,5.7,4.45,5.643968,1778,0.0,0,0,,
30857241,NBA,2026-09-10T05:25:57.431950Z,75,192.5,185.0,under,4.9,4.55,5.643968,1778,9.9,0,0,,
30857242,NBA,2026-09-10T05:25:57.696071Z,75,221.5,228.0,over,5.6,5.35,5.643968,1778,206.0,0,0,,
30857243,NBA,2026-09-10T05:25:57.947698Z,75,222.5,228.0,over,5.9667,4.35,5.643968,1778,195.8,0,0,,
30857244,NBA,2026-09-10T05:25:58.217726Z,75,223.5,219.0,under,5.7667,5.05,5.643968,1778,189.7,0,0,,
30857245,NBA,2026-09-10T05:25:58.546233Z,75,224.5,224.0,under,5.6667,5.45,5.643968,1778,116.2,0,0,,
30857246,NBA,2026-09-10T05:25:58.787769Z,75,219.5,230.0,over,5.8667,4.35,5.643968,1778,108.4,0,0,,
30857247,NBA,2026-09-10T05:25:59.080788Z,75,230.5,233.0,over,6.1,4.75,5.643968,1778,100.3,0,0,,
30857248,NBA,2026-09-10T05:25:59.328898Z,75,227.5,231.0,over,5.9333,4.95,5.643968,1778,33.3,0,0,,
30857658,NBA,2026-09-10T06:13:53.701697Z,75,225.5,225.0,under,5.8333,5.05,5.64345,1790,11.2,0,0,,
30857659,NBA,2026-09-10T06:16:34.321387Z,75,207.5,221.0,over,5.5806,3.8333,5.64345,1790,0.0,0,0,,
30857662,NBA,2026-09-10T06:16:42.717520Z,75,216.5,213.0,under,5.728,4.2857,5.64345,1790,0.0,0,0,,
30857664,NBA,2026-09-10T06:16:50.986169Z,75,192.5,196.0,over,5.12,3.7143,5.64345,1790,0.0,0,0,,
30857665,NBA,2026-09-10T06:18:12.846816Z,75,251.5,249.0,under,6.626,4.7586,5.64345,1790,0.0,0,0,,
30857667,NBA,2026-09-10T06:18:21.643154Z,75,255.5,244.0,under,6.7786,4.6207,5.64345,1790,0.0,0,0,,
30857668,NBA,2026-09-10T06:18:58.831925Z,75,236.5,227.0,under,6.209,4.3846,5.64345,1790,0.0,0,0,,
30857669,NBA,2026-09-10T06:22:58.444601Z,75,269.5,267.0,under,6.9067,4.2,5.64345,1790,0.0,0,0,,
30857670,NBA,2026-09-10T06:23:07.675640Z,75,261.5,256.0,under,6.6667,4.6,5.64345,1790,0.0,0,0,,
30857671,NBA,2026-09-10T06:23:15.329590Z,75,237.5,240.0,over,6.0397,4.2222,5.64345,1790,0.0,0,0,,
30857944,CBA,2026-09-10T06:49:14.196652Z,75,176.5,182.0,over,4.7869,3.2105,4.434913,749,154.7,0,0,,
30857945,CBA,2026-09-10T06:49:14.496512Z,75,159.5,157.0,under,4.0328,3.8421,4.434913,749,146.5,0,0,,
30857976,KBL,2026-09-10T06:53:18.199321Z,75,186.5,192.0,over,4.9508,3.7368,3.875226,886,288.3,0,0,,
30857977,KBL,2026-09-10T06:53:18.403473Z,75,161.5,159.0,under,4.1311,3.7368,3.875226,886,281.3,0,0,,
30857978,KBL,2026-09-10T06:53:18.624076Z,75,150.5,166.0,over,4.0656,2.7895,3.875226,886,273.2,0,0,,
30858022,EuroLeague,2026-09-10T06:59:56.373996Z,75,190.5,193.0,over,4.9,4.35,4.293553,1272,0.0,0,0,,
30858023,EuroLeague,2026-09-10T07:01:15.420155Z,75,154.5,156.0,over,3.904,3.7143,4.293553,1272,0.0,0,0,,
30858024,EuroLeague,2026-09-10T07:01:23.832146Z,75,169.5,178.0,over,4.416,3.6,4.293553,1272,0.0,0,0,,
30858027,EuroLeague,2026-09-10T07:01:43.685330Z,75,168.5,174.0,over,4.2835,3.9394,4.293553,1272,0.0,0,0,,
30857992,NBA,2026-09-10T07:01:52.779490Z,75,231.5,239.0,over,6.1333,4.75,5.644118,1802,25.5,0,0,,
30858001,NBA,2026-09-10T07:01:54.801144Z,75,236.5,231.0,under,6.1,5.35,5.644118,1802,248.2,0,0,,
30858002,NBA,2026-09-10T07:01:55.022186Z,75,231.5,225.0,under,5.9,5.45,5.644118,1802,241.7,0,0,,
30858003,NBA,2026-09-10T07:01:55.245346Z,75,231.5,234.0,over,6.1,4.85,5.644118,1802,233.6,0,0,,
30858028,EuroLeague,2026-09-10T07:07:38.917854Z,75,187.5,186.0,under,4.72,4.2,4.293553,1272,0.0,0,0,,
30858029,EuroLeague,2026-09-10T07:07:47.357939Z,75,175.5,175.0,under,4.4238,3.7778,4.293553,1272,0.0,0,0,,
30858030,EuroLeague,2026-09-10T07:07:55.523504Z,75,146.5,140.0,under,3.7086,2.8889,4.293553,1272,0.0,0,0,,
30858146,TBSL,2026-09-10T07:16:10.265197Z,75,190.5,192.0,over,5.0,3.9444,4.155797,1449,148.5,0,0,,
30858147,TBSL,2026-09-10T07:16:10.473660Z,75,171.5,173.0,over,4.5161,3.5,4.155797,1449,140.4,0,0,,
30858148,TBSL,2026-09-10T07:16:10.693815Z,75,168.5,169.0,over,4.3226,3.8333,4.155797,1449,132.4,0,0,,
30858149,TBSL,2026-09-10T07:18:45.592208Z,75,164.5,164.0,under,4.2963,3.12,4.155797,1449,0.0,0,0,,
30858272,KBL,2026-09-10T07:33:28.560088Z,75,151.5,156.0,over,3.9024,3.4054,3.875758,891,270.8,0,0,,
30858332,NBA,2026-09-10T07:49:29.663771Z,75,225.5,228.0,over,5.7,5.45,5.645562,1814,0.0,0,0,,
30858342,NBA,2026-09-10T07:55:15.725034Z,75,228.5,223.0,under,5.9852,4.24,5.645562,1814,0.0,0,0,,
30858343,NBA,2026-09-10T07:55:23.873709Z,75,238.5,244.0,over,6.2519,4.4,5.645562,1814,0.0,0,0,,
30858390,TBSL,2026-09-10T07:56:30.619830Z,75,163.5,162.0,under,4.3175,3.2353,4.157182,1455,0.0,0,0,,
30858391,TBSL,2026-09-10T07:57:51.848780Z,75,188.5,190.0,over,4.855,4.069,4.157182,1455,0.0,0,0,,
30858392,TBSL,2026-09-10T07:58:00.393074Z,75,154.5,159.0,over,3.8788,3.7857,4.157182,1455,0.0,0,0,,
30858393,TBSL,2026-09-10T07:58:08.676489Z,75,161.5,159.0,under,4.1515,3.5,4.157182,1455,0.0,0,0,,
30858394,TBSL,2026-09-10T07:59:27.086521Z,75,190.5,193.0,over,4.8696,4.0909,4.157182,1455,0.0,0,0,,
30858395,TBSL,2026-09-10T07:59:35.461371Z,75,177.5,181.0,over,4.5217,3.9091,4.157182,1455,0.0,0,0,,
30858396,TBSL,2026-09-10T07:59:43.896752Z,75,173.5,173.0,under,4.4029,3.9048,4.157182,1455,0.0,0,0,,
30858397,TBSL,2026-09-10T08:01:00.518147Z,75,146.5,146.0,under,3.6944,3.375,4.157182,1455,0.0,0,0,,
30858454,CBA,2026-09-10T08:08:54.667979Z,75,198.5,194.0,under,5.1803,4.2632,4.433421,757,0.0,0,0,,
30858456,CBA,2026-09-10T08:09:08.610559Z,75,183.5,178.0,under,4.813,3.8378,4.433421,757,0.0,0,0,,
30858457,CBA,2026-09-10T08:10:38.150346Z,75,207.5,192.0,under,5.3953,4.3226,4.433421,757,0.0,0,0,,
30858480,KBL,2026-09-10T08:12:14.985418Z,75,175.5,174.0,under,4.5667,3.85,3.876953,896,0.0,0,0,,
30858481,KBL,2026-09-10T08:12:23.347492Z,75,160.5,165.0,over,4.2,3.45,3.876953,896,0.0,0,0,,
30858482,KBL,2026-09-10T08:12:31.820881Z,75,156.5,166.0,over,4.1983,3.0256,3.876953,896,0.0,0,0,,
30858478,KBL,2026-09-10T08:13:07.788892Z,75,140.5,130.0,under,3.5702,3.3333,3.876953,896,141.1,0,0,,
30858479,KBL,2026-09-10T08:13:08.010863Z,75,146.5,151.0,over,3.7025,3.5385,3.876953,896,133.1,0,0,,
30858521,EuroLeague,2026-09-10T08:20:36.804393Z,75,160.5,153.0,under,4.0661,3.8462,4.292871,1287,295.3,0,0,,
30858522,EuroLeague,2026-09-10T08:20:37.093368Z,75,140.5,147.0,over,3.6364,3.1282,4.292871,1287,287.2,0,0,,
30858523,EuroLeague,2026-09-10T08:20:37.348290Z,75,179.5,166.0,under,4.6612,3.9487,4.292871,1287,209.6,0,0,,
30858524,EuroLeague,2026-09-10T08:20:37.557667Z,75,156.5,140.0,under,4.0992,3.3333,4.292871,1287,200.3,0,0,,
30858642,NBA,2026-09-10T08:37:35.403683Z,75,215.5,218.0,over,5.5,5.05,5.645523,1826,7.4,0,0,,
30858643,NBA,2026-09-10T08:37:35.653173Z,75,231.5,229.0,under,6.0,5.15,5.645523,1826,168.3,0,0,,
30858644,NBA,2026-09-10T08:37:35.943754Z,75,247.5,243.0,under,6.4333,5.45,5.645523,1826,76.2,0,0,,
30858645,NBA,2026-09-10T08:37:36.172080Z,75,234.5,235.0,over,6.0333,5.35,5.645523,1826,26.6,0,0,,
30858646,NBA,2026-09-10T08:37:36.417707Z,75,226.5,235.0,over,6.0,4.65,5.645523,1826,18.2,0,0,,
30858647,NBA,2026-09-10T08:37:36.684697Z,75,231.5,232.0,over,5.9667,5.25,5.645523,1826,10.2,0,0,,
30858836,CBA,2026-09-10T08:49:03.158338Z,75,135.5,133.0,under,3.4472,3.1892,4.434474,760,0.0,0,0,,
30858837,CBA,2026-09-10T08:49:11.592688Z,75,164.5,161.0,under,4.2276,3.7297,4.434474,760,0.0,0,0,,
30858955,EuroLeague,2026-09-10T09:00:35.966801Z,75,161.5,165.0,over,4.0,4.1579,4.292085,1295,262.5,0,0,,
30858957,EuroLeague,2026-09-10T09:00:36.410124Z,75,174.5,180.0,over,4.5902,3.6316,4.292085,1295,212.6,0,0,,
30858958,EuroLeague,2026-09-10T09:00:36.635458Z,75,201.5,204.0,over,5.2131,4.4737,4.292085,1295,204.1,0,1,,0
30859073,NBA,2026-09-10T09:25:34.740120Z,75,227.5,226.0,under,5.9333,4.95,5.646749,1838,36.9,0,0,,
30859834,NBA,2026-09-10T10:13:32.740021Z,75,212.5,210.0,under,5.4667,4.85,5.646135,1850,16.4,0,0,,
30849508,CYBER,2026-09-10T10:17:15.529790Z,75,198.5,195.0,under,4.0,4.5417,4.461626,329,0.0,1,0,1,
30860115,TBSL,2026-09-10T10:39:41.580247Z,75,183.5,179.0,under,4.7482,3.5238,4.155526,1484,0.0,0,0,,
30860116,TBSL,2026-09-10T10:39:50.000946Z,75,151.5,147.0,under,3.7986,3.7143,4.155526,1484,0.0,0,0,,
30860117,TBSL,2026-09-10T10:41:13.984233Z,75,160.5,155.0,under,4.0276,3.8667,4.155526,1484,0.0,0,0,,
30860118,TBSL,2026-09-10T10:41:22.739857Z,75,165.5,158.0,under,4.1655,3.8667,4.155526,1484,0.0,0,0,,
30860119,TBSL,2026-09-10T10:41:30.889354Z,75,155.5,147.0,under,3.8904,3.8571,4.155526,1484,0.0,0,0,,
30860120,TBSL,2026-09-10T10:42:51.196534Z,75,152.5,147.0,under,3.8411,3.3333,4.155526,1484,0.0,0,0,,
30860237,CBA,2026-09-10T10:48:46.576265Z,75,175.5,185.0,over,4.8595,2.9231,4.434728,771,247.2,0,0,,
30860238,CBA,2026-09-10T10:48:46.812022Z,75,173.5,164.0,under,4.2975,4.4615,4.434728,771,239.4,1,0,1,
30860284,KBL,2026-09-10T10:52:50.529741Z,75,164.5,166.0,over,4.3,3.55,3.875873,916,226.8,0,0,,
30860286,KBL,2026-09-10T10:52:50.929207Z,75,155.5,161.0,over,4.2,2.95,3.875873,916,210.4,0,0,,
30860287,KBL,2026-09-10T10:52:51.183011Z,75,147.5,136.0,under,3.5667,4.05,3.875873,916,202.4,1,1,1,1
30860401,EuroLeague,2026-09-10T11:00:37.586267Z,75,197.5,209.0,over,5.5082,3.1053,4.293171,1318,242.4,0,0,,
30860402,EuroLeague,2026-09-10T11:00:37.761624Z,75,166.5,165.0,under,4.623,2.6842,4.293171,1318,234.2,0,0,,
30860403,EuroLeague,2026-09-10T11:00:37.939135Z,75,188.5,175.0,under,4.7541,4.5789,4.293171,1318,149.0,0,1,,1
30860405,EuroLeague,2026-09-10T11:00:45.063509Z,75,194.5,191.0,under,4.9836,4.4737,4.293171,1318,142.1,0,1,,1
30860406,EuroLeague,2026-09-10T11:00:45.271231Z,75,194.5,193.0,under,5.1475,3.9474,4.293171,1318,134.0,0,0,,
30860309,NBA,2026-09-10T11:01:34.952996Z,75,254.5,257.0,over,6.9,4.75,5.645019,1862,9.2,0,0,,
30860407,EuroLeague,2026-09-10T11:02:14.110592Z,75,160.5,159.0,under,4.0,4.0645,4.293171,1318,0.0,0,0,,
30860408,EuroLeague,2026-09-10T11:02:22.457123Z,75,193.5,184.0,under,5.0853,3.8065,4.293171,1318,0.0,0,0,,
30860410,EuroLeague,2026-09-10T11:02:36.440092Z,75,180.5,179.0,under,4.6154,4.0667,4.293171,1318,0.0,0,0,,
30860518,TBSL,2026-09-10T11:15:54.566313Z,75,134.5,121.0,under,3.3171,3.5135,4.154443,1491,296.1,0,0,,
30860519,TBSL,2026-09-10T11:15:54.799022Z,75,162.5,158.0,under,4.0325,4.1622,4.154443,1491,286.2,1,0,1,
30860520,TBSL,2026-09-10T11:18:41.083783Z,75,162.5,151.0,under,4.1194,3.7692,4.154443,1491,0.0,0,0,,
30860521,TBSL,2026-09-10T11:18:49.497847Z,75,141.5,138.0,under,3.5259,3.6,4.154443,1491,0.0,0,0,,
30860522,TBSL,2026-09-10T11:18:57.763445Z,75,181.5,187.0,over,4.6765,3.75,4.154443,1491,0.0,0,0,,
30860523,TBSL,2026-09-10T11:20:15.324032Z,75,199.5,195.0,under,5.1064,4.1053,4.154443,1491,0.0,0,0,,
30860524,TBSL,2026-09-10T11:20:23.881310Z,75,161.5,160.0,under,4.0567,3.8947,4.154443,1491,0.0,0,0,,
30860650,CBA,2026-09-10T11:28:47.524119Z,75,168.5,170.0,over,4.5333,3.25,4.434903,775,297.6,0,0,,
30860651,CBA,2026-09-10T11:28:47.772988Z,75,173.5,183.0,over,4.7,3.25,4.434903,775,289.6,0,0,,
30860713,KBL,2026-09-10T11:32:53.302624Z,75,143.5,162.0,over,3.8,2.95,3.876602,921,202.0,0,0,,
30860714,KBL,2026-09-10T11:32:53.562615Z,75,162.5,170.0,over,4.3,3.35,3.876602,921,193.8,0,0,,
30860783,NBA,2026-09-10T11:49:41.544143Z,75,267.5,274.0,over,7.2333,5.05,5.646692,1874,19.1,0,0,,
30860903,TBSL,2026-09-10T11:55:20.763108Z,75,159.5,153.0,under,3.9008,4.2564,4.153702,1499,293.1,1,0,1,
30849518,CYBER,2026-09-10T12:00:37.836443Z,75,208.5,199.0,under,3.8749,5.7709,4.465153,333,255.7,1,1,1,1
30861068,KBL,2026-09-10T12:13:19.565361Z,75,131.5,137.0,over,3.5082,2.5789,3.876917,926,210.9,0,0,,
30861069,KBL,2026-09-10T12:13:19.793897Z,75,156.5,160.0,over,4.0984,3.3158,3.876917,926,202.7,0,0,,
30861070,KBL,2026-09-10T12:13:20.002394Z,75,161.5,164.0,over,4.2951,3.2105,3.876917,926,194.6,0,0,,
30861071,KBL,2026-09-10T12:13:20.233471Z,75,150.5,139.0,under,3.8361,3.5263,3.876917,926,110.9,0,0,,
30861125,EuroLeague,2026-09-10T12:20:41.024614Z,75,151.5,150.0,under,3.7025,4.0513,4.294674,1333,295.3,0,0,,
30861244,NBA,2026-09-10T12:37:53.254710Z,75,216.5,216.0,under,5.6333,4.75,5.645427,1886,5.0,0,0,,
30861245,NBA,2026-09-10T12:37:53.590660Z,75,223.5,212.0,under,5.8,4.95,5.645427,1886,249.0,0,0,,
30861246,NBA,2026-09-10T12:37:53.891989Z,75,242.5,253.0,over,6.4,5.05,5.645427,1886,240.7,0,0,,
30861247,NBA,2026-09-10T12:37:54.157144Z,75,220.5,208.0,under,5.6667,5.05,5.645427,1886,232.7,0,0,,
30861248,NBA,2026-09-10T12:37:54.374440Z,75,237.5,242.0,over,6.3333,4.75,5.645427,1886,149.3,0,0,,
30861249,NBA,2026-09-10T12:37:54.592488Z,75,228.5,227.0,under,5.8667,5.25,5.645427,1886,140.8,0,0,,
30861250,NBA,2026-09-10T12:37:54.896419Z,75,224.5,226.0,over,5.8667,4.85,5.645427,1886,132.9,0,0,,
30861251,NBA,2026-09-10T12:37:55.127044Z,75,209.5,206.0,under,5.4,4.75,5.645427,1886,58.1,0,0,,
30861252,NBA,2026-09-10T12:37:55.339065Z,75,225.5,219.0,under,5.8333,5.05,5.645427,1886,49.8,0,0,,
30861253,NBA,2026-09-10T12:37:55.589904Z,75,209.5,208.0,under,5.5,4.45,5.645427,1886,41.7,0,0,,
30861254,NBA,2026-09-10T12:38:36.045243Z,75,214.5,212.0,under,5.5667,4.75,5.645427,1886,0.0,0,0,,
30861255,NBA,2026-09-10T12:38:44.472754Z,75,222.5,229.0,over,6.0,4.25,5.645427,1886,0.0,0,0,,
30861263,TBSL,2026-09-10T12:38:52.791203Z,75,195.5,197.0,over,4.9778,4.4,4.15364,1504,0.0,0,1,,0
30861264,TBSL,2026-09-10T12:40:11.075917Z,75,156.5,156.0,under,4.0,3.3,4.15364,1504,0.0,0,0,,
30861265,TBSL,2026-09-10T12:40:19.516981Z,75,151.5,143.0,under,3.8298,3.4737,4.15364,1504,0.0,0,0,,
30861266,TBSL,2026-09-10T12:40:27.829230Z,75,140.5,136.0,under,3.4648,3.8889,4.15364,1504,0.0,0,0,,
30861267,TBSL,2026-09-10T12:41:44.443950Z,75,167.5,173.0,over,4.2177,3.8462,4.15364,1504,0.0,0,0,,
30861268,TBSL,2026-09-10T12:41:53.036880Z,75,166.5,164.0,under,4.2177,3.5385,4.15364,1504,0.0,0,0,,
30861269,TBSL,2026-09-10T12:42:01.466950Z,75,137.5,132.0,under,3.4324,3.5,4.15364,1504,0.0,0,0,,
30861356,CBA,2026-09-10T12:48:53.437493Z,75,183.5,165.0,under,4.562,4.6667,4.434802,783,290.6,0,1,,1
30861357,CBA,2026-09-10T12:48:53.630163Z,75,186.5,195.0,over,5.0909,3.3333,4.434802,783,282.4,0,0,,
30861359,CBA,2026-09-10T12:48:53.954313Z,75,202.5,202.0,under,5.3667,4.15,4.434802,783,195.2,0,0,,
30861390,KBL,2026-09-10T12:55:56.825181Z,75,194.5,187.0,under,4.9778,4.24,3.876262,931,0.0,0,1,,1
30861391,KBL,2026-09-10T12:56:05.178429Z,75,121.5,121.0,under,3.0222,3.12,3.876262,931,0.0,0,0,,
30861392,KBL,2026-09-10T12:56:13.493821Z,75,155.5,164.0,over,4.0294,3.0833,3.876262,931,0.0,0,0,,
30849524,CYBER,2026-09-10T12:56:21.873557Z,75,225.5,220.0,under,4.5341,5.1986,4.46534,336,45.6,0,1,,1
30861456,EuroLeague,2026-09-10T12:59:58.980837Z,75,184.5,188.0,over,4.8,4.05,4.295205,1340,0.0,0,0,,
30861458,EuroLeague,2026-09-10T13:00:13.042237Z,75,163.5,170.0,over,4.2314,3.641,4.295205,1340,0.0,0,0,,
30861453,EuroLeague,2026-09-10T13:00:32.050715Z,75,163.5,169.0,over,4.2975,3.4359,4.295205,1340,153.9,0,0,,
30861454,EuroLeague,2026-09-10T13:00:32.395829Z,75,206.5,208.0,over,5.4545,4.2564,4.295205,1340,146.0,0,0,,
30861455,EuroLeague,2026-09-10T13:00:32.626986Z,75,176.5,170.0,under,4.562,3.9487,4.295205,1340,42.2,0,0,,
30861459,EuroLeague,2026-09-10T13:01:35.225360Z,75,198.5,192.0,under,5.1746,4.1765,4.295205,1340,0.0,0,0,,
30861460,EuroLeague,2026-09-10T13:01:43.668109Z,75,202.5,202.0,under,5.2283,4.4242,4.295205,1340,0.0,0,0,,
30861461,EuroLeague,2026-09-10T13:01:51.964798Z,75,167.5,165.0,under,4.3465,3.5758,4.295205,1340,0.0,0,0,,
30861622,NBA,2026-09-10T13:25:37.107272Z,75,224.5,224.0,under,5.8333,4.95,5.644744,1898,4.4,0,0,,
30849527,CYBER,2026-09-10T13:49:08.694592Z,75,248.5,247.0,under,5.2222,5.0417,4.46569,337,0.0,0,1,,1
30862692,TBSL,2026-09-10T15:16:14.063262Z,75,125.5,122.0,under,2.9355,3.8333,4.152614,1511,281.7,0,0,,
30849531,CYBER,2026-09-10T15:28:44.774416Z,75,221.5,213.0,under,4.5278,4.875,4.466422,340,0.0,0,1,,1
30862677,NBA,2026-09-10T15:49:44.806997Z,75,218.5,210.0,under,5.7,4.75,5.644791,1910,12.0,0,0,,
30862678,NBA,2026-09-10T15:51:13.482875Z,75,203.5,198.0,under,5.4,4.15,5.644791,1910,0.0,0,0,,
30862679,NBA,2026-09-10T15:51:22.118998Z,75,211.5,212.0,over,5.6667,4.15,5.644791,1910,0.0,0,0,,
30862680,NBA,2026-09-10T15:51:30.703579Z,75,241.5,245.0,over,6.6667,4.15,5.644791,1910,0.0,0,0,,
30862681,NBA,2026-09-10T15:56:02.730184Z,75,217.5,212.0,under,5.6522,4.0909,5.644791,1910,0.0,0,0,,
30862682,NBA,2026-09-10T15:56:11.362023Z,75,256.5,249.0,under,6.6667,4.8182,5.644791,1910,0.0,0,0,,
30862683,NBA,2026-09-10T15:56:20.367463Z,75,225.5,223.0,under,5.8705,4.0952,5.644791,1910,0.0,0,0,,
30862684,NBA,2026-09-10T15:58:00.355043Z,75,232.5,227.0,under,5.9452,4.4286,5.644791,1910,0.0,0,0,,
30862685,NBA,2026-09-10T15:58:08.976423Z,75,262.5,259.0,under,6.7945,4.1429,5.644791,1910,0.0,0,0,,
30862686,NBA,2026-09-10T15:58:17.491851Z,75,202.5,198.0,under,5.1429,4.1538,5.644791,1910,0.0,0,0,,
30862689,TBSL,2026-09-10T15:59:54.884605Z,75,193.5,192.0,under,4.9209,4.2857,4.151236,1517,0.0,0,0,,
30862691,TBSL,2026-09-10T16:00:03.271238Z,75,194.5,192.0,under,4.9429,4.3,4.151236,1517,0.0,0,0,,
30862695,TBSL,2026-09-10T16:00:11.580848Z,75,184.5,189.0,over,4.7376,3.6842,4.151236,1517,0.0,0,0,,
30862697,TBSL,2026-09-10T16:01:24.394433Z,75,187.5,184.0,under,4.7448,4.1333,4.151236,1517,0.0,0,0,,
30862700,TBSL,2026-09-10T16:01:32.856043Z,75,148.5,143.0,under,3.6986,3.8571,4.151236,1517,0.0,0,0,,
30862701,TBSL,2026-09-10T16:01:41.081316Z,75,168.5,173.0,over,4.2449,3.8462,4.151236,1517,0.0,0,0,,
30862713,CBA,2026-09-10T16:09:08.310897Z,75,178.5,179.0,over,4.5528,4.1622,4.433974,794,0.0,0,0,,
30862715,CBA,2026-09-10T16:09:16.863262Z,75,156.5,154.0,under,4.0,3.6111,4.433974,794,0.0,0,0,,
30862716,CBA,2026-09-10T16:09:25.228932Z,75,183.5,179.0,under,4.7742,3.9444,4.433974,794,0.0,0,0,,
30862718,CBA,2026-09-10T16:10:55.741507Z,75,191.5,198.0,over,4.9231,4.2,4.433974,794,0.0,0,0,,
30862769,KBL,2026-09-10T16:12:45.175490Z,75,153.5,153.0,under,3.8689,3.7368,3.87856,941,0.0,0,0,,
30862770,KBL,2026-09-10T16:12:54.021915Z,75,173.5,165.0,under,4.4878,3.8378,3.87856,941,0.0,0,0,,
30862771,KBL,2026-09-10T16:13:02.631225Z,75,138.5,135.0,under,3.6098,2.973,3.87856,941,0.0,0,0,,
30862767,KBL,2026-09-10T16:13:36.129245Z,75,161.5,156.0,under,4.1935,3.5,3.87856,941,142.6,0,0,,
30862768,KBL,2026-09-10T16:13:36.501642Z,75,159.5,156.0,under,3.9032,4.2778,3.87856,941,134.5,0,1,,1
30862823,EuroLeague,2026-09-10T16:20:17.483218Z,75,159.5,170.0,over,4.1322,3.5385,4.297474,1356,295.1,0,0,,
30862824,EuroLeague,2026-09-10T16:20:17.765618Z,75,174.5,168.0,under,4.6281,3.5385,4.297474,1356,286.6,0,0,,
30862825,EuroLeague,2026-09-10T16:20:18.063494Z,75,165.5,165.0,under,4.2645,3.7436,4.297474,1356,275.7,0,0,,
30862826,EuroLeague,2026-09-10T16:20:18.440775Z,75,166.5,172.0,over,4.1983,4.0513,4.297474,1356,187.6,0,0,,
30862829,EuroLeague,2026-09-10T16:20:33.276210Z,75,163.5,184.0,over,4.3967,3.1282,4.297474,1356,181.9,0,0,,
30862830,EuroLeague,2026-09-10T16:20:33.583730Z,75,200.5,200.0,under,5.2231,4.359,4.297474,1356,173.6,0,0,,
30863010,TBSL,2026-09-10T16:36:11.355668Z,75,169.5,161.0,under,4.4839,3.3889,4.15228,1524,0.0,0,0,,
30863011,TBSL,2026-09-10T16:36:20.944137Z,75,160.5,153.0,under,4.128,3.6,4.15228,1524,0.0,0,0,,
30863012,TBSL,2026-09-10T16:36:29.763731Z,75,141.5,138.0,under,3.5238,3.5882,4.15228,1524,0.0,0,0,,
30863013,TBSL,2026-09-10T16:38:07.572570Z,75,173.5,167.0,under,4.4848,3.6429,4.15228,1524,0.0,0,0,,
30863014,TBSL,2026-09-10T16:38:17.009967Z,75,169.5,163.0,under,4.3008,3.9259,4.15228,1524,0.0,0,0,,
30863015,TBSL,2026-09-10T16:38:25.015496Z,75,182.5,178.0,under,4.6617,4.0741,4.15228,1524,0.0,0,0,,
30862918,NBA,2026-09-10T16:38:34.328662Z,75,212.5,210.0,under,5.6333,4.35,5.64468,1922,7.4,0,0,,
30862927,NBA,2026-09-10T16:38:37.511603Z,75,229.5,220.0,under,5.9333,5.15,5.64468,1922,259.6,0,0,,
30862928,NBA,2026-09-10T16:38:37.880423Z,75,243.5,231.0,under,6.4,5.15,5.64468,1922,251.2,0,0,,
30862929,NBA,2026-09-10T16:38:38.323931Z,75,215.5,216.0,over,5.8,4.15,5.64468,1922,242.6,0,0,,
30849538,CYBER,2026-09-10T16:45:03.759637Z,75,252.5,241.0,under,5.2791,5.2021,4.466085,344,135.3,0,1,,1
30863123,KBL,2026-09-10T16:55:38.506728Z,75,157.5,159.0,over,4.0902,3.1852,3.878277,946,0.0,0,0,,
30863124,KBL,2026-09-10T16:55:47.093602Z,75,178.5,184.0,over,4.6269,3.6154,3.878277,946,0.0,0,0,,
30863139,EuroLeague,2026-09-10T17:00:21.684547Z,75,171.5,159.0,under,4.2667,4.35,4.297524,1363,209.8,1,0,1,
30863140,EuroLeague,2026-09-10T17:00:22.091794Z,75,190.5,178.0,under,4.9,4.35,4.297524,1363,103.2,0,0,,
30863141,EuroLeague,2026-09-10T17:00:22.529548Z,75,134.5,130.0,under,3.5,2.95,4.297524,1363,94.7,0,0,,
30863143,EuroLeague,2026-09-10T17:00:30.186818Z,75,153.5,148.0,under,3.9,3.65,4.297524,1363,88.1,0,0,,
30863144,EuroLeague,2026-09-10T17:06:04.901141Z,75,162.5,157.0,under,4.1389,3.375,4.297524,1363,0.0,0,0,,
30863145,EuroLeague,2026-09-10T17:06:13.661442Z,75,183.5,176.0,under,4.6621,3.8667,4.297524,1363,0.0,0,0,,
30863205,TBSL,2026-09-10T17:15:05.058171Z,75,163.5,158.0,under,4.1,4.05,4.151683,1530,8.5,0,0,,
30863206,TBSL,2026-09-10T17:15:05.355025Z,75,154.5,163.0,over,3.9667,3.55,4.151683,1530,20.3,0,0,,
30863207,TBSL,2026-09-10T17:15:05.639301Z,75,170.5,165.0,under,4.4,3.85,4.151683,1530,8.8,0,0,,
30863208,TBSL,2026-09-10T17:15:05.901494Z,75,160.5,154.0,under,4.2,3.45,4.151683,1530,9.3,0,0,,
30863219,NBA,2026-09-10T17:25:28.451758Z,75,211.5,215.0,over,5.3,5.25,5.643459,1934,4.8,0,0,,
30863220,NBA,2026-09-10T17:25:28.758780Z,75,210.5,208.0,under,5.3667,4.95,5.643459,1934,5.4,0,0,,
30863221,NBA,2026-09-10T17:25:29.048487Z,75,237.5,239.0,over,6.1667,5.25,5.643459,1934,5.8,0,0,,
30863222,NBA,2026-09-10T17:25:29.374126Z,75,226.5,223.0,under,5.8667,5.05,5.643459,1934,17.6,0,0,,
30863223,NBA,2026-09-10T17:25:29.664123Z,75,237.5,236.0,under,6.1333,5.35,5.643459,1934,6.3,0,0,,
30863224,NBA,2026-09-10T17:25:29.947215Z,75,258.5,265.0,over,6.8667,5.25,5.643459,1934,5.8,0,0,,
30863225,NBA,2026-09-10T17:25:30.245610Z,75,215.5,210.0,under,5.4667,5.15,5.643459,1934,6.2,0,0,,
30863226,NBA,2026-09-10T17:25:30.601516Z,75,244.5,251.0,over,6.3333,5.45,5.643459,1934,7.4,0,0,,
30863227,NBA,2026-09-10T17:25:30.938586Z,75,227.5,218.0,under,5.9,5.05,5.643459,1934,7.7,0,0,,
30863228,NBA,2026-09-10T17:25:31.300949Z,75,225.5,226.0,over,5.8667,4.95,5.643459,1934,7.2,0,0,,
30863229,NBA,2026-09-10T17:25:31.671059Z,75,240.5,226.0,under,6.3,5.15,5.643459,1934,8.3,0,0,,
30863230,NBA,2026-09-10T17:25:31.965588Z,75,249.5,242.0,under,6.6,5.15,5.643459,1934,8.8,0,0,,
30863369,CBA,2026-09-10T17:29:03.054835Z,75,174.5,183.0,over,4.595,3.641,4.435118,803,46.9,0,0,,
30863371,CBA,2026-09-10T17:29:10.230106Z,75,194.5,192.0,under,5.157,3.9487,4.435118,803,53.8,0,0,,
30863372,CBA,2026-09-10T17:29:10.483566Z,75,177.5,183.0,over,4.595,3.9487,4.435118,803,54.5,0,0,,
30863373,CBA,2026-09-10T17:29:10.737636Z,75,183.5,191.0,over,4.6612,4.359,4.435118,803,48.2,0,0,,
30863458,KBL,2026-09-10T17:32:22.130515Z,75,192.5,187.0,under,5.1667,3.75,3.879758,951,0.0,0,0,,
30863459,KBL,2026-09-10T17:32:22.531044Z,75,158.5,160.0,over,4.0667,3.65,3.879758,951,0.0,0,0,,
30863460,KBL,2026-09-10T17:32:22.956250Z,75,159.5,151.0,under,4.2,3.35,3.879758,951,0.0,0,0,,
30863461,KBL,2026-09-10T17:32:23.391800Z,75,145.5,149.0,over,3.8,3.15,3.879758,951,0.0,0,0,,
30863462,KBL,2026-09-10T17:32:23.829750Z,75,152.5,149.0,under,3.9333,3.45,3.879758,951,0.0,0,0,,
30863480,EuroLeague,2026-09-10T17:40:52.176381Z,75,156.5,158.0,over,3.9024,3.9459,4.296001,1369,0.0,0,0,,
30863481,EuroLeague,2026-09-10T17:40:52.577845Z,75,188.5,196.0,over,4.9431,3.9459,4.296001,1369,0.0,0,0,,
30863482,EuroLeague,2026-09-10T17:40:52.836072Z,75,179.5,185.0,over,4.5854,4.1622,4.296001,1369,0.0,0,0,,
30863483,EuroLeague,2026-09-10T17:40:53.067555Z,75,172.5,171.0,under,4.5528,3.5135,4.296001,1369,0.0,0,0,,
30863484,EuroLeague,2026-09-10T17:40:53.302841Z,75,174.5,170.0,under,4.4553,4.0541,4.296001,1369,0.0,0,0,,
30863485,EuroLeague,2026-09-10T17:40:53.543734Z,75,143.5,144.0,over,3.6098,3.5135,4.296001,1369,0.0,0,0,,
30863486,EuroLeague,2026-09-10T17:40:53.776778Z,75,197.5,197.0,under,5.1057,4.3784,4.296001,1369,0.0,0,0,,
30863487,EuroLeague,2026-09-10T17:40:54.011657Z,75,182.5,178.0,under,4.7805,3.8378,4.296001,1369,0.0,0,0,,
30863542,TBSL,2026-09-10T17:55:05.298604Z,75,164.5,167.0,over,4.3,3.55,4.151644,1536,0.0,0,0,,
30863541,TBSL,2026-09-10T17:55:05.672506Z,75,185.5,186.0,over,4.9,3.85,4.151644,1536,0.0,0,0,,
30863546,TBSL,2026-09-10T17:55:05.880782Z,75,183.5,182.0,under,4.7667,4.05,4.151644,1536,0.0,0,0,,
30863544,TBSL,2026-09-10T17:55:06.094768Z,75,169.5,170.0,over,4.3333,3.95,4.151644,1536,0.0,0,0,,
30863545,TBSL,2026-09-10T17:55:06.294114Z,75,145.5,143.0,under,3.7333,3.35,4.151644,1536,0.0,0,0,,
30863547,TBSL,2026-09-10T17:55:06.508611Z,75,153.5,147.0,under,4.0,3.35,4.151644,1536,0.0,0,0,,
30863548,TBSL,2026-09-10T17:55:06.708985Z,75,178.5,160.0,under,4.6,4.05,4.151644,1536,0.0,0,0,,
30863543,TBSL,2026-09-10T17:55:30.885580Z,75,160.5,164.0,over,4.2645,3.2308,4.151644,1536,54.4,0,0,,
30849542,CYBER,2026-09-10T17:56:50.319928Z,75,219.5,225.0,over,4.5179,4.7436,4.468449,346,0.1,0,1,,0
30863630,CBA,2026-09-10T18:08:26.935603Z,75,182.5,181.0,under,4.8333,3.75,4.436338,807,0.0,0,0,,
30863629,CBA,2026-09-10T18:08:27.178759Z,75,180.5,178.0,under,4.6333,4.15,4.436338,807,0.0,0,0,,
30863631,CBA,2026-09-10T18:08:27.446751Z,75,179.5,182.0,over,4.6,4.15,4.436338,807,0.0,0,0,,
30863632,CBA,2026-09-10T18:08:28.022388Z,75,175.5,172.0,under,4.6,3.75,4.436338,807,0.0,0,0,,
30863672,KBL,2026-09-10T18:13:39.340035Z,75,128.5,128.0,under,3.252,3.0811,3.880282,956,65.6,0,0,,
30863673,KBL,2026-09-10T18:13:39.611789Z,75,161.5,175.0,over,4.2602,3.2973,3.880282,956,69.2,0,0,,
30863674,KBL,2026-09-10T18:13:39.865055Z,75,157.5,166.0,over,4.0976,3.4054,3.880282,956,64.4,0,0,,
30863675,KBL,2026-09-10T18:13:40.104514Z,75,161.5,155.0,under,4.1951,3.5135,3.880282,956,79.8,0,0,,
30863676,KBL,2026-09-10T18:13:40.350514Z,75,132.5,126.0,under,3.3171,3.2973,3.880282,956,74.8,0,0,,
30863618,NBA,2026-09-10T18:13:41.056790Z,75,204.5,204.0,under,5.3333,4.45,5.644103,1946,0.0,0,0,,
30863621,NBA,2026-09-10T18:13:41.882090Z,75,218.5,235.0,over,5.7,4.75,5.644103,1946,0.0,0,0,,
30863619,NBA,2026-09-10T18:13:42.316221Z,75,232.5,246.0,over,6.0667,5.05,5.644103,1946,0.0,0,0,,
30863620,NBA,2026-09-10T18:13:42.690941Z,75,226.5,217.0,under,5.9333,4.85,5.644103,1946,0.0,0,0,,
30863624,NBA,2026-09-10T18:13:43.061038Z,75,216.5,219.0,over,5.6333,4.75,5.644103,1946,0.0,0,0,,
30863622,NBA,2026-09-10T18:13:43.408527Z,75,222.5,225.0,over,5.8667,4.65,5.644103,1946,0.0,0,0,,
30863623,NBA,2026-09-10T18:13:43.773670Z,75,225.5,213.0,under,5.9333,4.75,5.644103,1946,0.0,0,0,,
30863627,NBA,2026-09-10T18:13:44.146107Z,75,225.5,233.0,over,5.8333,5.05,5.644103,1946,0.0,0,0,,
30863626,NBA,2026-09-10T18:13:44.528934Z,75,248.5,248.0,under,6.5667,5.15,5.644103,1946,0.0,0,0,,
30863625,NBA,2026-09-10T18:13:44.982252Z,75,243.5,245.0,over,6.3333,5.35,5.644103,1946,0.0,0,0,,
30863628,NBA,2026-09-10T18:13:45.863520Z,75,200.5,208.0,over,5.2333,4.35,5.644103,1946,0.0,0,0,,
30863617,NBA,2026-09-10T18:13:57.442426Z,75,250.5,259.0,over,6.5,5.55,5.644103,1946,4.7,0,0,,
30863740,EuroLeague,2026-09-10T18:20:35.085026Z,75,159.5,155.0,under,4.0656,3.7368,4.296442,1377,28.9,0,0,,
30863741,EuroLeague,2026-09-10T18:20:35.347336Z,75,137.5,138.0,over,3.4754,3.3158,4.296442,1377,45.3,0,0,,
30863742,EuroLeague,2026-09-10T18:20:35.699461Z,75,137.5,131.0,under,3.4711,3.3333,4.296442,1377,34.4,0,0,,
30863743,EuroLeague,2026-09-10T18:20:35.945356Z,75,156.5,164.0,over,4.0331,3.5385,4.296442,1377,29.8,0,0,,
30863744,EuroLeague,2026-09-10T18:20:36.204185Z,75,133.5,140.0,over,3.4711,2.9231,4.296442,1377,30.1,0,0,,
30863745,EuroLeague,2026-09-10T18:20:36.445342Z,75,193.5,202.0,over,5.0164,4.2632,4.296442,1377,30.3,0,0,,
30863747,EuroLeague,2026-09-10T18:20:43.873622Z,75,186.5,185.0,under,4.9917,3.641,4.296442,1377,42.6,0,0,,
30863748,EuroLeague,2026-09-10T18:20:44.216809Z,75,200.5,201.0,over,5.2231,4.359,4.296442,1377,36.4,0,0,,
30863908,TBSL,2026-09-10T18:35:07.060724Z,75,163.5,163.0,under,4.2333,3.65,4.15149,1544,0.0,0,0,,
30863910,TBSL,2026-09-10T18:35:07.465521Z,75,154.5,155.0,over,3.9667,3.55,4.15149,1544,0.0,0,0,,
30863904,TBSL,2026-09-10T18:37:06.816870Z,75,180.5,181.0,over,4.6614,3.9394,4.15149,1544,13.5,0,0,,
30863905,TBSL,2026-09-10T18:37:07.228927Z,75,202.5,204.0,over,5.3543,3.9394,4.15149,1544,15.8,0,0,,
30863906,TBSL,2026-09-10T18:37:07.570402Z,75,202.5,201.0,under,5.2913,4.1818,4.15149,1544,14.3,0,0,,
30863907,TBSL,2026-09-10T18:37:07.883224Z,75,165.5,169.0,over,4.315,3.4545,4.15149,1544,16.4,0,0,,
30863909,TBSL,2026-09-10T18:37:08.508649Z,75,174.5,171.0,under,4.5039,3.8182,4.15149,1544,31.6,0,0,,
30864044,CBA,2026-09-10T18:48:26.876659Z,75,172.5,156.0,under,4.3333,4.25,4.436436,811,0.0,0,0,,
30864045,CBA,2026-09-10T18:48:27.085098Z,75,175.5,174.0,under,4.6,3.75,4.436436,811,0.0,0,0,,
30864046,CBA,2026-09-10T18:48:27.286482Z,75,191.5,194.0,over,5.1333,3.75,4.436436,811,0.0,0,0,,
30864047,CBA,2026-09-10T18:48:27.469324Z,75,194.5,177.0,under,4.6333,5.55,4.436436,811,0.0,0,1,,1
30864092,KBL,2026-09-10T18:53:01.552386Z,75,149.5,158.0,over,4.0,2.9231,3.879605,961,17.2,0,0,,
30864093,KBL,2026-09-10T18:53:01.765453Z,75,139.5,142.0,over,3.6364,3.0256,3.879605,961,9.6,0,0,,
30864094,KBL,2026-09-10T18:53:02.006961Z,75,197.5,184.0,under,5.124,4.359,3.879605,961,12.6,0,1,,1
30864095,KBL,2026-09-10T18:53:02.259562Z,75,159.5,162.0,over,4.0992,3.641,3.879605,961,9.9,0,0,,
30864096,KBL,2026-09-10T18:53:02.630078Z,75,175.5,174.0,under,4.5289,3.9487,3.879605,961,12.0,0,0,,
30864173,EuroLeague,2026-09-10T19:00:04.416978Z,75,178.5,182.0,over,4.6667,3.85,4.295379,1385,51.9,0,0,,
30864178,EuroLeague,2026-09-10T19:00:10.545056Z,75,178.5,176.0,under,4.6667,3.85,4.295379,1385,0.0,0,0,,
30864177,EuroLeague,2026-09-10T19:00:10.873260Z,75,146.5,146.0,under,3.8333,3.15,4.295379,1385,0.0,0,0,,
30864176,EuroLeague,2026-09-10T19:00:11.169122Z,75,191.5,187.0,under,5.0,4.15,4.295379,1385,0.0,0,0,,
30864174,EuroLeague,2026-09-10T19:00:11.489005Z,75,153.5,149.0,under,3.5667,4.65,4.295379,1385,0.0,1,1,1,1
30864179,EuroLeague,2026-09-10T19:00:11.818034Z,75,153.5,154.0,over,3.8333,3.85,4.295379,1385,0.0,0,0,,
30864181,EuroLeague,2026-09-10T19:00:12.096036Z,75,189.5,185.0,under,4.9,4.25,4.295379,1385,0.0,0,0,,
30864123,NBA,2026-09-10T19:01:42.168742Z,75,246.5,256.0,over,6.6333,4.75,5.64465,1958,0.0,0,0,,
30864126,NBA,2026-09-10T19:01:42.553735Z,75,207.5,216.0,over,5.4333,4.45,5.64465,1958,0.0,0,0,,
30864124,NBA,2026-09-10T19:01:42.857098Z,75,221.5,222.0,over,5.7333,4.95,5.64465,1958,0.0,0,0,,
30864125,NBA,2026-09-10T19:01:43.175954Z,75,229.5,228.0,under,6.0667,4.75,5.64465,1958,0.0,0,0,,
30864129,NBA,2026-09-10T19:01:43.476551Z,75,202.5,198.0,under,5.1333,4.85,5.64465,1958,0.0,0,0,,
30864127,NBA,2026-09-10T19:01:43.754527Z,75,235.5,225.0,under,5.5667,6.85,5.64465,1958,0.0,1,1,1,1
30864128,NBA,2026-09-10T19:01:44.091051Z,75,215.5,217.0,over,5.4667,5.15,5.64465,1958,0.0,0,0,,
30864130,NBA,2026-09-10T19:01:44.384959Z,75,202.5,213.0,over,5.2667,4.45,5.64465,1958,0.0,0,0,,
30864132,NBA,2026-09-10T19:01:44.649859Z,75,211.5,225.0,over,5.3667,5.05,5.64465,1958,0.0,0,0,,
30864131,NBA,2026-09-10T19:01:44.901116Z,75,222.5,219.0,under,5.8333,4.75,5.64465,1958,0.0,0,0,,
30864133,NBA,2026-09-10T19:01:46.168146Z,75,240.5,237.0,under,6.3,5.15,5.64465,1958,0.0,0,0,,
30864122,NBA,2026-09-10T19:01:55.955164Z,75,239.5,244.0,over,6.4,4.75,5.64465,1958,4.2,0,0,,
30849546,CYBER,2026-09-10T19:03:26.035909Z,75,232.5,222.0,under,4.8056,4.9583,4.46869,348,0.0,0,1,,1
30864305,TBSL,2026-09-10T19:16:14.183346Z,75,155.5,156.0,over,4.0,3.5,4.152805,1551,0.0,0,0,,
30864306,TBSL,2026-09-10T19:16:14.440783Z,75,188.5,190.0,over,4.9677,3.8333,4.152805,1551,0.0,0,0,,
30864307,TBSL,2026-09-10T19:16:14.677732Z,75,175.5,170.0,under,4.5161,3.9444,4.152805,1551,0.0,0,0,,
30864308,TBSL,2026-09-10T19:16:14.896340Z,75,181.5,179.0,under,4.7742,3.7222,4.152805,1551,0.0,0,0,,
30864309,TBSL,2026-09-10T19:16:15.080216Z,75,177.5,164.0,under,4.6129,3.8333,4.152805,1551,0.0,0,0,,
30864310,TBSL,2026-09-10T19:16:15.266167Z,75,157.5,166.0,over,4.0645,3.5,4.152805,1551,0.0,0,0,,
30864311,TBSL,2026-09-10T19:16:15.472391Z,75,147.5,148.0,over,3.7742,3.3889,4.152805,1551,0.0,0,0,,
30864354,CBA,2026-09-10T19:29:02.350316Z,75,187.5,191.0,over,5.0667,3.55,4.436166,815,55.2,0,0,,
30864355,CBA,2026-09-10T19:29:02.595176Z,75,183.5,171.0,under,4.7333,4.15,4.436166,815,55.6,0,0,,
30864357,CBA,2026-09-10T19:29:09.590165Z,75,152.5,143.0,under,3.8,3.85,4.436166,815,62.3,0,0,,
30864456,KBL,2026-09-10T19:32:27.410313Z,75,160.5,151.0,under,4.1653,3.5385,3.880745,966,0.0,0,0,,
30864457,KBL,2026-09-10T19:32:27.764480Z,75,140.5,137.0,under,3.6033,3.2308,3.880745,966,0.0,0,0,,
30864459,KBL,2026-09-10T19:32:28.190377Z,75,135.5,137.0,over,3.5372,2.9231,3.880745,966,0.0,0,0,,
30864460,KBL,2026-09-10T19:32:28.621823Z,75,162.5,174.0,over,4.3306,3.2308,3.880745,966,0.0,0,0,,
30864489,EuroLeague,2026-09-10T19:40:46.058638Z,75,157.5,168.0,over,3.9675,3.8378,4.295011,1393,0.0,0,0,,
30864490,EuroLeague,2026-09-10T19:40:46.262465Z,75,150.5,146.0,under,3.7398,3.8378,4.295011,1393,0.0,0,0,,
30864492,EuroLeague,2026-09-10T19:40:46.473480Z,75,174.5,163.0,under,4.5203,3.8378,4.295011,1393,0.0,0,0,,
30864494,EuroLeague,2026-09-10T19:40:46.697480Z,75,176.5,164.0,under,4.4878,4.1622,4.295011,1393,0.0,0,0,,
30864495,EuroLeague,2026-09-10T19:40:46.900967Z,75,146.5,142.0,under,3.8049,3.1892,4.295011,1393,0.0,0,0,,
30864496,EuroLeague,2026-09-10T19:40:47.151224Z,75,184.5,186.0,over,4.7154,4.2703,4.295011,1393,0.0,0,0,,
30864527,NBA,2026-09-10T19:49:38.972371Z,75,241.5,255.0,over,6.2333,5.45,5.64453,1970,0.0,0,0,,
30864528,NBA,2026-09-10T19:49:46.296295Z,75,221.5,224.0,over,5.5667,5.45,5.64453,1970,0.0,0,0,,
30864531,NBA,2026-09-10T19:49:46.761516Z,75,238.5,246.0,over,6.2667,5.05,5.64453,1970,0.0,0,0,,
30864530,NBA,2026-09-10T19:49:46.999733Z,75,215.5,219.0,over,5.6,4.75,5.64453,1970,0.0,0,0,,
30864529,NBA,2026-09-10T19:49:47.283442Z,75,229.5,220.0,under,6.0,4.95,5.64453,1970,0.0,0,0,,
30864533,NBA,2026-09-10T19:49:47.593106Z,75,215.5,212.0,under,5.6,4.75,5.64453,1970,0.0,0,0,,
30864534,NBA,2026-09-10T19:49:47.944063Z,75,252.5,269.0,over,6.7,5.15,5.64453,1970,0.0,0,0,,
30864532,NBA,2026-09-10T19:49:48.200573Z,75,226.5,217.0,under,5.9667,4.75,5.64453,1970,0.0,0,0,,
30864535,NBA,2026-09-10T19:49:48.504956Z,75,228.5,241.0,over,5.9333,5.05,5.64453,1970,0.0,0,0,,
30864537,NBA,2026-09-10T19:49:48.759671Z,75,221.5,223.0,over,5.8,4.75,5.64453,1970,0.0,0,0,,
30864536,NBA,2026-09-10T19:49:49.014038Z,75,229.5,226.0,under,6.0333,4.85,5.64453,1970,0.0,0,0,,
30864538,NBA,2026-09-10T19:49:49.307101Z,75,235.5,239.0,over,6.2333,4.85,5.64453,1970,0.0,0,0,,
30864623,TBSL,2026-09-10T19:56:20.549391Z,75,161.5,163.0,over,4.16,3.6,4.152969,1558,17.8,0,0,,
30864624,TBSL,2026-09-10T19:56:20.856410Z,75,152.5,148.0,under,4.0,3.1429,4.152969,1558,23.1,0,0,,
30864625,TBSL,2026-09-10T19:56:21.154448Z,75,130.5,128.0,under,3.264,3.2571,4.152969,1558,13.5,0,0,,
30864626,TBSL,2026-09-10T19:56:21.472719Z,75,151.5,142.0,under,3.84,3.6,4.152969,1558,9.2,0,0,,
30864627,TBSL,2026-09-10T19:56:21.791184Z,75,174.5,163.0,under,4.448,4.0571,4.152969,1558,11.1,0,0,,
30864628,TBSL,2026-09-10T19:56:22.127142Z,75,172.5,185.0,over,4.352,4.1714,4.152969,1558,7.1,0,0,,
30864629,TBSL,2026-09-10T19:56:22.539367Z,75,156.5,153.0,under,3.936,3.8286,4.152969,1558,10.2,0,0,,
30864710,CBA,2026-09-10T20:08:27.017827Z,75,164.5,166.0,over,4.2333,3.75,4.43533,818,0.0,0,0,,
30864708,CBA,2026-09-10T20:10:28.041162Z,75,186.5,196.0,over,4.8504,3.9394,4.43533,818,10.2,0,0,,
30864709,CBA,2026-09-10T20:10:28.365661Z,75,166.5,177.0,over,4.189,4.0606,4.43533,818,26.5,0,0,,
30864712,CBA,2026-09-10T20:10:36.168131Z,75,167.5,167.0,under,4.315,3.697,4.43533,818,18.3,0,0,,
30864732,KBL,2026-09-10T20:12:39.799760Z,75,156.5,153.0,under,4.1667,3.15,3.880767,971,18.4,0,0,,
30864733,KBL,2026-09-10T20:12:40.214662Z,75,141.5,133.0,under,3.5,3.65,3.880767,971,31.0,0,0,,
30864734,KBL,2026-09-10T20:12:40.566337Z,75,163.5,162.0,under,4.1,4.05,3.880767,971,16.5,0,1,,1
30864735,KBL,2026-09-10T20:12:40.842128Z,75,182.5,191.0,over,4.8333,3.75,3.880767,971,31.6,0,0,,
30864736,KBL,2026-09-10T20:12:41.122344Z,75,184.5,188.0,over,4.7667,4.15,3.880767,971,39.1,0,1,,0
30864762,EuroLeague,2026-09-10T20:20:30.817268Z,75,181.5,182.0,over,4.6885,4.0526,4.293607,1400,0.0,0,0,,
30864763,EuroLeague,2026-09-10T20:20:31.044488Z,75,165.5,164.0,under,4.1311,4.1579,4.293607,1400,0.0,0,0,,
30864764,EuroLeague,2026-09-10T20:20:31.249925Z,75,156.5,162.0,over,4.0656,3.4211,4.293607,1400,0.0,0,0,,
30864765,EuroLeague,2026-09-10T20:20:31.492881Z,75,210.5,211.0,over,5.4426,4.6842,4.293607,1400,0.0,0,1,,0
30864766,EuroLeague,2026-09-10T20:20:31.689325Z,75,206.5,203.0,under,5.4098,4.3684,4.293607,1400,0.0,0,0,,
30864767,EuroLeague,2026-09-10T20:20:31.896500Z,75,176.5,179.0,over,4.5902,3.8421,4.293607,1400,0.0,0,0,,
30864843,TBSL,2026-09-10T20:35:26.717372Z,75,150.5,149.0,under,3.8017,3.641,4.151677,1565,0.0,0,0,,
30864845,TBSL,2026-09-10T20:35:27.076538Z,75,182.5,183.0,over,4.9587,3.3333,4.151677,1565,0.0,0,0,,
30864844,TBSL,2026-09-10T20:35:27.404090Z,75,138.5,132.0,under,3.4711,3.4359,4.151677,1565,0.0,0,0,,
30864846,TBSL,2026-09-10T20:35:27.926702Z,75,167.5,164.0,under,4.3636,3.641,4.151677,1565,0.0,0,0,,
30864847,TBSL,2026-09-10T20:35:28.433081Z,75,178.5,185.0,over,4.7934,3.4359,4.151677,1565,0.0,0,0,,
30864848,TBSL,2026-09-10T20:35:29.570117Z,75,156.5,158.0,over,4.0331,3.5385,4.151677,1565,0.0,0,0,,
30864804,NBA,2026-09-10T20:37:27.708962Z,75,220.5,224.0,over,5.6667,5.05,5.64556,1982,0.0,0,0,,
30864805,NBA,2026-09-10T20:37:28.084854Z,75,243.5,240.0,under,6.1333,5.95,5.64556,1982,0.0,0,1,,1
30864806,NBA,2026-09-10T20:37:28.522437Z,75,270.5,270.0,under,7.1333,5.65,5.64556,1982,0.0,0,0,,
30864807,NBA,2026-09-10T20:37:28.924030Z,75,218.5,218.0,under,5.5333,5.25,5.64556,1982,0.0,0,0,,
30864808,NBA,2026-09-10T20:37:29.388514Z,75,239.5,234.0,under,6.3,5.05,5.64556,1982,0.0,0,0,,
30864809,NBA,2026-09-10T20:37:29.825257Z,75,215.5,208.0,under,5.5667,4.85,5.64556,1982,0.0,0,0,,
30864810,NBA,2026-09-10T20:37:30.262336Z,75,224.5,227.0,over,5.7667,5.15,5.64556,1982,0.0,0,0,,
30864811,NBA,2026-09-10T20:37:30.632724Z,75,195.5,192.0,under,4.9667,4.65,5.64556,1982,0.0,0,0,,
30864813,NBA,2026-09-10T20:37:31.297943Z,75,241.5,249.0,over,6.2667,5.35,5.64556,1982,0.0,0,0,,
30864802,NBA,2026-09-10T20:37:44.727164Z,75,225.5,214.0,under,5.8667,4.95,5.64556,1982,4.1,0,0,,
30864803,NBA,2026-09-10T20:37:45.020593Z,75,223.5,205.0,under,5.7333,5.15,5.64556,1982,2.9,0,0,,
30864812,NBA,2026-09-10T20:37:48.791851Z,75,249.5,247.0,under,6.5667,5.25,5.64556,1982,6.6,0,0,,
30849558,CYBER,2026-09-10T20:40:01.463809Z,75,223.5,241.0,over,4.6701,4.6106,4.468929,350,9.6,0,0,,
30864899,CBA,2026-09-10T20:48:29.771377Z,75,188.5,187.0,under,4.8667,4.25,4.435219,822,0.0,0,0,,
30864898,CBA,2026-09-10T20:48:30.216916Z,75,168.5,166.0,under,4.3,3.95,4.435219,822,0.0,0,0,,
30864901,CBA,2026-09-10T20:48:30.913485Z,75,185.5,179.0,under,4.8,4.15,4.435219,822,0.0,0,0,,
30864923,KBL,2026-09-10T20:52:39.120074Z,75,122.5,124.0,over,3.1074,2.9231,3.88207,976,0.0,0,0,,
30864924,KBL,2026-09-10T20:52:39.489125Z,75,147.5,141.0,under,3.7355,3.5385,3.88207,976,0.0,0,0,,
30864925,KBL,2026-09-10T20:52:39.911080Z,75,177.5,172.0,under,4.7934,3.3333,3.88207,976,0.0,0,0,,
30864926,KBL,2026-09-10T20:52:40.247450Z,75,160.5,157.0,under,4.1322,3.641,3.88207,976,0.0,0,0,,
30864927,KBL,2026-09-10T20:52:40.544656Z,75,152.5,153.0,over,4.0,3.2308,3.88207,976,0.0,0,0,,
30864950,EuroLeague,2026-09-10T21:00:07.101694Z,75,168.5,168.0,under,4.4,3.65,4.294861,1406,0.0,0,0,,
30864951,EuroLeague,2026-09-10T21:00:07.469591Z,75,161.5,160.0,under,4.3333,3.15,4.294861,1406,0.0,0,0,,
30864953,EuroLeague,2026-09-10T21:00:07.784935Z,75,142.5,149.0,over,3.5667,3.55,4.294861,1406,0.0,0,0,,
30864954,EuroLeague,2026-09-10T21:00:08.184544Z,75,197.5,190.0,under,5.2333,4.05,4.294861,1406,0.0,0,0,,
30864955,EuroLeague,2026-09-10T21:00:08.726093Z,75,161.5,169.0,over,4.0333,4.05,4.294861,1406,0.0,0,0,,
30864958,EuroLeague,2026-09-10T21:00:09.228152Z,75,169.5,170.0,over,4.3667,3.85,4.294861,1406,0.0,0,0,,
30864957,EuroLeague,2026-09-10T21:00:09.614958Z,75,187.5,186.0,under,4.8333,4.25,4.294861,1406,0.0,0,0,,
30864959,EuroLeague,2026-09-10T21:00:10.018579Z,75,167.5,160.0,under,4.3667,3.65,4.294861,1406,0.0,0,0,,
30865064,TBSL,2026-09-10T21:15:34.879206Z,75,180.5,186.0,over,4.7213,3.8421,4.151273,1571,37.0,0,0,,
30865065,TBSL,2026-09-10T21:15:35.136310Z,75,191.5,194.0,over,5.1475,3.6316,4.151273,1571,22.6,0,0,,
30865066,TBSL,2026-09-10T21:15:35.337341Z,75,167.5,175.0,over,4.2295,4.0526,4.151273,1571,26.1,0,0,,
30865067,TBSL,2026-09-10T21:15:35.553676Z,75,178.5,180.0,over,4.6885,3.7368,4.151273,1571,26.8,0,0,,
30865068,TBSL,2026-09-10T21:15:35.745085Z,75,139.5,146.0,over,3.5082,3.4211,4.151273,1571,27.0,0,0,,
30865069,TBSL,2026-09-10T21:15:35.944036Z,75,148.5,159.0,over,3.7705,3.5263,4.151273,1571,25.0,0,0,,
30865070,TBSL,2026-09-10T21:15:36.177229Z,75,171.5,178.0,over,4.3607,4.0526,4.151273,1571,25.3,0,0,,
30865077,NBA,2026-09-10T21:25:51.780063Z,75,255.5,254.0,under,6.8667,4.95,5.645787,1994,0.0,0,0,,
30865078,NBA,2026-09-10T21:27:22.210896Z,75,191.5,182.0,under,4.9667,4.25,5.645787,1994,0.0,0,0,,
30865079,NBA,2026-09-10T21:27:22.470673Z,75,211.5,215.0,over,5.6,4.35,5.645787,1994,0.0,0,0,,
30865080,NBA,2026-09-10T21:27:22.745948Z,75,242.5,244.0,over,6.4667,4.85,5.645787,1994,0.0,0,0,,
30865081,NBA,2026-09-10T21:27:23.001916Z,75,236.5,230.0,under,6.3,4.75,5.645787,1994,0.0,0,0,,
30865082,NBA,2026-09-10T21:27:23.309599Z,75,218.5,228.0,over,5.8667,4.25,5.645787,1994,0.0,0,0,,
30865083,NBA,2026-09-10T21:27:23.586963Z,75,261.5,258.0,under,7.1333,4.75,5.645787,1994,0.0,0,0,,
30865084,NBA,2026-09-10T21:27:23.934765Z,75,233.5,239.0,over,6.3667,4.25,5.645787,1994,0.0,0,0,,
30865085,NBA,2026-09-10T21:27:24.219602Z,75,219.5,237.0,over,5.9,4.25,5.645787,1994,0.0,0,0,,
30865086,NBA,2026-09-10T21:27:24.461889Z,75,246.5,240.0,under,6.6667,4.65,5.645787,1994,0.0,0,0,,
30865087,NBA,2026-09-10T21:27:24.688353Z,75,214.5,229.0,over,5.7333,4.25,5.645787,1994,0.0,0,0,,
30865088,NBA,2026-09-10T21:27:24.901475Z,75,226.5,226.0,under,6.1667,4.15,5.645787,1994,0.0,0,0,,
30865118,CBA,2026-09-10T21:28:24.304832Z,75,150.5,142.0,under,3.9333,3.25,4.435212,825,0.0,0,0,,
30865116,CBA,2026-09-10T21:28:24.795588Z,75,199.5,200.0,over,5.2667,4.15,4.435212,825,0.0,0,0,,
30865117,CBA,2026-09-10T21:28:25.143087Z,75,171.5,170.0,under,4.3333,4.15,4.435212,825,0.0,0,0,,
30865120,CBA,2026-09-10T21:28:25.772209Z,75,176.5,168.0,under,4.5667,3.95,4.435212,825,0.0,0,0,,
30866143,KBL,2026-09-10T21:32:37.685852Z,75,169.5,169.0,under,4.4298,3.641,3.88132,981,0.0,0,0,,
30866142,KBL,2026-09-10T21:32:38.357734Z,75,145.5,151.0,over,3.7686,3.2308,3.88132,981,0.0,0,0,,
30866144,KBL,2026-09-10T21:32:38.730507Z,75,184.5,194.0,over,4.7603,4.1538,3.88132,981,0.0,0,1,,0
30866146,KBL,2026-09-10T21:32:39.125111Z,75,152.5,142.0,under,3.9008,3.5385,3.88132,981,0.0,0,0,,
30866145,KBL,2026-09-10T21:32:39.506801Z,75,149.5,149.0,under,3.8678,3.3333,3.88132,981,0.0,0,0,,
30866161,EuroLeague,2026-09-10T21:41:00.904780Z,75,167.5,166.0,under,4.2903,3.8333,4.294466,1414,0.0,0,0,,
30866160,EuroLeague,2026-09-10T21:41:01.134776Z,75,164.5,167.0,over,4.2903,3.5,4.294466,1414,0.0,0,0,,
30866164,EuroLeague,2026-09-10T21:41:01.374080Z,75,175.5,160.0,under,4.5528,3.8378,4.294466,1414,0.0,0,0,,
30866162,EuroLeague,2026-09-10T21:41:01.569369Z,75,177.5,170.0,under,4.6504,3.7297,4.294466,1414,0.0,0,0,,
30866163,EuroLeague,2026-09-10T21:41:01.753627Z,75,142.5,144.0,over,3.4839,3.8333,4.294466,1414,0.0,0,0,,
30866165,EuroLeague,2026-09-10T21:41:02.125666Z,75,176.5,168.0,under,4.6504,3.6216,4.294466,1414,0.0,0,0,,
30866168,EuroLeague,2026-09-10T21:41:02.303220Z,75,166.5,156.0,under,4.129,4.2778,4.294466,1414,0.0,0,0,,
30866240,TBSL,2026-09-10T21:55:39.057555Z,75,159.5,156.0,under,4.1967,3.3158,4.152155,1578,0.0,0,0,,
30866242,TBSL,2026-09-10T21:55:39.354699Z,75,175.5,174.0,under,4.4918,4.0526,4.152155,1578,0.0,0,0,,
30866241,TBSL,2026-09-10T21:55:39.648439Z,75,159.5,156.0,under,4.0328,3.8421,4.152155,1578,0.0,0,0,,
30866243,TBSL,2026-09-10T21:55:40.005524Z,75,146.5,146.0,under,3.7049,3.5263,4.152155,1578,0.0,0,0,,
30866245,TBSL,2026-09-10T21:55:40.278476Z,75,168.5,178.0,over,4.3279,3.8421,4.152155,1578,0.0,0,0,,
30866247,TBSL,2026-09-10T21:55:40.525313Z,75,169.5,148.0,under,4.3607,3.8421,4.152155,1578,0.0,0,0,,
30866244,TBSL,2026-09-10T21:56:18.247495Z,75,178.5,183.0,over,4.608,3.9429,4.152155,1578,30.2,0,0,,
30849823,CYBER,2026-09-10T22:05:31.197510Z,75,207.5,217.0,over,4.2384,4.5932,4.471354,352,2.8,1,0,0,
30866318,CBA,2026-09-10T22:08:26.925992Z,75,191.5,189.0,under,5.0333,4.05,4.434318,829,0.0,0,0,,
30866320,CBA,2026-09-10T22:08:27.101659Z,75,198.5,181.0,under,5.1,4.55,4.434318,829,0.0,0,0,,
30866319,CBA,2026-09-10T22:08:27.451140Z,75,163.5,152.0,under,4.2333,3.65,4.434318,829,0.0,0,0,,
30866321,CBA,2026-09-10T22:08:27.628078Z,75,193.5,188.0,under,5.0333,4.25,4.434318,829,0.0,0,0,,
30866337,KBL,2026-09-10T22:13:02.478926Z,75,168.5,161.0,under,4.3,3.95,3.882049,986,24.7,0,0,,
30866338,KBL,2026-09-10T22:13:02.924543Z,75,147.5,141.0,under,3.7667,3.45,3.882049,986,26.1,0,0,,
30866339,KBL,2026-09-10T22:13:03.334082Z,75,149.5,165.0,over,3.9667,3.05,3.882049,986,49.4,0,0,,
30866340,KBL,2026-09-10T22:13:03.711718Z,75,163.5,168.0,over,4.1667,3.85,3.882049,986,26.0,0,0,,
30866341,KBL,2026-09-10T22:13:04.067642Z,75,150.5,158.0,over,3.9667,3.15,3.882049,986,26.6,0,0,,
30866306,NBA,2026-09-10T22:14:06.968062Z,75,239.5,234.0,under,6.2,5.35,5.646685,2006,0.0,0,0,,
30866305,NBA,2026-09-10T22:14:07.784985Z,75,240.5,234.0,under,6.2333,5.35,5.646685,2006,0.0,0,0,,
30866309,NBA,2026-09-10T22:14:08.196223Z,75,212.5,213.0,over,5.5667,4.55,5.646685,2006,0.0,0,0,,
30866307,NBA,2026-09-10T22:14:08.640743Z,75,227.5,237.0,over,5.9333,4.95,5.646685,2006,0.0,0,0,,
30866308,NBA,2026-09-10T22:14:09.033788Z,75,222.5,226.0,over,5.7,5.15,5.646685,2006,0.0,0,0,,
30866310,NBA,2026-09-10T22:14:09.463168Z,75,226.5,228.0,over,6.0,4.65,5.646685,2006,0.0,0,0,,
30866312,NBA,2026-09-10T22:14:09.897129Z,75,228.5,229.0,over,5.9333,5.05,5.646685,2006,0.0,0,0,,
30866311,NBA,2026-09-10T22:14:10.279858Z,75,176.5,188.0,over,4.4667,4.25,5.646685,2006,0.0,0,0,,
30866313,NBA,2026-09-10T22:14:10.701644Z,75,208.5,209.0,over,5.4333,4.55,5.646685,2006,0.0,0,0,,
30866315,NBA,2026-09-10T22:14:11.103133Z,75,253.5,265.0,over,6.7667,5.05,5.646685,2006,0.0,0,0,,
30866314,NBA,2026-09-10T22:14:11.402157Z,75,201.5,195.0,under,5.3667,4.05,5.646685,2006,0.0,0,0,,
30866316,NBA,2026-09-10T22:14:12.613600Z,75,264.5,270.0,over,7.0333,5.35,5.646685,2006,0.0,0,0,,
30866371,EuroLeague,2026-09-10T22:20:44.995746Z,75,202.5,197.0,under,5.2787,4.3684,4.293209,1421,0.0,0,0,,
30866370,EuroLeague,2026-09-10T22:20:45.311106Z,75,166.5,150.0,under,4.2951,3.7368,4.293209,1421,0.0,0,0,,
30866369,EuroLeague,2026-09-10T22:20:45.545243Z,75,141.5,138.0,under,3.541,3.5263,4.293209,1421,0.0,0,0,,
30866373,EuroLeague,2026-09-10T22:20:45.769688Z,75,167.5,169.0,over,4.2295,4.0526,4.293209,1421,0.0,0,0,,
30866372,EuroLeague,2026-09-10T22:20:45.978901Z,75,169.5,161.0,under,4.459,3.5263,4.293209,1421,0.0,0,0,,
30866374,EuroLeague,2026-09-10T22:20:46.248516Z,75,166.5,160.0,under,4.2951,3.7368,4.293209,1421,0.0,0,0,,
30866375,EuroLeague,2026-09-10T22:20:46.837413Z,75,181.5,177.0,under,4.7869,3.7368,4.293209,1421,0.0,0,0,,
30866377,EuroLeague,2026-09-10T22:20:47.236087Z,75,152.5,154.0,over,3.8689,3.6316,4.293209,1421,0.0,0,0,,
30849809,CYBER,2026-09-10T22:21:03.649164Z,75,234.5,222.0,under,4.9444,4.7083,4.471494,353,22.4,0,1,,1
30866477,TBSL,2026-09-10T22:36:57.342946Z,75,193.5,192.0,under,5.0079,4.1818,4.152018,1586,15.8,0,0,,
30866478,TBSL,2026-09-10T22:36:57.823831Z,75,167.5,164.0,under,4.189,4.1818,4.152018,1586,4.1,0,0,,
30866479,TBSL,2026-09-10T22:36:58.195632Z,75,173.5,172.0,under,4.4724,3.8182,4.152018,1586,4.5,0,0,,
30866480,TBSL,2026-09-10T22:36:58.455158Z,75,178.5,182.0,over,4.6929,3.5758,4.152018,1586,4.8,0,0,,
30866481,TBSL,2026-09-10T22:36:58.763539Z,75,183.5,187.0,over,4.8504,3.5758,4.152018,1586,30.0,0,0,,
30866482,TBSL,2026-09-10T22:36:59.170587Z,75,168.5,175.0,over,4.4724,3.2121,4.152018,1586,8.1,0,0,,
30866483,TBSL,2026-09-10T22:36:59.529155Z,75,194.5,197.0,over,5.1024,3.9394,4.152018,1586,5.8,0,0,,
30866605,CBA,2026-09-10T22:48:17.792787Z,75,165.5,167.0,over,4.1667,4.05,4.434334,833,0.0,0,0,,
30866601,CBA,2026-09-10T22:48:18.270224Z,75,173.5,168.0,under,4.5,3.85,4.434334,833,0.0,0,0,,
30866602,CBA,2026-09-10T22:48:18.757363Z,75,175.5,177.0,over,4.6,3.75,4.434334,833,0.0,0,0,,
30866603,CBA,2026-09-10T22:48:19.473870Z,75,211.5,219.0,over,5.5667,4.45,4.434334,833,0.0,0,0,,
30866619,KBL,2026-09-10T22:53:10.975512Z,75,123.5,122.0,under,3.1803,2.7895,3.882467,991,50.6,0,0,,
30866620,KBL,2026-09-10T22:53:11.301704Z,75,150.5,134.0,under,3.9672,3.1053,3.882467,991,35.6,0,0,,
30866621,KBL,2026-09-10T22:53:11.668671Z,75,151.5,147.0,under,4.0,3.1053,3.882467,991,54.1,0,0,,
30866622,KBL,2026-09-10T22:53:12.090871Z,75,122.5,124.0,over,3.0492,3.1053,3.882467,991,36.4,0,0,,
30866623,KBL,2026-09-10T22:53:12.390681Z,75,188.5,187.0,under,4.9508,3.9474,3.882467,991,54.8,0,0,,
30866678,EuroLeague,2026-09-10T23:00:35.460703Z,75,210.5,199.0,under,5.3884,4.8718,4.292022,1429,41.1,0,1,,1
30866679,EuroLeague,2026-09-10T23:00:35.675613Z,75,161.5,162.0,over,4.2314,3.4359,4.292022,1429,35.6,0,0,,
30866680,EuroLeague,2026-09-10T23:00:35.883512Z,75,172.5,174.0,over,4.562,3.5385,4.292022,1429,35.8,0,0,,
30866681,EuroLeague,2026-09-10T23:00:36.104163Z,75,171.5,179.0,over,4.4959,3.641,4.292022,1429,41.8,0,0,,
30866682,EuroLeague,2026-09-10T23:00:36.345447Z,75,214.5,215.0,over,5.6198,4.5641,4.292022,1429,29.6,0,1,,0
30866683,EuroLeague,2026-09-10T23:00:36.567748Z,75,185.5,182.0,under,4.7603,4.2564,4.292022,1429,29.8,0,0,,
30866684,EuroLeague,2026-09-10T23:00:36.769890Z,75,194.5,197.0,over,4.9917,4.4615,4.292022,1429,42.6,0,0,,
30866685,EuroLeague,2026-09-10T23:00:36.986555Z,75,178.5,188.0,over,4.8264,3.3333,4.292022,1429,42.5,0,0,,
30866686,EuroLeague,2026-09-10T23:00:37.213399Z,75,142.5,148.0,over,3.6033,3.4359,4.292022,1429,43.7,0,0,,
30866687,EuroLeague,2026-09-10T23:00:37.425497Z,75,161.5,157.0,under,3.9669,4.2564,4.292022,1429,43.1,0,0,,
30866629,NBA,2026-09-10T23:01:59.179574Z,75,213.5,207.0,under,5.4667,4.95,5.646903,2018,0.0,0,0,,
30866630,NBA,2026-09-10T23:01:59.572455Z,75,191.5,187.0,under,4.9667,4.25,5.646903,2018,0.0,0,0,,
30866633,NBA,2026-09-10T23:01:59.920163Z,75,205.5,189.0,under,5.2667,4.75,5.646903,2018,0.0,0,0,,
30866634,NBA,2026-09-10T23:02:00.248428Z,75,212.5,209.0,under,5.5333,4.65,5.646903,2018,0.0,0,0,,
30866635,NBA,2026-09-10T23:02:00.578599Z,75,196.5,192.0,under,5.1667,4.15,5.646903,2018,0.0,0,0,,
30866626,NBA,2026-09-10T23:03:35.547746Z,75,220.5,234.0,over,6.1333,3.65,5.646903,2018,22.5,0,0,,
30866627,NBA,2026-09-10T23:03:35.867911Z,75,212.5,207.0,under,5.9,3.55,5.646903,2018,13.2,0,0,,
30866628,NBA,2026-09-10T23:03:36.197396Z,75,237.5,235.0,under,6.5333,4.15,5.646903,2018,2.8,0,0,,
30866631,NBA,2026-09-10T23:03:37.386517Z,75,238.5,230.0,under,6.5667,4.15,5.646903,2018,4.0,0,0,,
30866632,NBA,2026-09-10T23:03:37.730239Z,75,198.5,191.0,under,5.1,4.55,5.646903,2018,21.3,0,0,,
30866636,NBA,2026-09-10T23:03:39.310307Z,75,227.5,240.0,over,6.2333,4.05,5.646903,2018,16.7,0,0,,
30866637,NBA,2026-09-10T23:03:39.716142Z,75,201.5,195.0,under,5.4,3.95,5.646903,2018,12.5,0,0,,
30866817,TBSL,2026-09-10T23:15:13.215420Z,75,158.5,150.0,under,4.2,3.25,4.153688,1593,0.0,0,0,,
30866819,TBSL,2026-09-10T23:15:13.490571Z,75,152.5,159.0,over,3.9333,3.45,4.153688,1593,0.0,0,0,,
30866820,TBSL,2026-09-10T23:15:13.759709Z,75,173.5,177.0,over,4.4667,3.95,4.153688,1593,0.0,0,0,,
30866822,TBSL,2026-09-10T23:15:14.310859Z,75,144.5,146.0,over,3.6,3.65,4.153688,1593,0.0,0,0,,
30866821,TBSL,2026-09-10T23:15:14.632471Z,75,147.5,144.0,under,3.8667,3.15,4.153688,1593,0.0,0,0,,
30866816,TBSL,2026-09-10T23:15:45.348911Z,75,144.5,148.0,over,3.7049,3.3158,4.153688,1593,21.4,0,0,,
30866818,TBSL,2026-09-10T23:15:45.879511Z,75,171.5,173.0,over,4.5854,3.2973,4.153688,1593,18.6,0,0,,
30866867,CBA,2026-09-10T23:28:39.102378Z,75,197.5,194.0,under,5.2562,3.9487,4.434976,837,0.0,0,0,,
30866866,CBA,2026-09-10T23:28:39.462013Z,75,171.5,163.0,under,4.4959,3.641,4.434976,837,0.0,0,0,,
30866864,CBA,2026-09-10T23:28:39.761928Z,75,158.5,160.0,over,4.0331,3.7436,4.434976,837,0.0,0,0,,
30866868,CBA,2026-09-10T23:28:39.992113Z,75,165.5,169.0,over,4.2645,3.7436,4.434976,837,0.0,0,0,,
30866908,KBL,2026-09-10T23:32:29.920442Z,75,156.5,163.0,over,4.0992,3.3333,3.880899,996,0.0,0,0,,
30866909,KBL,2026-09-10T23:32:30.543030Z,75,172.5,177.0,over,4.6281,3.3333,3.880899,996,0.0,0,0,,
30866910,KBL,2026-09-10T23:32:31.042556Z,75,149.5,143.0,under,3.8678,3.3333,3.880899,996,0.0,0,0,,
30866911,KBL,2026-09-10T23:32:31.517596Z,75,186.5,190.0,over,4.9917,3.641,3.880899,996,0.0,0,0,,
30866912,KBL,2026-09-10T23:32:31.989355Z,75,128.5,126.0,under,3.2066,3.2308,3.880899,996,0.0,0,0,,
30849885,CYBER,2026-09-10T23:37:46.863294Z,75,210.5,210.0,under,4.2778,4.7083,4.470423,355,0.0,1,1,1,1
30866931,EuroLeague,2026-09-10T23:40:03.583775Z,75,183.5,197.0,over,4.8333,3.85,4.293485,1439,0.0,0,0,,
30866929,EuroLeague,2026-09-10T23:40:03.822264Z,75,166.5,175.0,over,4.2,4.05,4.293485,1439,0.0,0,0,,
30866930,EuroLeague,2026-09-10T23:40:04.082307Z,75,184.5,187.0,over,4.7667,4.15,4.293485,1439,0.0,0,0,,
30866935,EuroLeague,2026-09-10T23:40:04.398235Z,75,189.5,181.0,under,5.0333,3.85,4.293485,1439,0.0,0,0,,
30866932,EuroLeague,2026-09-10T23:40:04.817032Z,75,185.5,176.0,under,4.6667,4.55,4.293485,1439,0.0,0,1,,1
30866933,EuroLeague,2026-09-10T23:40:05.091917Z,75,177.5,174.0,under,4.5667,4.05,4.293485,1439,0.0,0,0,,
30849889,CYBER,2026-09-10T23:42:09.778770Z,75,208.5,215.0,over,4.3256,4.4063,4.470423,355,122.4,0,0,,
30849891,CYBER,2026-09-11T00:27:19.511933Z,75,234.5,215.0,under,5.0,4.5417,4.47018,357,3.4,0,0,,
30867132,TBSL,2026-09-11T00:35:13.203493Z,75,171.5,173.0,over,4.5,3.65,4.152656,1600,0.0,0,0,,
30867133,TBSL,2026-09-11T00:35:13.520000Z,75,159.5,162.0,over,4.2333,3.25,4.152656,1600,0.0,0,0,,
30867134,TBSL,2026-09-11T00:35:13.786869Z,75,171.5,168.0,under,4.4333,3.85,4.152656,1600,0.0,0,0,,
30867135,TBSL,2026-09-11T00:35:14.038543Z,75,173.5,186.0,over,4.5333,3.75,4.152656,1600,0.0,0,0,,
30867136,TBSL,2026-09-11T00:35:14.287229Z,75,178.5,184.0,over,4.7,3.75,4.152656,1600,0.0,0,0,,
30867137,TBSL,2026-09-11T00:35:14.533092Z,75,207.5,204.0,under,5.4667,4.35,4.152656,1600,0.0,0,1,,1
30867138,TBSL,2026-09-11T00:35:14.790432Z,75,121.5,113.0,under,3.0333,3.05,4.152656,1600,0.0,0,0,,
30867068,NBA,2026-09-11T00:37:50.579499Z,75,242.5,254.0,over,6.5,4.75,5.644507,2030,0.0,0,0,,
30867070,NBA,2026-09-11T00:38:07.034308Z,75,260.5,263.0,over,6.8667,5.45,5.644507,2030,0.0,0,0,,
30867069,NBA,2026-09-11T00:38:07.261080Z,75,208.5,208.0,under,5.4,4.65,5.644507,2030,0.0,0,0,,
30867073,NBA,2026-09-11T00:38:07.486832Z,75,214.5,202.0,under,5.5,4.95,5.644507,2030,0.0,0,0,,
30867071,NBA,2026-09-11T00:38:07.702015Z,75,235.5,236.0,over,6.2333,4.85,5.644507,2030,0.0,0,0,,
30867072,NBA,2026-09-11T00:38:07.926668Z,75,204.5,200.0,under,5.2333,4.75,5.644507,2030,0.0,0,0,,
30867075,NBA,2026-09-11T00:38:08.143023Z,75,186.5,187.0,over,4.7333,4.45,5.644507,2030,0.0,0,0,,
30867074,NBA,2026-09-11T00:38:08.363946Z,75,232.5,225.0,under,6.2333,4.55,5.644507,2030,0.0,0,0,,
30867078,NBA,2026-09-11T00:38:08.603309Z,75,222.5,230.0,over,5.7667,4.95,5.644507,2030,0.0,0,0,,
30867076,NBA,2026-09-11T00:38:08.819765Z,75,229.5,224.0,under,6.0667,4.75,5.644507,2030,0.0,0,0,,
30867077,NBA,2026-09-11T00:38:09.209366Z,75,230.5,229.0,under,6.0667,4.85,5.644507,2030,0.0,0,0,,
30867079,NBA,2026-09-11T00:38:09.952175Z,75,220.5,223.0,over,5.7667,4.75,5.644507,2030,0.0,0,0,,
30849901,CYBER,2026-09-11T00:43:47.961819Z,75,217.5,202.0,under,4.4722,4.7083,4.470205,358,0.0,0,1,,1
30867174,CBA,2026-09-11T00:49:12.131092Z,75,190.5,193.0,over,5.0492,3.8421,4.434275,841,60.9,0,0,,
30867175,CBA,2026-09-11T00:49:12.363881Z,75,177.5,184.0,over,4.6557,3.7368,4.434275,841,67.0,0,0,,
30867178,CBA,2026-09-11T00:49:26.197514Z,75,181.5,194.0,over,4.7213,3.9474,4.434275,841,80.7,0,0,,
30867191,KBL,2026-09-11T00:52:48.854058Z,75,145.5,153.0,over,3.7377,3.3158,3.881469,1001,0.0,0,0,,
30867192,KBL,2026-09-11T00:52:49.213837Z,75,158.5,165.0,over,4.0,3.8421,3.881469,1001,0.0,0,0,,
30867193,KBL,2026-09-11T00:52:49.582816Z,75,142.5,156.0,over,3.5738,3.5263,3.881469,1001,0.0,0,0,,
30867194,KBL,2026-09-11T00:52:49.930132Z,75,123.5,135.0,over,3.082,3.1053,3.881469,1001,0.0,0,0,,
30867195,KBL,2026-09-11T00:52:50.229474Z,75,170.5,164.0,under,4.3934,3.8421,3.881469,1001,0.0,0,0,,
30867207,EuroLeague,2026-09-11T01:00:05.399319Z,75,179.5,183.0,over,4.5,4.45,4.294516,1445,9.0,0,0,,
30867208,EuroLeague,2026-09-11T01:00:05.696429Z,75,189.5,194.0,over,5.1,3.65,4.294516,1445,18.0,0,0,,
30867209,EuroLeague,2026-09-11T01:00:05.932801Z,75,213.5,219.0,over,5.6333,4.45,4.294516,1445,10.0,0,0,,
30867210,EuroLeague,2026-09-11T01:00:06.206741Z,75,155.5,153.0,under,4.0,3.55,4.294516,1445,9.8,0,0,,
30867211,EuroLeague,2026-09-11T01:00:06.515741Z,75,162.5,156.0,under,4.1,3.95,4.294516,1445,10.0,0,0,,
30867212,EuroLeague,2026-09-11T01:00:06.743917Z,75,173.5,178.0,over,4.4667,3.95,4.294516,1445,10.8,0,0,,
30867215,EuroLeague,2026-09-11T01:00:21.111092Z,75,171.5,171.0,under,4.4667,3.75,4.294516,1445,24.7,0,0,,
30849892,CYBER,2026-09-11T01:13:40.336460Z,75,239.5,236.0,under,4.9722,5.0417,4.469475,359,0.0,0,1,,1
30867265,TBSL,2026-09-11T01:15:43.092541Z,75,148.5,146.0,under,3.9672,2.8947,4.15308,1607,25.9,0,0,,
30867266,TBSL,2026-09-11T01:15:43.400218Z,75,197.5,200.0,over,5.2787,3.8421,4.15308,1607,21.4,0,0,,
30867267,TBSL,2026-09-11T01:15:43.672837Z,75,165.5,176.0,over,4.1967,3.9474,4.15308,1607,25.0,0,0,,
30867268,TBSL,2026-09-11T01:15:43.955780Z,75,179.5,181.0,over,4.6885,3.8421,4.15308,1607,21.9,0,0,,
30867269,TBSL,2026-09-11T01:15:44.417214Z,75,158.5,145.0,under,4.1311,3.4211,4.15308,1607,22.4,0,0,,
30867270,TBSL,2026-09-11T01:15:44.806461Z,75,167.5,165.0,under,4.4262,3.4211,4.15308,1607,27.7,0,0,,
30867291,NBA,2026-09-11T01:26:00.936080Z,75,222.5,226.0,over,5.8667,4.65,5.64416,2042,0.0,0,0,,
30867293,NBA,2026-09-11T01:26:53.050486Z,75,229.5,226.0,under,6.0667,4.75,5.64416,2042,0.0,0,0,,
30867292,NBA,2026-09-11T01:26:53.334520Z,75,215.5,221.0,over,5.8,4.15,5.64416,2042,0.0,0,0,,
30867296,NBA,2026-09-11T01:26:53.564778Z,75,200.5,193.0,under,5.2333,4.35,5.64416,2042,0.0,0,0,,
30867294,NBA,2026-09-11T01:26:53.872685Z,75,215.5,212.0,under,5.8,4.15,5.64416,2042,0.0,0,0,,
30867295,NBA,2026-09-11T01:26:54.130121Z,75,237.5,232.0,under,6.3333,4.75,5.64416,2042,0.0,0,0,,
30867297,NBA,2026-09-11T01:26:54.370812Z,75,232.5,228.0,under,6.1667,4.75,5.64416,2042,0.0,0,0,,
30867299,NBA,2026-09-11T01:26:54.613165Z,75,175.5,189.0,over,4.5667,3.85,5.64416,2042,0.0,0,0,,
30867298,NBA,2026-09-11T01:26:54.842054Z,75,211.5,216.0,over,5.5667,4.45,5.64416,2042,0.0,0,0,,
30867302,NBA,2026-09-11T01:26:55.071586Z,75,214.5,218.0,over,5.7,4.35,5.64416,2042,0.0,0,0,,
30867300,NBA,2026-09-11T01:26:55.298543Z,75,218.5,221.0,over,5.9,4.15,5.64416,2042,0.0,0,0,,
30867301,NBA,2026-09-11T01:26:55.521367Z,75,220.5,232.0,over,5.8667,4.45,5.64416,2042,0.0,0,0,,
30867347,CBA,2026-09-11T01:28:39.410671Z,75,212.5,198.0,under,5.7,4.15,4.435427,844,0.0,0,0,,
30867346,CBA,2026-09-11T01:28:39.793959Z,75,183.5,182.0,under,4.8,3.95,4.435427,844,0.0,0,0,,
30867345,CBA,2026-09-11T01:28:40.122013Z,75,172.5,166.0,under,4.5667,3.55,4.435427,844,0.0,0,0,,
30867348,CBA,2026-09-11T01:28:40.438676Z,75,176.5,173.0,under,4.4333,4.35,4.435427,844,0.0,0,0,,
30867349,CBA,2026-09-11T01:28:40.745858Z,75,168.5,169.0,over,4.3667,3.75,4.435427,844,0.0,0,0,,
30867484,KBL,2026-09-11T01:32:17.904584Z,75,163.5,165.0,over,4.2667,3.55,3.881387,1006,0.0,0,0,,
30867483,KBL,2026-09-11T01:32:18.262604Z,75,167.5,177.0,over,4.3,3.85,3.881387,1006,0.0,0,0,,
30867486,KBL,2026-09-11T01:33:50.212853Z,75,173.5,168.0,under,4.48,3.8286,3.881387,1006,64.2,0,0,,
30867928,EuroLeague,2026-09-11T01:41:18.420628Z,75,139.5,139.0,under,3.456,3.6,4.295403,1452,0.0,0,0,,
30867925,EuroLeague,2026-09-11T01:41:18.731535Z,75,138.5,134.0,under,3.456,3.4857,4.295403,1452,0.0,0,0,,
30867927,EuroLeague,2026-09-11T01:41:19.041494Z,75,161.5,171.0,over,4.128,3.7143,4.295403,1452,0.0,0,0,,
30867932,EuroLeague,2026-09-11T01:41:19.431972Z,75,141.5,143.0,over,3.488,3.7143,4.295403,1452,0.0,0,0,,
30867929,EuroLeague,2026-09-11T01:41:19.748100Z,75,176.5,184.0,over,4.512,4.0571,4.295403,1452,0.0,0,0,,
30867930,EuroLeague,2026-09-11T01:41:20.030352Z,75,133.5,137.0,over,3.36,3.2571,4.295403,1452,0.0,0,0,,
30867933,EuroLeague,2026-09-11T01:41:20.564142Z,75,185.5,192.0,over,4.864,3.8286,4.295403,1452,0.0,0,0,,
30867975,TBSL,2026-09-11T01:55:17.730084Z,75,172.5,169.0,under,4.4959,3.7436,4.153332,1613,0.0,0,0,,
30867977,TBSL,2026-09-11T01:55:18.104044Z,75,165.5,171.0,over,4.3306,3.5385,4.153332,1613,0.0,0,0,,
30867978,TBSL,2026-09-11T01:55:18.450274Z,75,157.5,161.0,over,3.9008,4.0513,4.153332,1613,0.0,0,0,,
30867982,TBSL,2026-09-11T01:55:18.814540Z,75,156.5,143.0,under,4.0992,3.3333,4.153332,1613,0.0,0,0,,
30867976,TBSL,2026-09-11T01:57:17.139960Z,75,182.5,180.0,under,4.7188,3.9375,4.153332,1613,34.3,0,0,,
30867979,TBSL,2026-09-11T01:57:17.821955Z,75,181.5,184.0,over,4.7812,3.5625,4.153332,1613,41.3,0,0,,
30867980,TBSL,2026-09-11T01:57:18.140734Z,75,183.5,188.0,over,4.8438,3.5625,4.153332,1613,35.3,0,0,,
30867981,TBSL,2026-09-11T01:57:18.423435Z,75,143.5,140.0,under,3.75,2.9375,4.153332,1613,41.9,0,0,,
30868041,CBA,2026-09-11T02:08:29.826505Z,75,185.5,197.0,over,4.9,3.85,4.435453,849,0.0,0,0,,
30868040,CBA,2026-09-11T02:08:30.441915Z,75,185.5,181.0,under,4.8333,4.05,4.435453,849,0.0,0,0,,
30868042,CBA,2026-09-11T02:08:31.146839Z,75,157.5,159.0,over,3.9667,3.85,4.435453,849,0.0,0,0,,
30868043,CBA,2026-09-11T02:08:31.430722Z,75,196.5,199.0,over,5.1667,4.15,4.435453,849,0.0,0,0,,
30868059,KBL,2026-09-11T02:12:32.169372Z,75,150.5,146.0,under,3.9339,3.2308,3.8818,1011,0.0,0,0,,
30868061,KBL,2026-09-11T02:12:32.498748Z,75,178.5,187.0,over,4.595,4.0513,3.8818,1011,0.0,0,1,,0
30868062,KBL,2026-09-11T02:12:32.806860Z,75,141.5,144.0,over,3.5372,3.5385,3.8818,1011,0.0,0,0,,
30868063,KBL,2026-09-11T02:12:33.400996Z,75,148.5,148.0,under,3.9008,3.1282,3.8818,1011,0.0,0,0,,
30868026,NBA,2026-09-11T02:13:39.960689Z,75,200.5,199.0,under,5.0667,4.85,5.643001,2054,20.8,0,0,,
30868027,NBA,2026-09-11T02:13:40.205786Z,75,199.5,188.0,under,5.0667,4.75,5.643001,2054,27.7,0,0,,
30868028,NBA,2026-09-11T02:13:40.400574Z,75,227.5,220.0,under,5.8667,5.15,5.643001,2054,27.9,0,0,,
30868029,NBA,2026-09-11T02:13:40.613755Z,75,211.5,203.0,under,5.3667,5.05,5.643001,2054,32.0,0,0,,
30868030,NBA,2026-09-11T02:13:40.822586Z,75,235.5,244.0,over,6.1667,5.05,5.643001,2054,28.4,0,0,,
30868031,NBA,2026-09-11T02:13:41.026359Z,75,209.5,198.0,under,5.2333,5.25,5.643001,2054,18.4,0,0,,
30868032,NBA,2026-09-11T02:13:41.228741Z,75,262.5,263.0,over,7.0,5.25,5.643001,2054,20.4,0,0,,
30868033,NBA,2026-09-11T02:13:41.452599Z,75,238.5,235.0,under,6.3667,4.75,5.643001,2054,39.7,0,0,,
30868034,NBA,2026-09-11T02:13:41.652231Z,75,240.5,240.0,under,6.2667,5.25,5.643001,2054,39.9,0,0,,
30868035,NBA,2026-09-11T02:13:41.899156Z,75,216.5,198.0,under,5.8,4.25,5.643001,2054,19.3,0,0,,
30868036,NBA,2026-09-11T02:13:42.200901Z,75,232.5,240.0,over,6.1,4.95,5.643001,2054,19.6,0,0,,
30868037,NBA,2026-09-11T02:13:42.432435Z,75,205.5,218.0,over,5.3,4.65,5.643001,2054,30.0,0,0,,
30868173,EuroLeague,2026-09-11T02:20:34.671573Z,75,146.5,151.0,over,3.8033,3.2105,4.293643,1459,20.8,0,0,,
30868174,EuroLeague,2026-09-11T02:20:34.972945Z,75,159.5,161.0,over,3.9672,4.0526,4.293643,1459,19.7,0,0,,
30868175,EuroLeague,2026-09-11T02:20:35.247902Z,75,169.5,167.0,under,4.2623,4.1579,4.293643,1459,34.2,0,0,,
30868176,EuroLeague,2026-09-11T02:20:35.491454Z,75,184.5,176.0,under,4.6557,4.4737,4.293643,1459,33.8,0,1,,1
30868178,EuroLeague,2026-09-11T02:20:42.794740Z,75,204.5,213.0,over,5.3115,4.4737,4.293643,1459,28.9,0,1,,0
30868179,EuroLeague,2026-09-11T02:20:43.102874Z,75,166.5,159.0,under,4.3279,3.6316,4.293643,1459,29.2,0,0,,
30868223,TBSL,2026-09-11T02:35:13.088206Z,75,190.5,182.0,under,5.1,3.75,4.153439,1621,0.0,0,0,,
30868224,TBSL,2026-09-11T02:35:13.480801Z,75,189.5,183.0,under,5.0667,3.75,4.153439,1621,0.0,0,0,,
30868225,TBSL,2026-09-11T02:35:13.840171Z,75,149.5,151.0,over,3.7333,3.75,4.153439,1621,0.0,0,0,,
30868226,TBSL,2026-09-11T02:35:14.169546Z,75,167.5,167.0,under,4.3667,3.65,4.153439,1621,0.0,0,0,,
30868227,TBSL,2026-09-11T02:35:14.509447Z,75,176.5,172.0,under,4.6333,3.75,4.153439,1621,0.0,0,0,,
30849902,CYBER,2026-09-11T02:46:56.475860Z,75,221.5,222.0,over,4.6286,4.5721,4.470718,360,14.6,0,0,,
30868270,CBA,2026-09-11T02:49:07.111709Z,75,168.5,159.0,under,4.2314,4.1538,4.436225,853,49.9,0,0,,
30868271,CBA,2026-09-11T02:49:07.400760Z,75,183.5,185.0,over,4.7273,4.1538,4.436225,853,79.2,0,0,,
30868272,CBA,2026-09-11T02:49:07.759355Z,75,182.5,182.0,under,4.7603,3.9487,4.436225,853,50.2,0,0,,
30868273,CBA,2026-09-11T02:49:08.107066Z,75,203.5,207.0,over,5.4876,3.8462,4.436225,853,50.7,0,0,,
30868284,KBL,2026-09-11T02:52:48.312085Z,75,160.5,164.0,over,4.1983,3.4359,3.881471,1016,0.0,0,0,,
30868285,KBL,2026-09-11T02:52:48.633910Z,75,151.5,152.0,over,3.8678,3.5385,3.881471,1016,0.0,0,0,,
30868286,KBL,2026-09-11T02:52:48.971142Z,75,142.5,150.0,over,3.7049,3.1053,3.881471,1016,0.0,0,0,,
30868287,KBL,2026-09-11T02:52:49.311456Z,75,178.5,172.0,under,4.6942,3.7436,3.881471,1016,0.0,0,0,,
30868288,KBL,2026-09-11T02:52:49.672998Z,75,173.5,179.0,over,4.595,3.5385,3.881471,1016,0.0,0,0,,
30868322,EuroLeague,2026-09-11T03:00:49.175880Z,75,180.5,184.0,over,4.7154,3.8378,4.293584,1465,99.6,0,0,,
30868323,EuroLeague,2026-09-11T03:00:49.540520Z,75,133.5,128.0,under,3.4472,2.973,4.293584,1465,69.0,0,0,,
30868325,EuroLeague,2026-09-11T03:00:54.562716Z,75,188.5,187.0,under,5.0407,3.6216,4.293584,1465,0.0,0,0,,
30868328,EuroLeague,2026-09-11T03:00:55.568401Z,75,140.5,137.0,under,3.5447,3.4054,4.293584,1465,0.0,0,0,,
30868329,EuroLeague,2026-09-11T03:00:55.858634Z,75,145.5,144.0,under,3.6423,3.6216,4.293584,1465,0.0,0,0,,
30868327,EuroLeague,2026-09-11T03:00:56.202319Z,75,162.5,154.0,under,4.1301,3.8378,4.293584,1465,0.0,0,0,,
30868330,EuroLeague,2026-09-11T03:00:57.235886Z,75,188.5,190.0,over,4.878,4.1622,4.293584,1465,0.0,0,0,,
30868294,NBA,2026-09-11T03:01:33.002217Z,75,255.5,252.0,under,6.7,5.45,5.642243,2066,0.0,0,0,,
30868292,NBA,2026-09-11T03:01:33.220756Z,75,237.5,240.0,over,6.1667,5.25,5.642243,2066,0.0,0,0,,
30868293,NBA,2026-09-11T03:01:33.418738Z,75,236.5,240.0,over,6.1,5.35,5.642243,2066,0.0,0,0,,
30868295,NBA,2026-09-11T03:01:33.626941Z,75,213.5,220.0,over,5.5667,4.65,5.642243,2066,0.0,0,0,,
30868296,NBA,2026-09-11T03:01:34.089323Z,75,166.5,165.0,under,4.0333,4.55,5.64163,2067,0.0,0,0,,
30868297,NBA,2026-09-11T03:01:34.317445Z,75,216.5,219.0,over,5.6,4.85,5.64163,2067,0.0,0,0,,
30868300,NBA,2026-09-11T03:01:34.527666Z,75,234.5,225.0,under,5.5667,6.75,5.64163,2067,0.0,1,1,1,1
30868299,NBA,2026-09-11T03:01:34.740967Z,75,197.5,204.0,over,5.0333,4.65,5.64163,2067,0.0,0,0,,
30868302,NBA,2026-09-11T03:01:34.939071Z,75,231.5,239.0,over,6.0667,4.95,5.64163,2067,0.0,0,0,,
30868301,NBA,2026-09-11T03:01:35.140483Z,75,255.5,254.0,under,6.8,5.15,5.64163,2067,0.0,0,0,,
30868291,NBA,2026-09-11T03:01:53.367866Z,75,209.5,210.0,over,5.5,4.45,5.64163,2067,31.0,0,0,,
30868436,TBSL,2026-09-11T03:15:45.541309Z,75,155.5,171.0,over,3.935,3.7297,4.153813,1626,0.0,0,0,,
30868434,TBSL,2026-09-11T03:15:45.852733Z,75,189.5,186.0,under,5.0407,3.7297,4.153813,1626,0.0,0,0,,
30868435,TBSL,2026-09-11T03:15:46.197939Z,75,150.5,155.0,over,3.7724,3.7297,4.153813,1626,0.0,0,0,,
30868438,TBSL,2026-09-11T03:15:46.583152Z,75,162.5,157.0,under,4.065,4.0541,4.153813,1626,0.0,0,0,,
30868437,TBSL,2026-09-11T03:15:47.048138Z,75,157.5,153.0,under,3.935,3.9459,4.153813,1626,0.0,0,0,,
30868439,TBSL,2026-09-11T03:15:47.543671Z,75,156.5,157.0,over,3.9675,3.7297,4.153813,1626,0.0,0,0,,
30868440,TBSL,2026-09-11T03:15:48.921404Z,75,167.5,167.0,under,4.2927,3.8378,4.153813,1626,0.0,0,0,,
30849906,CYBER,2026-09-11T03:17:42.349556Z,75,214.5,214.0,under,4.4722,4.4583,4.469671,362,0.0,0,0,,
30868463,CBA,2026-09-11T03:28:40.637960Z,75,178.5,174.0,under,4.6942,3.7436,4.436902,857,0.0,0,0,,
30868464,CBA,2026-09-11T03:28:40.908605Z,75,182.5,174.0,under,4.562,4.5641,4.436902,857,0.0,0,0,,
30868466,CBA,2026-09-11T03:28:41.221686Z,75,172.5,177.0,over,4.5289,3.641,4.436902,857,0.0,0,0,,
30868467,CBA,2026-09-11T03:28:41.524006Z,75,192.5,187.0,under,5.0579,4.0513,4.436902,857,0.0,0,0,,
30868500,KBL,2026-09-11T03:33:01.191124Z,75,167.5,175.0,over,4.4333,3.45,3.882468,1021,64.4,0,0,,
30868501,KBL,2026-09-11T03:33:01.478409Z,75,168.5,168.0,under,4.3,3.95,3.882468,1021,63.3,0,0,,
30868502,KBL,2026-09-11T03:33:01.753668Z,75,162.5,147.0,under,4.1667,3.75,3.882468,1021,64.0,0,0,,
30868503,KBL,2026-09-11T03:33:02.040237Z,75,139.5,152.0,over,3.6667,2.95,3.882468,1021,64.1,0,0,,
30868504,KBL,2026-09-11T03:33:02.321875Z,75,170.5,163.0,under,4.4333,3.75,3.882468,1021,64.7,0,0,,
30868534,EuroLeague,2026-09-11T03:40:24.712400Z,75,187.5,187.0,under,5.0248,3.641,4.292255,1472,29.6,0,0,,
30868535,EuroLeague,2026-09-11T03:40:24.945775Z,75,185.5,193.0,over,4.9256,3.7436,4.292255,1472,22.3,0,0,,
30868536,EuroLeague,2026-09-11T03:40:25.150425Z,75,204.5,201.0,under,5.4215,4.1538,4.292255,1472,22.5,0,0,,
30868537,EuroLeague,2026-09-11T03:40:25.357814Z,75,158.5,162.0,over,4.1653,3.3333,4.292255,1472,22.7,0,0,,
30868539,EuroLeague,2026-09-11T03:40:32.733422Z,75,163.5,171.0,over,4.0661,4.1538,4.292255,1472,38.0,0,0,,
30868540,EuroLeague,2026-09-11T03:40:33.055529Z,75,189.5,180.0,under,4.9256,4.1538,4.292255,1472,30.4,0,0,,
30868542,EuroLeague,2026-09-11T03:40:40.052848Z,75,200.5,204.0,over,5.3884,3.8462,4.292255,1472,44.5,0,0,,
30868558,NBA,2026-09-11T03:49:32.082487Z,75,258.5,262.0,over,6.7667,5.55,5.641258,2079,0.0,0,0,,
30868559,NBA,2026-09-11T03:49:56.524671Z,75,222.5,225.0,over,5.7667,4.95,5.641258,2079,54.2,0,0,,
30868560,NBA,2026-09-11T03:49:56.882854Z,75,195.5,197.0,over,5.0333,4.45,5.641258,2079,54.8,0,0,,
30868561,NBA,2026-09-11T03:49:57.191105Z,75,190.5,193.0,over,4.9667,4.15,5.641258,2079,54.6,0,0,,
30868562,NBA,2026-09-11T03:49:57.500270Z,75,231.5,249.0,over,6.1667,4.65,5.641258,2079,54.8,0,0,,
30868563,NBA,2026-09-11T03:49:57.796991Z,75,236.5,227.0,under,6.1,5.35,5.641258,2079,54.6,0,0,,
30868564,NBA,2026-09-11T03:49:58.123322Z,75,206.5,207.0,over,5.5,4.15,5.641258,2079,55.2,0,0,,
30868565,NBA,2026-09-11T03:49:58.407211Z,75,202.5,201.0,under,5.3333,4.25,5.641258,2079,54.6,0,0,,
30868566,NBA,2026-09-11T03:49:58.849580Z,75,250.5,247.0,under,6.4667,5.65,5.641258,2079,55.3,0,0,,
30868567,NBA,2026-09-11T03:49:59.224227Z,75,262.5,257.0,under,6.9667,5.35,5.641258,2079,55.2,0,0,,
30868568,NBA,2026-09-11T03:49:59.504478Z,75,227.5,222.0,under,6.1,4.45,5.641258,2079,56.2,0,0,,
30868569,NBA,2026-09-11T03:49:59.822512Z,75,228.5,228.0,under,6.0667,4.65,5.641258,2079,54.9,0,0,,
30868636,TBSL,2026-09-11T03:55:13.167135Z,75,186.5,183.0,under,4.9667,3.75,4.153552,1633,0.0,0,0,,
30868639,TBSL,2026-09-11T03:55:13.608633Z,75,167.5,171.0,over,4.4,3.55,4.153552,1633,0.0,0,0,,
30868638,TBSL,2026-09-11T03:55:13.835965Z,75,180.5,139.0,under,3.7667,6.75,4.153552,1633,0.0,1,1,1,1
30868637,TBSL,2026-09-11T03:55:14.089784Z,75,193.5,205.0,over,5.2333,3.65,4.153552,1633,0.0,0,0,,
30868642,TBSL,2026-09-11T03:55:14.323058Z,75,147.5,134.0,under,3.7333,3.55,4.153552,1633,0.0,0,0,,
30868641,TBSL,2026-09-11T03:55:14.575642Z,75,158.5,164.0,over,4.2,3.25,4.153552,1633,0.0,0,0,,
30868640,TBSL,2026-09-11T03:55:14.818497Z,75,176.5,180.0,over,4.6333,3.75,4.153552,1633,0.0,0,0,,
30868643,TBSL,2026-09-11T03:55:15.202133Z,75,157.5,157.0,under,3.9333,3.95,4.153552,1633,0.0,0,0,,
30868693,CBA,2026-09-11T04:08:32.155266Z,75,183.5,186.0,over,4.8333,3.85,4.436963,861,0.0,0,0,,
30868690,CBA,2026-09-11T04:08:32.350604Z,75,203.5,204.0,over,5.2333,4.65,4.436963,861,0.0,0,1,,0
30868692,CBA,2026-09-11T04:08:32.624916Z,75,193.5,195.0,over,5.1333,3.95,4.436963,861,0.0,0,0,,
30868714,KBL,2026-09-11T04:12:59.462390Z,75,154.5,152.0,under,3.9333,3.65,3.883163,1026,29.4,0,0,,
30868715,KBL,2026-09-11T04:12:59.749737Z,75,140.5,141.0,over,3.7667,2.75,3.883163,1026,40.4,0,0,,
30868716,KBL,2026-09-11T04:13:00.046767Z,75,126.5,131.0,over,3.1667,3.15,3.883163,1026,30.0,0,0,,
30868717,KBL,2026-09-11T04:13:00.353155Z,75,168.5,168.0,under,4.3667,3.75,3.883163,1026,30.3,0,0,,
30868718,KBL,2026-09-11T04:13:00.631707Z,75,171.5,184.0,over,4.5333,3.55,3.883163,1026,30.6,0,0,,
30868756,EuroLeague,2026-09-11T04:20:18.139316Z,75,174.5,172.0,under,4.5333,3.85,4.293881,1479,27.8,0,0,,
30868757,EuroLeague,2026-09-11T04:20:18.423381Z,75,177.5,182.0,over,4.7667,3.45,4.293881,1479,28.1,0,0,,
30868758,EuroLeague,2026-09-11T04:20:18.702217Z,75,173.5,170.0,under,4.5667,3.65,4.293881,1479,36.4,0,0,,
30868759,EuroLeague,2026-09-11T04:20:19.011055Z,75,183.5,177.0,under,4.7667,4.05,4.293881,1479,28.4,0,0,,
30868760,EuroLeague,2026-09-11T04:20:19.317471Z,75,188.5,206.0,over,5.0,3.85,4.293881,1479,28.8,0,0,,
30868761,EuroLeague,2026-09-11T04:20:19.618342Z,75,161.5,162.0,over,4.1,3.85,4.293881,1479,35.9,0,0,,
30868763,EuroLeague,2026-09-11T04:20:26.831361Z,75,197.5,199.0,over,5.1667,4.25,4.293881,1479,43.6,0,0,,
30868765,EuroLeague,2026-09-11T04:20:34.117801Z,75,159.5,160.0,over,4.2,3.35,4.293881,1479,49.9,0,0,,
30868820,TBSL,2026-09-11T04:35:10.544104Z,75,178.5,165.0,under,4.8333,3.35,4.153611,1641,0.0,0,0,,
30868821,TBSL,2026-09-11T04:35:11.008319Z,75,186.5,179.0,under,4.9,3.95,4.153611,1641,0.0,0,0,,
30868822,TBSL,2026-09-11T04:35:11.429000Z,75,189.5,181.0,under,5.0667,3.75,4.153611,1641,0.0,0,0,,
30868823,TBSL,2026-09-11T04:35:11.848967Z,75,169.5,177.0,over,4.4667,3.55,4.153611,1641,0.0,0,0,,
30868824,TBSL,2026-09-11T04:35:12.294544Z,75,163.5,186.0,over,4.3,3.45,4.153611,1641,0.0,0,0,,
30868825,TBSL,2026-09-11T04:35:12.645359Z,75,154.5,155.0,over,3.9,3.75,4.153611,1641,0.0,0,0,,
30868786,NBA,2026-09-11T04:37:58.512773Z,75,224.5,218.0,under,5.8667,4.85,5.641344,2091,12.2,0,0,,
30868787,NBA,2026-09-11T04:37:58.821986Z,75,235.5,248.0,over,6.1667,5.05,5.641344,2091,33.6,0,0,,
30868788,NBA,2026-09-11T04:37:59.196155Z,75,220.5,214.0,under,5.8,4.65,5.641344,2091,34.1,0,0,,
30868789,NBA,2026-09-11T04:37:59.469564Z,75,187.5,187.0,under,4.7667,4.45,5.641344,2091,34.2,0,0,,
30868790,NBA,2026-09-11T04:37:59.734785Z,75,242.5,244.0,over,6.4,5.05,5.641344,2091,46.8,0,0,,
30868791,NBA,2026-09-11T04:38:00.031755Z,75,223.5,216.0,under,5.7333,5.15,5.641344,2091,34.8,0,0,,
30868792,NBA,2026-09-11T04:38:00.358174Z,75,216.5,219.0,over,5.6,4.85,5.641344,2091,35.2,0,0,,
30868793,NBA,2026-09-11T04:38:00.641161Z,75,236.5,239.0,over,6.2333,4.95,5.641344,2091,42.5,0,0,,
30868794,NBA,2026-09-11T04:38:00.972403Z,75,224.5,217.0,under,5.6,5.65,5.641344,2091,48.2,1,0,1,
30868795,NBA,2026-09-11T04:38:01.406409Z,75,219.5,225.0,over,5.6333,5.05,5.641344,2091,48.3,0,0,,
30868796,NBA,2026-09-11T04:38:01.762392Z,75,246.5,244.0,under,6.6,4.85,5.641344,2091,36.5,0,0,,
30868797,NBA,2026-09-11T04:38:02.045822Z,75,207.5,209.0,over,5.3333,4.75,5.641344,2091,36.9,0,0,,
30868892,CBA,2026-09-11T04:48:54.685159Z,75,173.5,165.0,under,4.5574,3.6316,4.438484,864,0.0,0,0,,
30868891,CBA,2026-09-11T04:48:55.005172Z,75,167.5,159.0,under,4.2951,3.8421,4.438484,864,0.0,0,0,,
30868893,CBA,2026-09-11T04:48:56.176249Z,75,155.5,149.0,under,3.9344,3.7368,4.438484,864,0.0,0,0,,
30868904,KBL,2026-09-11T04:52:55.850328Z,75,115.5,122.0,over,2.9667,2.65,3.883147,1031,59.4,0,0,,
30868905,KBL,2026-09-11T04:52:56.085325Z,75,170.5,162.0,under,4.3667,3.95,3.883147,1031,58.0,0,0,,
30868906,KBL,2026-09-11T04:52:56.331854Z,75,142.5,149.0,over,3.5333,3.65,3.883147,1031,58.0,0,0,,
30868907,KBL,2026-09-11T04:52:56.563677Z,75,158.5,161.0,over,4.2333,3.15,3.883147,1031,58.0,0,0,,
30868908,KBL,2026-09-11T04:52:56.808083Z,75,176.5,175.0,under,4.5333,4.05,3.883147,1031,59.0,0,1,,1
30868934,EuroLeague,2026-09-11T05:00:40.711821Z,75,184.5,189.0,over,4.8852,3.7368,4.294788,1487,0.0,0,0,,
30868931,EuroLeague,2026-09-11T05:00:41.004788Z,75,166.5,162.0,under,4.3279,3.6316,4.294788,1487,0.0,0,0,,
30868932,EuroLeague,2026-09-11T05:00:41.312617Z,75,156.5,157.0,over,3.9669,3.7436,4.294788,1487,0.0,0,0,,
30868936,EuroLeague,2026-09-11T05:00:41.604529Z,75,193.5,191.0,under,5.1475,3.8421,4.294788,1487,0.0,0,0,,
30868935,EuroLeague,2026-09-11T05:00:41.983106Z,75,228.5,226.0,under,6.1639,4.2632,4.294788,1487,0.0,0,0,,
30868937,EuroLeague,2026-09-11T05:00:42.296196Z,75,186.5,193.0,over,4.8852,3.9474,4.294788,1487,0.0,0,0,,
30868938,EuroLeague,2026-09-11T05:00:42.631085Z,75,180.5,182.0,over,4.6885,3.9474,4.294788,1487,0.0,0,0,,
30868939,EuroLeague,2026-09-11T05:00:43.058039Z,75,161.5,155.0,under,4.0984,3.8421,4.294788,1487,0.0,0,0,,
30869078,TBSL,2026-09-11T05:15:13.836738Z,75,156.5,156.0,under,4.0661,3.4359,4.154311,1647,0.0,0,0,,
30869075,TBSL,2026-09-11T05:15:14.227564Z,75,166.5,162.0,under,4.3306,3.641,4.154311,1647,0.0,0,0,,
30869076,TBSL,2026-09-11T05:15:14.588482Z,75,167.5,165.0,under,4.3636,3.641,4.154311,1647,0.0,0,0,,
30869082,TBSL,2026-09-11T05:15:14.919165Z,75,181.5,177.0,under,4.7273,3.9487,4.154311,1647,0.0,0,0,,
30869079,TBSL,2026-09-11T05:15:15.236875Z,75,182.5,180.0,under,4.8595,3.641,4.154311,1647,0.0,0,0,,
30869080,TBSL,2026-09-11T05:15:28.370466Z,75,148.5,158.0,over,3.7025,3.7436,4.154311,1647,39.5,0,0,,
30869113,NBA,2026-09-11T05:25:35.329982Z,75,199.5,205.0,over,5.1,4.65,5.641013,2103,19.1,0,0,,
30869114,NBA,2026-09-11T05:25:35.706665Z,75,239.5,235.0,under,6.2667,5.15,5.641013,2103,3.3,0,0,,
30869115,NBA,2026-09-11T05:25:36.008213Z,75,225.5,219.0,under,5.8,5.15,5.641013,2103,3.6,0,0,,
30869116,NBA,2026-09-11T05:25:36.308679Z,75,219.5,221.0,over,5.6,5.15,5.641013,2103,3.9,0,0,,
30869117,NBA,2026-09-11T05:25:36.602141Z,75,235.5,223.0,under,6.0667,5.35,5.641013,2103,5.6,0,0,,
30869119,NBA,2026-09-11T05:25:37.345974Z,75,252.5,238.0,under,6.6333,5.35,5.641013,2103,6.1,0,0,,
30869120,NBA,2026-09-11T05:25:37.704615Z,75,208.5,206.0,under,5.3667,4.75,5.641013,2103,15.6,0,0,,
30869121,NBA,2026-09-11T05:25:38.065794Z,75,204.5,190.0,under,5.2667,4.65,5.641013,2103,7.0,0,0,,
30869123,NBA,2026-09-11T05:25:38.931860Z,75,205.5,209.0,over,5.3333,4.55,5.640399,2104,6.5,0,0,,
30869124,NBA,2026-09-11T05:25:39.335238Z,75,220.5,218.0,under,5.7333,4.85,5.640399,2104,15.3,0,0,,
30869136,CBA,2026-09-11T05:28:46.598957Z,75,187.5,194.0,over,4.8926,4.0513,4.436765,867,0.0,0,0,,
30869132,CBA,2026-09-11T05:28:47.106589Z,75,159.5,154.0,under,4.0,3.9487,4.436765,867,0.0,0,0,,
30869134,CBA,2026-09-11T05:28:47.569874Z,75,177.5,179.0,over,4.595,3.9487,4.436765,867,0.0,0,0,,
30869166,KBL,2026-09-11T05:32:20.522740Z,75,176.5,180.0,over,4.6,3.85,3.882963,1036,0.0,0,0,,
30869168,KBL,2026-09-11T05:32:20.930929Z,75,138.5,138.0,under,3.5333,3.25,3.882963,1036,0.0,0,0,,
30869167,KBL,2026-09-11T05:32:21.306046Z,75,162.5,173.0,over,4.3,3.35,3.882963,1036,0.0,0,0,,
30869169,KBL,2026-09-11T05:32:21.732318Z,75,146.5,157.0,over,3.7667,3.35,3.882963,1036,0.0,0,0,,
30869170,KBL,2026-09-11T05:32:22.039533Z,75,172.5,167.0,under,4.5333,3.65,3.882963,1036,0.0,0,0,,
30869256,EuroLeague,2026-09-11T05:40:27.052736Z,75,192.5,193.0,over,5.2562,3.4359,4.296137,1495,60.7,0,0,,
30869258,EuroLeague,2026-09-11T05:40:28.072890Z,75,161.5,154.0,under,4.0992,3.8462,4.296137,1495,0.0,0,0,,
30869259,EuroLeague,2026-09-11T05:40:28.450256Z,75,142.5,138.0,under,3.5702,3.5385,4.296137,1495,0.0,0,0,,
30869260,EuroLeague,2026-09-11T05:40:28.865621Z,75,162.5,151.0,under,4.1983,3.641,4.296137,1495,0.0,0,0,,
30869261,EuroLeague,2026-09-11T05:40:29.251059Z,75,175.5,184.0,over,4.595,3.7436,4.296137,1495,0.0,0,0,,
30869262,EuroLeague,2026-09-11T05:40:29.710033Z,75,185.5,184.0,under,4.9256,3.7436,4.296137,1495,0.0,0,0,,
30869337,TBSL,2026-09-11T05:55:11.667359Z,75,194.5,197.0,over,5.2667,3.65,4.154325,1653,5.9,0,0,,
30869338,TBSL,2026-09-11T05:55:12.033507Z,75,189.5,180.0,under,4.9667,4.05,4.154325,1653,29.9,0,0,,
30869339,TBSL,2026-09-11T05:55:12.402192Z,75,169.5,173.0,over,4.4667,3.55,4.154325,1653,25.4,0,0,,
30869340,TBSL,2026-09-11T05:55:12.769789Z,75,166.5,171.0,over,4.2667,3.85,4.154325,1653,11.8,0,0,,
30869341,TBSL,2026-09-11T05:55:13.102130Z,75,141.5,148.0,over,3.5667,3.45,4.154325,1653,10.5,0,0,,
30869342,TBSL,2026-09-11T05:55:13.405698Z,75,162.5,153.0,under,4.2667,3.45,4.154325,1653,10.8,0,0,,
30869343,TBSL,2026-09-11T05:55:13.768406Z,75,155.5,146.0,under,4.0,3.55,4.154325,1653,22.2,0,0,,
30869344,TBSL,2026-09-11T05:55:14.165356Z,75,155.5,152.0,under,4.1333,3.15,4.154325,1653,13.1,0,0,,
30869400,CBA,2026-09-11T06:08:25.837750Z,75,163.5,163.0,under,4.2,3.75,4.436609,870,0.0,0,0,,
30869399,CBA,2026-09-11T06:08:26.455873Z,75,183.5,190.0,over,4.8,3.95,4.436609,870,0.0,0,0,,
30869396,CBA,2026-09-11T06:10:00.124257Z,75,201.5,202.0,over,5.376,3.8286,4.436609,870,8.2,0,0,,
30869397,CBA,2026-09-11T06:10:00.472673Z,75,214.5,216.0,over,5.568,4.6286,4.436609,870,22.7,0,1,,0
30869413,KBL,2026-09-11T06:12:25.322558Z,75,163.5,167.0,over,4.2667,3.55,3.883886,1041,0.0,0,0,,
30869412,KBL,2026-09-11T06:12:25.639183Z,75,120.5,125.0,over,2.9667,3.15,3.883886,1041,0.0,0,0,,
30869414,KBL,2026-09-11T06:12:26.595921Z,75,171.5,172.0,over,4.4,3.95,3.883886,1041,0.0,0,0,,
30869416,KBL,2026-09-11T06:12:26.948780Z,75,139.5,136.0,under,3.4333,3.65,3.883886,1041,0.0,0,0,,
30869415,KBL,2026-09-11T06:12:27.316967Z,75,144.5,140.0,under,2.6918,150.0,3.883886,1041,0.0,1,1,1,1
30869384,NBA,2026-09-11T06:13:30.505200Z,75,225.5,239.0,over,5.8333,5.05,5.639201,2116,10.6,0,0,,
30869385,NBA,2026-09-11T06:13:30.822132Z,75,226.5,234.0,over,5.9667,4.75,5.639201,2116,20.7,0,0,,
30869386,NBA,2026-09-11T06:13:31.120746Z,75,244.5,249.0,over,6.2667,5.65,5.639201,2116,19.1,0,0,,
30869387,NBA,2026-09-11T06:13:31.412037Z,75,265.5,267.0,over,7.0667,5.35,5.639201,2116,19.4,0,0,,
30869388,NBA,2026-09-11T06:13:31.716370Z,75,239.5,244.0,over,6.3333,4.95,5.639201,2116,19.7,0,0,,
30869389,NBA,2026-09-11T06:13:32.041589Z,75,188.5,187.0,under,4.6667,4.85,5.639201,2116,21.9,0,0,,
30869390,NBA,2026-09-11T06:13:32.350875Z,75,226.5,228.0,over,5.7667,5.35,5.639201,2116,22.2,0,0,,
30869391,NBA,2026-09-11T06:13:32.634043Z,75,197.5,199.0,over,5.1,4.45,5.639201,2116,32.4,0,0,,
30869392,NBA,2026-09-11T06:13:32.958567Z,75,232.5,248.0,over,6.0667,5.05,5.639201,2116,22.8,0,0,,
30869393,NBA,2026-09-11T06:13:33.249330Z,75,228.5,230.0,over,6.0333,4.75,5.639201,2116,21.3,0,0,,
30869394,NBA,2026-09-11T06:13:33.542686Z,75,222.5,225.0,over,5.8333,4.75,5.639201,2116,23.8,0,0,,
30869395,NBA,2026-09-11T06:13:33.880857Z,75,221.5,218.0,under,5.6667,5.15,5.639201,2116,24.6,0,0,,
30869445,EuroLeague,2026-09-11T06:20:08.346303Z,75,161.5,163.0,over,4.2,3.55,4.295686,1501,0.0,0,0,,
30869446,EuroLeague,2026-09-11T06:20:08.660807Z,75,164.5,159.0,under,4.4,3.25,4.295686,1501,0.0,0,0,,
30869447,EuroLeague,2026-09-11T06:20:08.955959Z,75,189.5,197.0,over,4.9667,4.05,4.295686,1501,0.0,0,0,,
30869440,EuroLeague,2026-09-11T06:20:14.244369Z,75,175.5,172.0,under,4.5667,3.85,4.295686,1501,6.2,0,0,,
30869442,EuroLeague,2026-09-11T06:20:22.274081Z,75,185.5,191.0,over,4.7667,4.25,4.295686,1501,7.0,0,0,,
30869443,EuroLeague,2026-09-11T06:20:22.639217Z,75,173.5,167.0,under,4.3667,4.25,4.295686,1501,14.3,0,0,,
30869444,EuroLeague,2026-09-11T06:20:22.959391Z,75,153.5,165.0,over,4.0,3.35,4.295686,1501,29.9,0,0,,
30869912,TBSL,2026-09-11T07:55:00.018511Z,75,162.5,165.0,over,4.1667,3.75,4.154184,1661,4.8,0,0,,
30869913,TBSL,2026-09-11T07:55:00.280709Z,75,161.5,155.0,under,4.1333,3.75,4.154184,1661,5.1,0,0,,
30869914,TBSL,2026-09-11T07:55:00.523907Z,75,141.5,159.0,over,3.6,3.35,4.154184,1661,11.0,0,0,,
30869915,TBSL,2026-09-11T07:55:00.753815Z,75,190.5,188.0,under,4.9667,4.15,4.154184,1661,5.5,0,0,,
30869916,TBSL,2026-09-11T07:55:01.006254Z,75,179.5,178.0,under,4.8333,3.45,4.154184,1661,10.3,0,0,,
30869917,TBSL,2026-09-11T07:55:01.246363Z,75,186.5,198.0,over,4.9667,3.75,4.154184,1661,11.4,0,0,,
30869766,CYBER,2026-09-11T08:07:10.487186Z,75,194.5,191.0,under,3.8333,4.7083,4.46287,372,0.0,1,1,1,1
30869996,CBA,2026-09-11T08:08:29.015689Z,75,173.5,173.0,under,4.4667,3.95,4.438358,874,0.0,0,0,,
30869997,CBA,2026-09-11T08:08:29.344264Z,75,188.5,192.0,over,5.0,3.85,4.438358,874,0.0,0,0,,
30869998,CBA,2026-09-11T08:08:29.737509Z,75,168.5,167.0,under,4.4333,3.55,4.438358,874,0.0,0,0,,
30869999,CBA,2026-09-11T08:08:30.025823Z,75,147.5,144.0,under,3.7,3.65,4.438358,874,0.0,0,0,,
30870016,KBL,2026-09-11T08:12:54.726921Z,75,147.5,147.0,under,3.8017,3.3333,3.883007,1046,64.2,0,0,,
30870017,KBL,2026-09-11T08:12:54.987728Z,75,162.5,172.0,over,4.0661,4.0513,3.883007,1046,64.5,0,1,,0
30870018,KBL,2026-09-11T08:12:55.288847Z,75,140.5,151.0,over,3.6033,3.2308,3.883007,1046,53.4,0,0,,
30870019,KBL,2026-09-11T08:12:55.515338Z,75,161.5,171.0,over,4.3636,3.0256,3.883007,1046,53.6,0,0,,
30870020,KBL,2026-09-11T08:12:55.768364Z,75,145.5,144.0,under,3.7355,3.3333,3.883007,1046,55.9,0,0,,
30870065,EuroLeague,2026-09-11T08:20:21.523160Z,75,153.5,162.0,over,3.9669,3.4359,4.295872,1508,34.4,0,0,,
30870068,EuroLeague,2026-09-11T08:20:22.805479Z,75,170.5,171.0,over,4.3306,4.0513,4.295872,1508,0.0,0,0,,
30870067,EuroLeague,2026-09-11T08:20:23.471340Z,75,169.5,181.0,over,4.2314,4.2564,4.295872,1508,0.0,0,0,,
30870070,EuroLeague,2026-09-11T08:20:23.788372Z,75,194.5,195.0,over,5.0248,4.359,4.295872,1508,0.0,0,0,,
30870071,EuroLeague,2026-09-11T08:20:24.128813Z,75,189.5,186.0,under,5.0909,3.641,4.295872,1508,0.0,0,0,,
30870069,EuroLeague,2026-09-11T08:20:24.552745Z,75,164.5,169.0,over,4.2314,3.7436,4.295872,1508,0.0,0,0,,
30870072,EuroLeague,2026-09-11T08:20:25.432575Z,75,169.5,170.0,over,4.3306,3.9487,4.295872,1508,0.0,0,0,,
30870192,TBSL,2026-09-11T08:35:23.760622Z,75,184.5,169.0,under,4.9256,3.641,4.154874,1667,11.2,0,0,,
30870193,TBSL,2026-09-11T08:35:24.012623Z,75,170.5,167.0,under,4.3967,3.8462,4.154874,1667,31.0,0,0,,
30870194,TBSL,2026-09-11T08:35:24.335773Z,75,167.5,160.0,under,4.3636,3.641,4.154874,1667,8.4,0,0,,
30870195,TBSL,2026-09-11T08:35:24.582391Z,75,121.5,120.0,under,3.0083,3.1282,4.154874,1667,12.0,0,0,,
30870196,TBSL,2026-09-11T08:35:24.818057Z,75,162.5,151.0,under,4.0661,4.0513,4.154874,1667,18.6,0,0,,
30870197,TBSL,2026-09-11T08:35:25.060842Z,75,143.5,146.0,over,3.6694,3.3333,4.154874,1667,22.2,0,0,,
30870151,NBA,2026-09-11T08:37:42.450662Z,75,216.5,232.0,over,5.5,5.15,5.63992,2128,26.6,0,0,,
30870152,NBA,2026-09-11T08:37:42.818186Z,75,227.5,226.0,under,5.9,5.05,5.63992,2128,18.6,0,0,,
30870153,NBA,2026-09-11T08:37:43.125928Z,75,270.5,270.0,under,7.1,5.75,5.63992,2128,18.9,0,0,,
30870154,NBA,2026-09-11T08:37:43.432779Z,75,231.5,232.0,over,6.0667,4.95,5.63992,2128,19.3,0,0,,
30870155,NBA,2026-09-11T08:37:43.763191Z,75,231.5,242.0,over,6.2,4.55,5.63992,2128,20.4,0,0,,
30870156,NBA,2026-09-11T08:37:44.128312Z,75,226.5,230.0,over,5.8667,5.05,5.63992,2128,20.8,0,0,,
30870157,NBA,2026-09-11T08:37:44.450135Z,75,211.5,221.0,over,5.5667,4.45,5.63992,2128,31.6,0,0,,
30870158,NBA,2026-09-11T08:37:44.794786Z,75,221.5,220.0,under,5.7667,4.85,5.63992,2128,32.1,0,0,,
30870159,NBA,2026-09-11T08:37:45.102067Z,75,207.5,212.0,over,5.3,4.85,5.63992,2128,32.2,0,0,,
30870160,NBA,2026-09-11T08:37:45.395908Z,75,236.5,247.0,over,6.1333,5.25,5.63992,2128,22.0,0,0,,
30870161,NBA,2026-09-11T08:37:45.695929Z,75,239.5,232.0,under,6.3,5.05,5.63992,2128,21.6,0,0,,
30870162,NBA,2026-09-11T08:37:45.959202Z,75,229.5,229.0,under,6.1667,4.45,5.63992,2128,33.1,0,0,,
30870277,CBA,2026-09-11T08:49:04.296967Z,75,149.5,144.0,under,3.8017,3.5385,4.437386,878,15.4,0,0,,
30870278,CBA,2026-09-11T08:49:04.629061Z,75,181.5,181.0,under,4.7934,3.7436,4.437386,878,36.8,0,0,,
30870279,CBA,2026-09-11T08:49:04.874436Z,75,139.5,140.0,over,3.6364,3.0256,4.437386,878,16.0,0,0,,
30870280,CBA,2026-09-11T08:49:05.115395Z,75,180.5,182.0,over,4.7603,3.7436,4.437386,878,17.3,0,0,,
30869764,CYBER,2026-09-11T08:49:49.980418Z,75,210.5,221.0,over,4.3889,4.375,4.461573,373,7.0,0,0,,
30870314,KBL,2026-09-11T08:53:15.496580Z,75,183.5,185.0,over,4.748,4.0541,3.883206,1051,51.6,0,1,,0
30870315,KBL,2026-09-11T08:53:15.730046Z,75,174.5,184.0,over,4.5528,3.7297,3.883206,1051,51.9,0,0,,
30870316,KBL,2026-09-11T08:53:15.976130Z,75,141.5,146.0,over,3.5122,3.6216,3.883206,1051,52.1,0,0,,
30870317,KBL,2026-09-11T08:53:16.217097Z,75,146.5,143.0,under,3.9024,2.8649,3.883206,1051,59.9,0,0,,
30870318,KBL,2026-09-11T08:53:16.444742Z,75,163.5,161.0,under,4.0325,4.2703,3.883206,1051,59.8,0,1,,1
30870382,EuroLeague,2026-09-11T09:00:11.150757Z,75,172.5,170.0,under,4.4667,3.85,4.296386,1515,0.0,0,0,,
30870381,EuroLeague,2026-09-11T09:00:11.595482Z,75,191.5,193.0,over,5.1333,3.75,4.296386,1515,0.0,0,0,,
30870386,EuroLeague,2026-09-11T09:00:11.960400Z,75,172.5,177.0,over,4.4,4.05,4.296386,1515,0.0,0,0,,
30870385,EuroLeague,2026-09-11T09:00:12.284336Z,75,170.5,167.0,under,4.3967,3.8462,4.296386,1515,0.0,0,0,,
30870384,EuroLeague,2026-09-11T09:00:12.628563Z,75,162.5,154.0,under,4.2,3.65,4.296386,1515,0.0,0,0,,
30870387,EuroLeague,2026-09-11T09:00:12.993769Z,75,163.5,164.0,over,4.1322,3.9487,4.296386,1515,0.0,0,0,,
30870388,EuroLeague,2026-09-11T09:00:13.287549Z,75,184.5,177.0,under,4.8667,3.85,4.296386,1515,0.0,0,0,,
30870389,EuroLeague,2026-09-11T09:00:13.641315Z,75,163.5,175.0,over,4.1667,3.85,4.296386,1515,0.0,0,0,,
30870517,TBSL,2026-09-11T09:15:11.651457Z,75,154.5,159.0,over,3.9339,3.641,4.154002,1674,0.0,0,0,,
30870518,TBSL,2026-09-11T09:15:11.888767Z,75,172.5,166.0,under,4.4333,3.95,4.154002,1674,0.0,0,0,,
30870519,TBSL,2026-09-11T09:16:33.684555Z,75,174.5,172.0,under,4.4762,3.9412,4.154002,1674,32.3,0,0,,
30870520,TBSL,2026-09-11T09:16:33.907644Z,75,177.5,180.0,over,4.6349,3.7059,4.154002,1674,21.4,0,0,,
30870531,NBA,2026-09-11T09:25:29.937365Z,75,253.5,254.0,over,6.7333,5.15,5.640923,2140,0.0,0,0,,
30870532,NBA,2026-09-11T09:26:46.645219Z,75,204.5,198.0,under,5.4333,4.15,5.640923,2140,88.3,0,0,,
30870533,NBA,2026-09-11T09:26:46.925352Z,75,216.5,208.0,under,5.7,4.55,5.640923,2140,88.6,0,0,,
30870534,NBA,2026-09-11T09:26:47.191235Z,75,203.5,198.0,under,5.3667,4.25,5.640923,2140,88.5,0,0,,
30870535,NBA,2026-09-11T09:26:47.438976Z,75,205.5,205.0,under,5.4,4.35,5.640923,2140,89.1,0,0,,
30870536,NBA,2026-09-11T09:26:47.731737Z,75,213.5,207.0,under,5.5667,4.65,5.640923,2140,94.8,0,0,,
30870537,NBA,2026-09-11T09:26:48.057590Z,75,225.5,231.0,over,6.0333,4.45,5.640923,2140,89.4,0,0,,
30870538,NBA,2026-09-11T09:26:48.297697Z,75,220.5,221.0,over,5.8667,4.45,5.640923,2140,86.5,0,0,,
30870539,NBA,2026-09-11T09:26:48.546150Z,75,208.5,218.0,over,5.6333,3.95,5.640923,2140,86.7,0,0,,
30870540,NBA,2026-09-11T09:26:48.839121Z,75,207.5,210.0,over,5.4333,4.45,5.640923,2140,90.3,0,0,,
30870541,NBA,2026-09-11T09:26:49.097153Z,75,226.5,231.0,over,6.0667,4.45,5.640923,2140,90.5,0,0,,
30870542,NBA,2026-09-11T09:26:49.393069Z,75,217.5,221.0,over,5.7667,4.45,5.640923,2140,87.5,0,0,,
30870627,CBA,2026-09-11T09:28:56.180878Z,75,192.5,187.0,under,4.8852,4.5789,4.435601,882,0.0,0,0,,
30870626,CBA,2026-09-11T09:28:56.517494Z,75,210.5,207.0,under,5.4545,4.6667,4.435601,882,0.0,0,1,,1
30870628,CBA,2026-09-11T09:28:57.422459Z,75,171.5,168.0,under,4.459,3.7368,4.435601,882,0.0,0,0,,
30870630,CBA,2026-09-11T09:28:57.752832Z,75,203.5,205.0,over,5.377,4.1579,4.435601,882,0.0,0,0,,
30870690,KBL,2026-09-11T09:32:24.170174Z,75,120.5,133.0,over,3.0,3.05,3.884209,1056,0.0,0,0,,
30870688,KBL,2026-09-11T09:32:24.466868Z,75,155.5,152.0,under,4.0667,3.35,3.884209,1056,0.0,0,0,,
30870691,KBL,2026-09-11T09:32:25.350790Z,75,182.5,194.0,over,4.8333,3.75,3.884209,1056,0.0,0,0,,
30870687,KBL,2026-09-11T09:33:08.679179Z,75,156.5,159.0,over,4.0992,3.3333,3.884209,1056,22.8,0,0,,
30870739,EuroLeague,2026-09-11T09:40:31.190554Z,75,163.5,164.0,over,4.3636,3.2308,4.296422,1523,99.1,0,0,,
30870740,EuroLeague,2026-09-11T09:40:31.477611Z,75,175.5,184.0,over,4.6281,3.641,4.296422,1523,107.3,0,0,,
30870741,EuroLeague,2026-09-11T09:40:31.765148Z,75,198.5,195.0,under,5.2562,4.0513,4.296422,1523,101.8,0,0,,
30870743,EuroLeague,2026-09-11T09:40:33.583639Z,75,166.5,165.0,under,4.3636,3.5385,4.296422,1523,0.0,0,0,,
30870746,EuroLeague,2026-09-11T09:40:33.920920Z,75,129.5,127.0,under,3.1736,3.4359,4.296422,1523,0.0,0,0,,
30870744,EuroLeague,2026-09-11T09:40:34.325149Z,75,183.5,169.0,under,4.8264,3.8462,4.296422,1523,0.0,0,0,,
30870858,TBSL,2026-09-11T09:55:10.502553Z,75,176.5,182.0,over,4.6333,3.75,4.154187,1678,17.6,0,0,,
30870859,TBSL,2026-09-11T09:55:10.732883Z,75,156.5,157.0,over,4.0667,3.45,4.154187,1678,8.5,0,0,,
30870860,TBSL,2026-09-11T09:55:10.972414Z,75,150.5,150.0,under,3.8333,3.55,4.154187,1678,8.7,0,0,,
30870862,TBSL,2026-09-11T09:55:11.413560Z,75,171.5,166.0,under,4.4333,3.85,4.154187,1678,54.5,0,0,,
30870863,TBSL,2026-09-11T09:55:11.671695Z,75,191.5,183.0,under,5.1,3.85,4.154187,1678,23.7,0,0,,
30870864,TBSL,2026-09-11T09:55:11.898616Z,75,181.5,179.0,under,4.6333,4.25,4.154187,1678,9.7,0,0,,
30870865,TBSL,2026-09-11T09:55:12.194535Z,75,170.5,173.0,over,4.2667,4.25,4.154187,1678,24.2,0,0,,
30870989,CBA,2026-09-11T10:09:35.176981Z,75,185.5,183.0,under,4.8387,3.9444,4.437218,886,17.3,0,0,,
30870990,CBA,2026-09-11T10:09:35.443792Z,75,196.5,205.0,over,5.0968,4.2778,4.437218,886,7.8,0,0,,
30870991,CBA,2026-09-11T10:09:35.702078Z,75,177.5,180.0,over,4.6129,3.8333,4.437218,886,9.9,0,0,,
30870992,CBA,2026-09-11T10:09:35.984783Z,75,178.5,180.0,over,4.6129,3.9444,4.437218,886,8.4,0,0,,
30870993,CBA,2026-09-11T10:09:36.234400Z,75,168.5,164.0,under,4.2903,3.9444,4.437218,886,10.2,0,0,,
30871007,KBL,2026-09-11T10:12:26.339570Z,75,167.5,169.0,over,4.3333,3.75,3.884614,1061,0.0,0,0,,
30871008,KBL,2026-09-11T10:12:38.239262Z,75,170.5,162.0,under,4.5,3.55,3.884614,1061,11.6,0,0,,
30871009,KBL,2026-09-11T10:12:38.496333Z,75,151.5,146.0,under,3.8,3.75,3.884614,1061,32.6,0,0,,
30871010,KBL,2026-09-11T10:12:38.765743Z,75,172.5,176.0,over,4.4,4.05,3.884614,1061,12.1,0,1,,0
30871011,KBL,2026-09-11T10:12:39.034399Z,75,173.5,167.0,under,4.5333,3.75,3.884614,1061,31.6,0,0,,
30869808,CYBER,2026-09-11T10:12:42.936763Z,75,204.5,209.0,over,4.1944,4.4583,4.46465,376,0.0,0,0,,
30870973,NBA,2026-09-11T10:13:33.594675Z,75,232.5,229.0,under,6.0,5.25,5.639696,2152,0.0,0,0,,
30870974,NBA,2026-09-11T10:13:43.384488Z,75,260.5,255.0,under,6.7667,5.75,5.639696,2152,12.6,0,0,,
30870975,NBA,2026-09-11T10:13:43.746780Z,75,176.5,180.0,over,4.4,4.45,5.639696,2152,23.7,0,0,,
30870976,NBA,2026-09-11T10:13:44.104763Z,75,230.5,231.0,over,6.1,4.75,5.639696,2152,23.0,0,0,,
30870977,NBA,2026-09-11T10:13:44.457705Z,75,224.5,226.0,over,5.8333,4.95,5.639696,2152,12.1,0,0,,
30870978,NBA,2026-09-11T10:13:44.806942Z,75,227.5,220.0,under,5.8,5.35,5.639696,2152,34.3,0,0,,
30870979,NBA,2026-09-11T10:13:45.116266Z,75,222.5,225.0,over,5.7,5.15,5.639696,2152,12.7,0,0,,
30870980,NBA,2026-09-11T10:13:45.430932Z,75,207.5,201.0,under,5.2,5.15,5.639696,2152,13.0,0,0,,
30870981,NBA,2026-09-11T10:13:45.753072Z,75,254.5,264.0,over,6.7,5.35,5.639696,2152,23.1,0,0,,
30870982,NBA,2026-09-11T10:13:46.036196Z,75,210.5,210.0,under,5.4,4.85,5.639696,2152,23.4,0,0,,
30870983,NBA,2026-09-11T10:13:46.362151Z,75,200.5,196.0,under,4.9333,5.25,5.639696,2152,26.3,0,0,,
30870984,NBA,2026-09-11T10:13:46.679948Z,75,237.5,232.0,under,6.2333,5.05,5.639696,2152,26.6,0,0,,
30871098,EuroLeague,2026-09-11T10:20:56.664508Z,75,151.5,152.0,over,3.935,3.2973,4.295978,1529,20.6,0,0,,
30871100,EuroLeague,2026-09-11T10:21:06.569067Z,75,166.5,161.0,under,4.3252,3.6216,4.295978,1529,5.1,0,0,,
30871101,EuroLeague,2026-09-11T10:21:06.841712Z,75,176.5,176.0,under,4.5203,4.0541,4.295978,1529,5.4,0,0,,
30871102,EuroLeague,2026-09-11T10:21:07.145615Z,75,193.5,188.0,under,5.1057,3.9459,4.295978,1529,20.6,0,0,,
30871103,EuroLeague,2026-09-11T10:21:07.471997Z,75,212.5,211.0,under,5.626,4.2703,4.295978,1529,6.0,0,0,,
30871104,EuroLeague,2026-09-11T10:21:07.832826Z,75,158.5,148.0,under,4.065,3.6216,4.295978,1529,6.4,0,0,,
30871105,EuroLeague,2026-09-11T10:21:08.193898Z,75,183.5,174.0,under,4.8455,3.7297,4.295978,1529,21.6,0,0,,
30871106,EuroLeague,2026-09-11T10:21:08.473040Z,75,193.5,184.0,under,5.0407,4.1622,4.295978,1529,10.7,0,0,,
30871205,TBSL,2026-09-11T10:35:11.757859Z,75,189.5,182.0,under,5.0667,3.75,4.154508,1686,23.9,0,0,,
30871206,TBSL,2026-09-11T10:35:12.052435Z,75,167.5,168.0,over,4.3333,3.75,4.154508,1686,24.2,0,0,,
30871207,TBSL,2026-09-11T10:35:12.366712Z,75,175.5,176.0,over,4.5667,3.85,4.154508,1686,6.4,0,0,,
30871208,TBSL,2026-09-11T10:35:12.647993Z,75,169.5,179.0,over,4.4333,3.65,4.154508,1686,10.5,0,0,,
30871209,TBSL,2026-09-11T10:35:13.003959Z,75,162.5,164.0,over,4.2333,3.55,4.154508,1686,5.6,0,0,,
30871210,TBSL,2026-09-11T10:35:13.297963Z,75,173.5,166.0,under,4.5,3.85,4.154508,1686,5.8,0,0,,
30871211,TBSL,2026-09-11T10:35:13.648568Z,75,153.5,159.0,over,3.9,3.65,4.154508,1686,11.5,0,0,,
30871276,CBA,2026-09-11T10:48:44.487060Z,75,190.5,176.0,under,4.8333,4.55,4.437907,891,38.2,0,0,,
30871277,CBA,2026-09-11T10:48:44.706916Z,75,172.5,172.0,under,4.4667,3.85,4.437907,891,56.7,0,0,,
30871278,CBA,2026-09-11T10:48:44.940260Z,75,197.5,194.0,under,5.0333,4.65,4.437907,891,57.0,0,1,,1
30871279,CBA,2026-09-11T10:48:45.177748Z,75,173.5,175.0,over,4.4,4.15,4.437907,891,57.2,0,0,,
30871280,CBA,2026-09-11T10:48:45.414165Z,75,167.5,190.0,over,4.4333,3.45,4.437907,891,39.1,0,0,,
30871295,KBL,2026-09-11T10:52:40.389978Z,75,156.5,173.0,over,4.1,3.35,3.885624,1066,36.0,0,0,,
30871296,KBL,2026-09-11T10:52:40.632799Z,75,163.5,158.0,under,4.1667,3.85,3.885624,1066,57.7,0,0,,
30871297,KBL,2026-09-11T10:52:40.925814Z,75,144.5,147.0,over,3.7333,3.25,3.885624,1066,36.4,0,0,,
30871299,KBL,2026-09-11T10:52:41.334449Z,75,146.5,143.0,under,3.6333,3.75,3.885624,1066,36.6,0,0,,
30869813,CYBER,2026-09-11T10:52:41.646870Z,75,216.5,214.0,under,4.4438,4.7154,4.464357,377,0.0,1,1,1,1
30871336,EuroLeague,2026-09-11T11:00:26.708021Z,75,184.5,179.0,under,4.8595,3.8462,4.296291,1537,24.9,0,0,,
30871337,EuroLeague,2026-09-11T11:00:26.996444Z,75,172.5,179.0,over,4.4628,3.8462,4.296291,1537,25.2,0,0,,
30871338,EuroLeague,2026-09-11T11:00:27.280425Z,75,184.5,180.0,under,4.7603,4.1538,4.296291,1537,35.6,0,0,,
30871339,EuroLeague,2026-09-11T11:00:27.573547Z,75,138.5,130.0,under,3.405,3.641,4.296291,1537,37.1,0,0,,
30871342,EuroLeague,2026-09-11T11:00:32.562873Z,75,211.5,221.0,over,5.5868,4.359,4.296291,1537,0.0,0,0,,
30871341,EuroLeague,2026-09-11T11:00:33.192870Z,75,149.5,143.0,under,3.8017,3.5385,4.296291,1537,0.0,0,0,,
30871344,EuroLeague,2026-09-11T11:00:33.812718Z,75,175.5,175.0,under,4.595,3.7436,4.296291,1537,0.0,0,0,,
30871343,EuroLeague,2026-09-11T11:00:34.214199Z,75,180.5,173.0,under,4.3967,4.8718,4.296291,1537,0.0,0,1,,1
30871315,NBA,2026-09-11T11:01:35.842532Z,75,215.5,222.0,over,5.5333,4.95,5.639256,2164,0.0,0,0,,
30871314,NBA,2026-09-11T11:01:36.158269Z,75,203.5,198.0,under,5.1667,4.85,5.639256,2164,0.0,0,0,,
30871318,NBA,2026-09-11T11:01:36.535690Z,75,220.5,227.0,over,5.7667,4.75,5.639256,2164,0.0,0,0,,
30871316,NBA,2026-09-11T11:01:36.920360Z,75,258.5,248.0,under,6.7333,5.65,5.639256,2164,0.0,0,0,,
30871317,NBA,2026-09-11T11:01:37.271973Z,75,227.5,230.0,over,5.8333,5.25,5.639256,2164,0.0,0,0,,
30871321,NBA,2026-09-11T11:01:37.621990Z,75,238.5,249.0,over,6.1333,5.45,5.639256,2164,0.0,0,0,,
30871319,NBA,2026-09-11T11:01:38.081305Z,75,188.5,192.0,over,4.7667,4.55,5.639256,2164,0.0,0,0,,
30871320,NBA,2026-09-11T11:01:38.396824Z,75,232.5,228.0,under,6.0,5.25,5.639256,2164,0.0,0,0,,
30871324,NBA,2026-09-11T11:01:38.667770Z,75,236.5,234.0,under,6.2667,4.85,5.639256,2164,0.0,0,0,,
30871322,NBA,2026-09-11T11:01:39.004999Z,75,233.5,234.0,over,6.2,4.75,5.639256,2164,0.0,0,0,,
30871323,NBA,2026-09-11T11:01:39.305702Z,75,225.5,225.0,under,5.9,4.85,5.639256,2164,0.0,0,0,,
30871313,NBA,2026-09-11T11:01:50.098701Z,75,220.5,227.0,over,5.8,4.65,5.639256,2164,4.1,0,0,,
30873681,NBA,2026-09-11T14:14:38.705504Z,75,248.5,252.0,over,6.6333,4.95,5.639338,2176,0.0,0,0,,
30873682,NBA,2026-09-11T14:16:13.349989Z,75,197.5,189.0,under,5.2358,3.9459,5.639338,2176,0.0,0,0,,
30873688,NBA,2026-09-11T14:18:31.973610Z,75,228.5,240.0,over,6.5152,1.9286,5.639338,2176,0.0,0,0,,
30873689,NBA,2026-09-11T14:18:40.363043Z,75,221.5,209.0,under,5.7879,4.3571,5.639338,2176,0.0,0,0,,
30873690,NBA,2026-09-11T14:20:40.541923Z,75,264.5,256.0,under,6.8857,4.7,5.639338,2176,0.0,0,0,,
30873691,NBA,2026-09-11T14:20:55.233626Z,75,257.5,255.0,under,6.7234,4.3158,5.639338,2176,0.0,0,0,,
30873692,NBA,2026-09-11T14:21:03.595051Z,75,234.5,217.0,under,5.493,8.7778,5.639338,2176,0.0,1,1,1,1
30873686,NBA,2026-09-11T14:23:33.547568Z,75,214.5,214.0,under,5.4667,3.8,5.639338,2176,0.0,0,0,,
30873687,NBA,2026-09-11T14:23:33.864970Z,75,262.5,261.0,under,6.72,4.2,5.639338,2176,0.0,0,0,,
30873827,EuroLeague,2026-09-11T14:23:35.404072Z,75,180.5,182.0,over,4.6617,3.7778,4.296375,1545,0.0,0,0,,
30873828,EuroLeague,2026-09-11T14:23:35.630567Z,75,208.5,207.0,under,5.3835,4.3704,4.296375,1545,0.0,0,0,,
30873830,EuroLeague,2026-09-11T14:23:35.889421Z,75,146.5,134.0,under,3.6992,3.4815,4.296375,1545,0.0,0,0,,
30873831,EuroLeague,2026-09-11T14:23:36.139397Z,75,186.5,183.0,under,4.6917,4.5185,4.296375,1545,0.0,0,1,,1
30873832,EuroLeague,2026-09-11T14:23:37.829182Z,75,154.5,147.0,under,3.8788,3.7857,4.296375,1545,0.0,0,0,,
30873833,EuroLeague,2026-09-11T14:23:38.541266Z,75,175.5,170.0,under,4.4511,4.0741,4.296375,1545,0.0,0,0,,
30873835,EuroLeague,2026-09-11T14:24:33.649084Z,75,164.5,158.0,under,4.1449,3.9091,4.296375,1545,0.0,0,0,,
30874142,CBA,2026-09-11T14:48:20.321084Z,75,178.5,175.0,under,4.6,4.05,4.438449,896,24.2,0,0,,
30874144,CBA,2026-09-11T14:48:27.533490Z,75,196.5,188.0,under,5.0,4.65,4.438449,896,34.2,0,1,,1
30874145,CBA,2026-09-11T14:48:27.830900Z,75,142.5,152.0,over,3.6667,3.25,4.438449,896,35.8,0,0,,
30874146,CBA,2026-09-11T14:48:28.203681Z,75,170.5,173.0,over,4.4667,3.65,4.438449,896,36.2,0,0,,
30869843,CYBER,2026-09-11T15:04:00.971702Z,75,208.5,195.0,under,4.3889,4.2083,4.463885,379,1.3,0,0,,
30874467,TBSL,2026-09-11T15:36:40.322294Z,75,157.5,149.0,under,4.0,3.7368,4.154962,1693,11.3,0,0,,
30874468,TBSL,2026-09-11T15:36:40.593496Z,75,181.5,178.0,under,4.6885,4.0526,4.154962,1693,8.2,0,0,,
30874469,TBSL,2026-09-11T15:36:40.845860Z,75,183.5,185.0,over,4.8525,3.7368,4.154962,1693,13.3,0,0,,
30874470,TBSL,2026-09-11T15:36:41.062082Z,75,156.5,164.0,over,3.8689,4.0526,4.154962,1693,13.5,0,0,,
30874471,TBSL,2026-09-11T15:36:41.283700Z,75,193.5,189.0,under,5.082,4.0526,4.154962,1693,13.7,0,0,,
30874440,NBA,2026-09-11T15:38:29.627423Z,75,218.5,221.0,over,5.7333,4.65,5.640037,2188,0.0,0,0,,
30874441,NBA,2026-09-11T15:38:57.303225Z,75,245.5,247.0,over,6.5333,4.95,5.640037,2188,10.0,0,0,,
30874442,NBA,2026-09-11T15:38:57.572612Z,75,255.5,261.0,over,6.6667,5.55,5.640037,2188,14.9,0,0,,
30874443,NBA,2026-09-11T15:38:57.885806Z,75,222.5,214.0,under,5.7,5.15,5.640037,2188,5.9,0,0,,
30874444,NBA,2026-09-11T15:38:58.172889Z,75,222.5,230.0,over,5.8333,4.75,5.640037,2188,10.8,0,0,,
30874699,EuroLeague,2026-09-11T16:01:10.504968Z,75,205.5,208.0,over,5.4,4.35,4.296021,1552,23.8,0,0,,
30874700,EuroLeague,2026-09-11T16:01:10.901802Z,75,169.5,175.0,over,4.4667,3.55,4.296021,1552,6.1,0,0,,
30874701,EuroLeague,2026-09-11T16:01:11.336672Z,75,152.5,147.0,under,3.9,3.55,4.296021,1552,5.8,0,0,,
30874702,EuroLeague,2026-09-11T16:01:11.717211Z,75,180.5,190.0,over,4.7333,3.85,4.296021,1552,6.9,0,0,,
30874703,EuroLeague,2026-09-11T16:01:12.078166Z,75,215.5,222.0,over,5.6,4.75,4.296021,1552,7.2,0,1,,0
30874790,TBSL,2026-09-11T16:16:06.733361Z,75,186.5,188.0,over,4.9667,3.75,4.155462,1698,93.3,0,0,,
30874791,TBSL,2026-09-11T16:16:07.245010Z,75,159.5,161.0,over,4.0333,3.85,4.155462,1698,93.9,0,0,,
30874792,TBSL,2026-09-11T16:16:07.709646Z,75,180.5,174.0,under,4.6,4.25,4.155462,1698,98.8,0,0,,
30874793,TBSL,2026-09-11T16:16:08.058215Z,75,163.5,157.0,under,4.1667,3.85,4.155462,1698,94.6,0,0,,
30874794,TBSL,2026-09-11T16:16:08.455983Z,75,170.5,160.0,under,4.2333,4.35,4.155462,1698,95.0,0,1,,1
30869885,CYBER,2026-09-11T16:21:31.875359Z,75,225.5,211.0,under,4.6944,4.7083,4.460733,382,31.0,0,1,,1
30874822,NBA,2026-09-11T16:26:44.336236Z,75,222.5,210.0,under,5.8333,4.75,5.640549,2193,11.2,0,0,,
30874823,NBA,2026-09-11T16:26:44.848004Z,75,225.5,215.0,under,5.9667,4.65,5.640549,2193,8.0,0,0,,
30874824,NBA,2026-09-11T16:26:45.187228Z,75,195.5,207.0,over,5.0,4.55,5.640549,2193,11.7,0,0,,
30874825,NBA,2026-09-11T16:26:45.584376Z,75,217.5,208.0,under,5.6,4.95,5.640549,2193,6.9,0,0,,
30874826,NBA,2026-09-11T16:26:45.934463Z,75,225.5,218.0,under,5.8333,5.05,5.640549,2193,43.9,0,0,,
30875011,EuroLeague,2026-09-11T16:43:50.905996Z,75,177.5,174.0,under,4.4615,4.3333,4.297351,1557,193.4,0,0,,
30875013,EuroLeague,2026-09-11T16:43:58.171723Z,75,178.5,185.0,over,4.6154,3.8,4.297351,1557,200.7,0,0,,
30875014,EuroLeague,2026-09-11T16:43:58.625739Z,75,171.5,175.0,over,4.5231,3.2667,4.297351,1557,201.1,0,0,,
30875057,TBSL,2026-09-11T16:56:05.788204Z,75,159.5,151.0,under,4.0667,3.75,4.155593,1703,0.0,0,0,,
30875058,TBSL,2026-09-11T16:56:06.118342Z,75,176.5,169.0,under,4.6,3.85,4.155593,1703,0.0,0,0,,
30875059,TBSL,2026-09-11T16:56:06.625017Z,75,173.5,169.0,under,4.5667,3.65,4.155593,1703,0.0,0,0,,
30875060,TBSL,2026-09-11T16:56:07.039213Z,75,166.5,176.0,over,4.2333,3.95,4.155593,1703,0.0,0,0,,
30875061,TBSL,2026-09-11T16:56:07.395625Z,75,152.5,145.0,under,3.9333,3.45,4.155593,1703,0.0,0,0,,
30875239,NBA,2026-09-11T17:14:41.379454Z,75,208.5,200.0,under,5.4,4.65,5.639752,2198,0.0,0,0,,
30875240,NBA,2026-09-11T17:15:07.388171Z,75,233.5,223.0,under,6.1,5.05,5.639752,2198,10.4,0,0,,
30875241,NBA,2026-09-11T17:15:07.830669Z,75,220.5,216.0,under,5.7667,4.75,5.639752,2198,5.9,0,0,,
30875242,NBA,2026-09-11T17:15:08.210808Z,75,212.5,211.0,under,5.4667,4.85,5.639752,2198,6.3,0,0,,
30875243,NBA,2026-09-11T17:15:08.628118Z,75,203.5,198.0,under,5.2333,4.65,5.639752,2198,10.0,0,0,,
30875299,EuroLeague,2026-09-11T17:21:53.891168Z,75,143.5,142.0,under,3.6423,3.4054,4.297644,1560,27.7,0,0,,
30875300,EuroLeague,2026-09-11T17:21:54.196005Z,75,166.5,160.0,under,4.2927,3.7297,4.297644,1560,11.4,0,0,,
30875301,EuroLeague,2026-09-11T17:21:54.557588Z,75,185.5,181.0,under,4.7805,4.1622,4.297644,1560,18.2,0,0,,
30875302,EuroLeague,2026-09-11T17:21:54.872856Z,75,159.5,156.0,under,4.065,3.7297,4.297644,1560,7.2,0,0,,
30875392,TBSL,2026-09-11T17:36:16.626127Z,75,165.5,160.0,under,4.3306,3.5385,4.155284,1708,32.4,0,0,,
30875393,TBSL,2026-09-11T17:36:16.990167Z,75,173.5,170.0,under,4.4298,4.0513,4.155284,1708,25.0,0,0,,
30875394,TBSL,2026-09-11T17:36:17.356828Z,75,161.5,159.0,under,4.2314,3.4359,4.155284,1708,37.9,0,0,,
30875395,TBSL,2026-09-11T17:36:17.625711Z,75,159.5,168.0,over,4.2975,3.0256,4.155284,1708,30.3,0,0,,
30875396,TBSL,2026-09-11T17:36:18.027443Z,75,189.5,191.0,over,4.9256,4.1538,4.155284,1708,33.3,0,0,,
30875733,TBSL,2026-09-11T18:36:32.743880Z,75,165.5,162.0,under,4.2623,3.7368,4.155531,1713,40.0,0,0,,
30875734,TBSL,2026-09-11T18:36:33.011362Z,75,155.5,155.0,under,3.8689,3.9474,4.155531,1713,39.6,0,0,,
30875735,TBSL,2026-09-11T18:36:33.271842Z,75,161.5,167.0,over,4.0984,3.8421,4.155531,1713,40.9,0,0,,
30875736,TBSL,2026-09-11T18:36:33.540226Z,75,159.5,161.0,over,4.1311,3.5263,4.155531,1713,39.8,0,0,,
30875737,TBSL,2026-09-11T18:36:33.842807Z,75,181.5,184.0,over,4.6885,4.0526,4.155531,1713,35.6,0,0,,
30875738,TBSL,2026-09-11T18:36:34.154762Z,75,190.5,193.0,over,4.8852,4.3684,4.155531,1713,36.5,0,1,,0
30875739,TBSL,2026-09-11T18:36:34.428215Z,75,153.5,159.0,over,3.9016,3.6316,4.155531,1713,36.8,0,0,,
30875705,NBA,2026-09-11T18:38:59.629753Z,75,196.5,191.0,under,5.0333,4.55,5.638845,2203,16.3,0,0,,
30875706,NBA,2026-09-11T18:38:59.854215Z,75,203.5,200.0,under,5.4667,3.95,5.638845,2203,23.2,0,0,,
30875707,NBA,2026-09-11T18:39:00.108569Z,75,205.5,212.0,over,5.4667,4.15,5.638845,2203,16.8,0,0,,
30875708,NBA,2026-09-11T18:39:00.332681Z,75,230.5,237.0,over,6.0667,4.85,5.638845,2203,23.6,0,0,,
30875709,NBA,2026-09-11T18:39:00.557033Z,75,241.5,234.0,under,6.2333,5.45,5.638845,2203,27.1,0,0,,
30875710,NBA,2026-09-11T18:39:00.832737Z,75,210.5,198.0,under,5.4333,4.75,5.638845,2203,29.0,0,0,,
30875711,NBA,2026-09-11T18:39:01.064393Z,75,210.5,206.0,under,5.4333,4.75,5.638845,2203,22.7,0,0,,
30875712,NBA,2026-09-11T18:39:01.296430Z,75,221.5,216.0,under,5.7333,4.95,5.638845,2203,27.8,0,0,,
30875713,NBA,2026-09-11T18:39:01.521716Z,75,271.5,273.0,over,7.1333,5.75,5.638845,2203,18.2,0,0,,
30875714,NBA,2026-09-11T18:39:01.778580Z,75,220.5,224.0,over,5.6667,5.05,5.638845,2203,18.5,0,0,,
30875715,NBA,2026-09-11T18:39:02.004345Z,75,212.5,201.0,under,5.4333,4.95,5.638845,2203,25.3,0,0,,
30875716,NBA,2026-09-11T18:39:02.244749Z,75,246.5,241.0,under,6.4333,5.35,5.638845,2203,18.9,0,0,,
30875881,EuroLeague,2026-09-11T19:01:18.890554Z,75,170.5,174.0,over,4.3967,3.8462,4.296867,1564,0.0,0,0,,
30875879,EuroLeague,2026-09-11T19:01:19.280928Z,75,196.5,203.0,over,5.2231,3.9487,4.296867,1564,0.0,0,0,,
30875880,EuroLeague,2026-09-11T19:01:19.616134Z,75,204.5,203.0,under,5.4545,4.0513,4.296867,1564,0.0,0,0,,
30875885,EuroLeague,2026-09-11T19:01:19.947773Z,75,173.5,172.0,under,4.5289,3.7436,4.296867,1564,0.0,0,0,,
30875882,EuroLeague,2026-09-11T19:01:20.247625Z,75,158.5,150.0,under,3.9008,4.1538,4.296867,1564,0.0,0,0,,
30875884,EuroLeague,2026-09-11T19:01:20.574775Z,75,180.5,178.0,under,4.7273,3.8462,4.296867,1564,0.0,0,0,,
30875886,EuroLeague,2026-09-11T19:01:20.953436Z,75,191.5,198.0,over,5.0579,3.9487,4.296867,1564,0.0,0,0,,
30875887,EuroLeague,2026-09-11T19:01:21.296139Z,75,180.5,184.0,over,4.6281,4.1538,4.296867,1564,0.0,0,0,,
30875976,TBSL,2026-09-11T19:16:35.089298Z,75,133.5,143.0,over,3.377,3.2105,4.155785,1720,60.4,0,0,,
30875977,TBSL,2026-09-11T19:16:35.428618Z,75,164.5,161.0,under,4.2295,3.7368,4.155785,1720,60.5,0,0,,
30875978,TBSL,2026-09-11T19:16:35.743513Z,75,171.5,163.0,under,4.4262,3.8421,4.155785,1720,60.5,0,0,,
30875979,TBSL,2026-09-11T19:16:36.070905Z,75,173.5,179.0,over,4.3607,4.2632,4.155785,1720,57.4,0,0,,
30875980,TBSL,2026-09-11T19:16:36.396474Z,75,179.5,189.0,over,4.8852,3.2105,4.155785,1720,60.6,0,0,,
30875981,TBSL,2026-09-11T19:16:36.732849Z,75,158.5,166.0,over,4.1967,3.2105,4.155785,1720,55.9,0,0,,
30875982,TBSL,2026-09-11T19:16:37.030777Z,75,166.5,172.0,over,4.459,3.2105,4.155785,1720,57.8,0,0,,
30869919,CYBER,2026-09-11T19:47:51.067451Z,75,226.5,219.0,under,4.6667,4.875,4.45855,385,6.1,0,1,,1
30876170,CBA,2026-09-11T19:49:23.131224Z,75,181.5,187.0,over,4.7667,3.85,4.437833,900,3.7,0,0,,
30876171,CBA,2026-09-11T19:49:23.483069Z,75,165.5,176.0,over,4.3,3.65,4.437833,900,18.9,0,0,,
30876187,TBSL,2026-09-11T19:56:01.822607Z,75,198.5,192.0,under,5.1,4.55,4.155921,1727,18.4,0,1,,1
30876188,TBSL,2026-09-11T19:56:02.214150Z,75,156.5,154.0,under,4.0,3.65,4.155921,1727,2.8,0,0,,
30876189,TBSL,2026-09-11T19:56:02.484505Z,75,155.5,159.0,over,3.9,3.85,4.155921,1727,3.0,0,0,,
30876190,TBSL,2026-09-11T19:56:02.814564Z,75,188.5,188.0,under,4.9,4.15,4.155921,1727,23.0,0,0,,
30876191,TBSL,2026-09-11T19:56:03.154984Z,75,177.5,186.0,over,4.6667,3.75,4.155921,1727,12.8,0,0,,
30876192,TBSL,2026-09-11T19:56:03.453421Z,75,172.5,186.0,over,4.5333,3.65,4.155921,1727,13.1,0,0,,
30876233,NBA,2026-09-11T20:15:00.284823Z,75,253.5,250.0,under,6.7333,5.15,5.638014,2215,0.0,0,0,,
30876234,NBA,2026-09-11T20:15:00.508161Z,75,207.5,202.0,under,5.4,4.55,5.638014,2215,0.0,0,0,,
30876235,NBA,2026-09-11T20:15:00.733494Z,75,196.5,199.0,over,5.1,4.35,5.638014,2215,0.0,0,0,,
30876239,NBA,2026-09-11T20:15:00.952935Z,75,207.5,202.0,under,5.4333,4.45,5.638014,2215,0.0,0,0,,
30876238,NBA,2026-09-11T20:15:01.175025Z,75,232.5,234.0,over,6.0333,5.15,5.638014,2215,0.0,0,0,,
30876241,NBA,2026-09-11T20:15:01.391557Z,75,208.5,204.0,under,5.2333,5.15,5.638014,2215,0.0,0,0,,
30876240,NBA,2026-09-11T20:15:01.610667Z,75,240.5,238.0,under,6.3667,4.95,5.638014,2215,0.0,0,0,,
30876242,NBA,2026-09-11T20:15:01.831371Z,75,222.5,211.0,under,5.7667,4.95,5.638014,2215,0.0,0,0,,
30876243,NBA,2026-09-11T20:15:02.237060Z,75,196.5,185.0,under,4.8667,5.05,5.638014,2215,0.0,0,0,,
30876232,NBA,2026-09-11T20:15:19.925953Z,75,234.5,238.0,over,6.2667,4.65,5.638014,2215,32.9,0,0,,
30876236,NBA,2026-09-11T20:15:20.898487Z,75,231.5,218.0,under,6.0667,4.95,5.638014,2215,46.1,0,0,,
30876237,NBA,2026-09-11T20:15:21.189592Z,75,228.5,231.0,over,6.0667,4.65,5.638014,2215,46.4,0,0,,
30876311,EuroLeague,2026-09-11T20:22:46.794245Z,75,168.5,167.0,under,4.4094,3.4545,4.298251,1572,133.7,0,0,,
30876312,EuroLeague,2026-09-11T20:22:47.069674Z,75,150.5,156.0,over,3.811,3.5758,4.298251,1572,133.7,0,0,,
30876313,EuroLeague,2026-09-11T20:22:47.369065Z,75,181.5,181.0,under,4.9134,3.0909,4.298251,1572,133.8,0,0,,
30876314,EuroLeague,2026-09-11T20:22:47.615948Z,75,177.5,176.0,under,4.5397,4.0588,4.298251,1572,133.8,0,0,,
30876316,EuroLeague,2026-09-11T20:22:54.857287Z,75,181.5,176.0,under,4.8189,3.4545,4.298251,1572,140.7,0,0,,
30876318,EuroLeague,2026-09-11T20:23:01.895177Z,75,158.5,159.0,over,3.9683,3.9412,4.298251,1572,144.3,0,0,,
30876319,EuroLeague,2026-09-11T20:23:02.134491Z,75,157.5,161.0,over,3.9683,3.8235,4.298251,1572,147.6,0,0,,
30876320,EuroLeague,2026-09-11T20:23:02.397070Z,75,150.5,154.0,over,3.8425,3.4545,4.298251,1572,147.7,0,0,,
30876388,KBL,2026-09-11T20:34:37.270221Z,75,160.5,150.0,under,4.16,3.4857,3.884664,1071,0.0,0,0,,
30876389,KBL,2026-09-11T20:34:37.671071Z,75,172.5,164.0,under,4.384,4.0571,3.884664,1071,0.0,0,1,,1
30876401,TBSL,2026-09-11T20:36:22.507192Z,75,172.5,165.0,under,4.4959,3.7436,4.156896,1733,0.0,0,0,,
30876400,TBSL,2026-09-11T20:36:22.803708Z,75,194.5,192.0,under,5.1901,3.8462,4.156896,1733,0.0,0,0,,
30876398,TBSL,2026-09-11T20:36:23.121134Z,75,153.5,147.0,under,3.8678,3.7436,4.156896,1733,0.0,0,0,,
30876402,TBSL,2026-09-11T20:36:23.482952Z,75,178.5,179.0,over,4.6612,3.8462,4.156896,1733,0.0,0,0,,
30876403,TBSL,2026-09-11T20:36:23.879412Z,75,148.5,142.0,under,3.9008,3.1282,4.156896,1733,0.0,0,0,,
30876404,TBSL,2026-09-11T20:36:24.260231Z,75,187.5,194.0,over,4.9587,3.8462,4.156896,1733,0.0,0,0,,
30876405,TBSL,2026-09-11T20:36:24.869658Z,75,189.5,196.0,over,4.9917,3.9487,4.156896,1733,0.0,0,0,,
30876502,TBSL,2026-09-11T21:16:01.985474Z,75,141.5,146.0,over,3.5667,3.45,4.157629,1740,11.2,0,0,,
30876504,TBSL,2026-09-11T21:16:02.444235Z,75,167.5,171.0,over,4.3667,3.65,4.157629,1740,2.8,0,0,,
30876505,TBSL,2026-09-11T21:16:02.711305Z,75,175.5,181.0,over,4.6333,3.65,4.157629,1740,10.9,0,0,,
30876506,TBSL,2026-09-11T21:16:03.007458Z,75,165.5,159.0,under,4.3,3.65,4.157629,1740,23.1,0,0,,
30876507,TBSL,2026-09-11T21:16:03.323439Z,75,207.5,202.0,under,5.5333,4.15,4.157629,1740,3.9,0,0,,
30876508,TBSL,2026-09-11T21:16:03.625918Z,75,154.5,159.0,over,3.9667,3.55,4.157629,1740,11.8,0,0,,
30876503,TBSL,2026-09-11T21:16:09.461645Z,75,170.5,178.0,over,4.5333,3.45,4.157629,1740,0.0,0,0,,
30877703,CBA,2026-09-11T21:49:25.111376Z,75,191.5,190.0,under,4.7333,4.95,4.438054,902,25.7,0,1,,1
30877704,CBA,2026-09-11T21:49:25.369837Z,75,186.5,175.0,under,4.6667,4.65,4.438054,902,25.5,0,1,,1
30877705,CBA,2026-09-11T21:49:25.667124Z,75,191.5,192.0,over,4.9333,4.35,4.438054,902,5.7,0,0,,
30877706,CBA,2026-09-11T21:49:25.967009Z,75,207.5,202.0,under,5.4,4.55,4.438054,902,15.9,0,0,,
30877707,CBA,2026-09-11T21:49:26.261818Z,75,207.5,205.0,under,5.5,4.25,4.438054,902,16.2,0,0,,
30877726,TBSL,2026-09-11T21:56:02.252322Z,75,171.5,168.0,under,4.3667,4.05,4.158085,1747,9.5,0,0,,
30877727,TBSL,2026-09-11T21:56:02.524978Z,75,163.5,169.0,over,4.2333,3.65,4.158085,1747,9.2,0,0,,
30877728,TBSL,2026-09-11T21:56:02.815492Z,75,158.5,155.0,under,4.2,3.25,4.158085,1747,3.2,0,0,,
30877729,TBSL,2026-09-11T21:56:03.134098Z,75,176.5,162.0,under,4.4333,4.35,4.158085,1747,23.2,0,1,,1
30877730,TBSL,2026-09-11T21:56:03.451714Z,75,163.5,153.0,under,4.3,3.45,4.158085,1747,3.8,0,0,,
30877731,TBSL,2026-09-11T21:56:03.751266Z,75,163.5,150.0,under,4.2333,3.65,4.158085,1747,4.1,0,0,,
30871674,CYBER,2026-09-11T21:58:29.509439Z,75,209.5,212.0,over,4.2222,4.7917,4.458819,386,9.6,1,1,0,0
30877681,NBA,2026-09-11T22:00:26.856495Z,75,239.5,235.0,under,6.0927,4.2222,5.636956,2227,0.0,0,0,,
30877882,CBA,2026-09-11T22:29:26.148528Z,75,166.5,178.0,over,4.3667,3.55,4.44016,907,4.9,0,0,,
30877883,CBA,2026-09-11T22:29:26.372153Z,75,152.5,151.0,under,3.7,4.15,4.44016,907,5.1,0,0,,
30877884,CBA,2026-09-11T22:29:26.603147Z,75,182.5,196.0,over,4.8,3.85,4.44016,907,12.4,0,0,,
30877885,CBA,2026-09-11T22:29:26.849756Z,75,204.5,199.0,under,5.3,4.55,4.44016,907,27.4,0,0,,
30877886,CBA,2026-09-11T22:29:27.078634Z,75,209.5,207.0,under,5.5333,4.35,4.44016,907,12.9,0,0,,
30877930,TBSL,2026-09-11T22:36:01.205675Z,75,159.5,161.0,over,4.0333,3.85,4.157501,1753,11.2,0,0,,
30877931,TBSL,2026-09-11T22:36:01.469053Z,75,140.5,141.0,over,3.4667,3.65,4.157501,1753,11.6,0,0,,
30877932,TBSL,2026-09-11T22:36:01.739014Z,75,149.5,155.0,over,3.8667,3.35,4.157501,1753,7.0,0,0,,
30877933,TBSL,2026-09-11T22:36:02.014805Z,75,160.5,162.0,over,4.1,3.75,4.157501,1753,22.4,0,0,,
30877934,TBSL,2026-09-11T22:36:02.248166Z,75,159.5,157.0,under,4.1,3.65,4.157501,1753,12.8,0,0,,
30877935,TBSL,2026-09-11T22:36:02.481193Z,75,167.5,173.0,over,4.3333,3.75,4.157501,1753,7.4,0,0,,
30878066,CBA,2026-09-11T23:09:26.095632Z,75,193.5,198.0,over,5.0,4.35,4.441338,912,6.7,0,0,,
30878067,CBA,2026-09-11T23:09:26.403040Z,75,177.5,172.0,under,4.4667,4.35,4.441338,912,26.9,0,0,,
30878068,CBA,2026-09-11T23:09:26.700550Z,75,188.5,189.0,over,4.9667,3.95,4.441338,912,6.9,0,0,,
30878069,CBA,2026-09-11T23:09:27.075199Z,75,183.5,180.0,under,4.7333,4.15,4.441338,912,11.1,0,0,,
30878070,CBA,2026-09-11T23:09:27.398626Z,75,193.5,191.0,under,5.0667,4.15,4.441338,912,11.4,0,0,,
30878091,TBSL,2026-09-11T23:16:05.968121Z,75,143.5,147.0,over,3.6333,3.45,4.156808,1759,15.6,0,0,,
30878092,TBSL,2026-09-11T23:16:06.290731Z,75,177.5,174.0,under,4.6333,3.85,4.156808,1759,4.0,0,0,,
30878093,TBSL,2026-09-11T23:16:06.633975Z,75,153.5,151.0,under,3.9,3.65,4.156808,1759,4.3,0,0,,
30878094,TBSL,2026-09-11T23:16:06.942990Z,75,180.5,179.0,under,4.7333,3.85,4.156808,1759,16.6,0,0,,
30878095,TBSL,2026-09-11T23:16:07.268833Z,75,168.5,165.0,under,4.2667,4.05,4.156808,1759,9.9,0,0,,
30878096,TBSL,2026-09-11T23:16:07.570957Z,75,172.5,173.0,over,4.4667,3.85,4.156808,1759,5.2,0,0,,
30878097,TBSL,2026-09-11T23:16:14.833142Z,75,174.5,171.0,under,4.5,3.95,4.156808,1759,4.5,0,0,,
30878166,EuroLeague,2026-09-11T23:41:06.409019Z,75,155.5,156.0,over,4.0333,3.45,4.297532,1580,0.0,0,0,,
30878168,EuroLeague,2026-09-11T23:42:36.036849Z,75,180.5,179.0,under,4.6349,4.0588,4.297532,1580,0.0,0,0,,
30878169,EuroLeague,2026-09-11T23:42:44.439954Z,75,149.5,152.0,over,3.7165,3.8182,4.297532,1580,0.0,0,0,,
30878170,EuroLeague,2026-09-11T23:42:52.863570Z,75,159.5,164.0,over,4.063,3.697,4.297532,1580,0.0,0,0,,
30878318,TBSL,2026-09-12T00:35:09.220025Z,75,165.5,172.0,over,4.3667,3.45,4.156706,1767,6.0,0,0,,
30878319,TBSL,2026-09-12T00:35:09.624336Z,75,170.5,166.0,under,4.4333,3.75,4.156706,1767,8.0,0,0,,
30878320,TBSL,2026-09-12T00:35:10.027862Z,75,151.5,145.0,under,3.9,3.45,4.156706,1767,22.7,0,0,,
30878321,TBSL,2026-09-12T00:35:10.368172Z,75,161.5,153.0,under,4.1,3.85,4.156706,1767,8.8,0,0,,
30878322,TBSL,2026-09-12T00:35:10.873084Z,75,146.5,150.0,over,3.7667,3.35,4.156706,1767,10.4,0,0,,
30878323,TBSL,2026-09-12T00:35:11.225406Z,75,138.5,121.0,under,3.4667,3.45,4.156706,1767,10.4,0,0,,
30878324,TBSL,2026-09-12T00:35:11.676253Z,75,152.5,147.0,under,3.9667,3.35,4.156706,1767,11.0,0,0,,
30878325,TBSL,2026-09-12T00:35:12.203312Z,75,179.5,182.0,over,4.6333,4.05,4.156706,1767,22.8,0,0,,
30878268,NBA,2026-09-12T00:37:34.268893Z,75,213.5,218.0,over,5.4667,4.95,5.637198,2238,1.9,0,0,,
30878269,NBA,2026-09-12T00:37:34.654611Z,75,234.5,235.0,over,6.1667,4.95,5.637198,2238,6.5,0,0,,
30878270,NBA,2026-09-12T00:37:34.944786Z,75,239.5,253.0,over,6.3667,4.85,5.637198,2238,2.5,0,0,,
30878271,NBA,2026-09-12T00:37:35.220566Z,75,222.5,218.0,under,5.7667,4.95,5.637198,2238,6.7,0,0,,
30878272,NBA,2026-09-12T00:37:35.529300Z,75,219.5,216.0,under,5.6667,4.95,5.637198,2238,7.4,0,0,,
30878273,NBA,2026-09-12T00:37:35.847555Z,75,244.5,234.0,under,6.3667,5.35,5.637198,2238,7.7,0,0,,
30878274,NBA,2026-09-12T00:37:36.188205Z,75,202.5,201.0,under,5.2,4.65,5.637198,2238,8.0,0,0,,
30878275,NBA,2026-09-12T00:37:36.486515Z,75,232.5,236.0,over,6.1333,4.85,5.637198,2238,8.3,0,0,,
30878276,NBA,2026-09-12T00:37:36.801843Z,75,220.5,218.0,under,5.7,4.95,5.637198,2238,15.4,0,0,,
30878277,NBA,2026-09-12T00:37:37.147940Z,75,205.5,194.0,under,5.2667,4.75,5.637198,2238,9.0,0,0,,
30878278,NBA,2026-09-12T00:37:37.491267Z,75,205.5,200.0,under,5.2333,4.85,5.637198,2238,14.8,0,0,,
30878279,NBA,2026-09-12T00:37:37.838490Z,75,243.5,247.0,over,6.4333,5.05,5.637198,2238,15.5,0,0,,
30878359,CBA,2026-09-12T00:48:26.302271Z,75,178.5,188.0,over,4.7,3.75,4.442475,917,0.0,0,0,,
30878358,CBA,2026-09-12T00:48:26.534461Z,75,166.5,163.0,under,4.3,3.75,4.442475,917,0.0,0,0,,
30878361,CBA,2026-09-12T00:48:27.232459Z,75,176.5,181.0,over,4.6333,3.75,4.442475,917,0.0,0,0,,
30878373,KBL,2026-09-12T00:52:41.978046Z,75,147.5,149.0,over,3.8347,3.2308,3.884739,1073,0.0,0,0,,
30878371,KBL,2026-09-12T00:52:42.219645Z,75,163.5,160.0,under,4.2645,3.5385,3.884739,1073,0.0,0,0,,
30878372,KBL,2026-09-12T00:52:42.450183Z,75,158.5,166.0,over,4.1653,3.3333,3.884739,1073,0.0,0,0,,
30878374,KBL,2026-09-12T00:52:42.929020Z,75,192.5,193.0,over,5.0909,3.9487,3.884739,1073,0.0,0,0,,
30878375,KBL,2026-09-12T00:52:43.183125Z,75,171.5,168.0,under,4.6612,3.1282,3.884739,1073,0.0,0,0,,
30878406,EuroLeague,2026-09-12T01:00:19.687405Z,75,188.5,192.0,over,5.0667,3.65,4.296798,1585,24.8,0,0,,
30878408,EuroLeague,2026-09-12T01:00:20.158228Z,75,173.5,168.0,under,4.3333,4.35,4.296798,1585,25.5,0,0,,
30878409,EuroLeague,2026-09-12T01:00:20.421003Z,75,142.5,140.0,under,3.6333,3.35,4.296798,1585,14.9,0,0,,
30878410,EuroLeague,2026-09-12T01:00:20.686794Z,75,158.5,165.0,over,3.9333,4.05,4.296798,1585,15.2,0,0,,
30878411,EuroLeague,2026-09-12T01:00:21.006790Z,75,171.5,163.0,under,4.3,4.25,4.296798,1585,26.3,0,0,,
30878412,EuroLeague,2026-09-12T01:00:21.288758Z,75,218.5,216.0,under,5.8333,4.35,4.296798,1585,26.9,0,0,,
30878407,EuroLeague,2026-09-12T01:00:38.873083Z,75,184.5,183.0,under,4.8197,3.9474,4.296798,1585,0.0,0,0,,
30871888,CYBER,2026-09-12T01:08:36.499547Z,75,206.5,212.0,over,4.1735,4.7064,4.455509,391,0.0,1,1,0,0
30871889,CYBER,2026-09-12T01:14:21.816985Z,75,206.5,188.0,under,4.1944,4.625,4.455509,391,0.0,1,0,1,
30878460,TBSL,2026-09-12T01:15:19.310193Z,75,175.5,175.0,under,4.3636,4.4615,4.15538,1775,31.9,0,1,,1
30878462,TBSL,2026-09-12T01:15:20.040215Z,75,171.5,159.0,under,4.3967,3.9487,4.15538,1775,32.9,0,0,,
30878463,TBSL,2026-09-12T01:15:20.381693Z,75,152.5,144.0,under,3.8017,3.8462,4.15538,1775,46.1,0,0,,
30878464,TBSL,2026-09-12T01:15:20.706733Z,75,186.5,188.0,over,4.7273,4.4615,4.15538,1775,46.5,0,1,,0
30878465,TBSL,2026-09-12T01:15:21.012156Z,75,167.5,159.0,under,4.3636,3.641,4.15538,1775,46.8,0,0,,
30878466,TBSL,2026-09-12T01:15:21.401640Z,75,155.5,155.0,under,3.9339,3.7436,4.15538,1775,34.1,0,0,,
30878467,TBSL,2026-09-12T01:15:21.738161Z,75,195.5,192.0,under,5.1901,3.9487,4.15538,1775,46.7,0,0,,
30878485,NBA,2026-09-12T01:25:28.794804Z,75,194.5,195.0,over,4.9333,4.65,5.6368,2250,0.0,0,0,,
30878486,NBA,2026-09-12T01:25:29.264743Z,75,231.5,238.0,over,6.0333,5.05,5.6368,2250,0.0,0,0,,
30878487,NBA,2026-09-12T01:25:29.681189Z,75,229.5,235.0,over,6.0667,4.75,5.6368,2250,0.0,0,0,,
30878488,NBA,2026-09-12T01:25:30.097963Z,75,211.5,200.0,under,5.3667,5.05,5.6368,2250,0.0,0,0,,
30878489,NBA,2026-09-12T01:25:30.475596Z,75,228.5,225.0,under,5.8667,5.25,5.6368,2250,0.0,0,0,,
30878490,NBA,2026-09-12T01:25:30.855766Z,75,235.5,231.0,under,6.1,5.25,5.6368,2250,0.0,0,0,,
30878491,NBA,2026-09-12T01:25:31.230551Z,75,217.5,216.0,under,5.6,4.95,5.6368,2250,0.0,0,0,,
30878492,NBA,2026-09-12T01:25:31.526292Z,75,211.5,210.0,under,5.4333,4.85,5.6368,2250,0.0,0,0,,
30878493,NBA,2026-09-12T01:25:31.826629Z,75,184.5,185.0,over,4.6,4.65,5.6368,2250,0.0,0,0,,
30878494,NBA,2026-09-12T01:25:32.151580Z,75,218.5,228.0,over,5.7,4.75,5.6368,2250,0.0,0,0,,
30878495,NBA,2026-09-12T01:25:32.459912Z,75,224.5,219.0,under,5.6,5.65,5.6368,2250,0.0,1,0,1,
30878484,NBA,2026-09-12T01:25:43.713987Z,75,165.5,166.0,over,4.1333,4.15,5.6368,2250,21.0,0,0,,
30878700,CBA,2026-09-12T01:28:45.592910Z,75,148.5,151.0,over,3.8017,3.4359,4.442446,920,0.0,0,0,,
30878699,CBA,2026-09-12T01:28:46.197886Z,75,167.5,180.0,over,4.1653,4.2564,4.442446,920,0.0,0,0,,
30878701,CBA,2026-09-12T01:28:46.509731Z,75,167.5,170.0,over,4.3306,3.7436,4.442446,920,0.0,0,0,,
30878702,CBA,2026-09-12T01:28:47.168697Z,75,199.5,207.0,over,5.3223,3.9487,4.442446,920,0.0,0,0,,
30879045,KBL,2026-09-12T01:32:40.676557Z,75,146.5,134.0,under,3.7355,3.4359,3.886109,1078,0.0,0,0,,
30879048,KBL,2026-09-12T01:32:41.349677Z,75,136.5,139.0,over,3.3388,3.641,3.886109,1078,0.0,0,0,,
30879046,KBL,2026-09-12T01:32:41.696153Z,75,160.5,154.0,under,4.1322,3.641,3.886109,1078,0.0,0,0,,
30879047,KBL,2026-09-12T01:32:42.031844Z,75,144.5,149.0,over,3.7025,3.3333,3.886109,1078,0.0,0,0,,
30879049,KBL,2026-09-12T01:32:42.412579Z,75,185.5,186.0,over,4.9587,3.641,3.886109,1078,0.0,0,0,,
30879290,EuroLeague,2026-09-12T01:40:03.150180Z,75,191.5,196.0,over,5.0333,4.05,4.297173,1592,0.0,0,0,,
30879287,EuroLeague,2026-09-12T01:40:03.400880Z,75,194.5,192.0,under,5.1333,4.05,4.297173,1592,0.0,0,0,,
30879288,EuroLeague,2026-09-12T01:40:03.653006Z,75,162.5,163.0,over,4.1667,3.75,4.297173,1592,0.0,0,0,,
30879289,EuroLeague,2026-09-12T01:40:03.933354Z,75,185.5,184.0,under,4.8333,4.05,4.297173,1592,0.0,0,0,,
30879295,EuroLeague,2026-09-12T01:40:04.181271Z,75,165.5,165.0,under,4.2,3.95,4.297173,1592,0.0,0,0,,
30879292,EuroLeague,2026-09-12T01:40:04.414210Z,75,164.5,166.0,over,4.3,3.55,4.297173,1592,0.0,0,0,,
30879293,EuroLeague,2026-09-12T01:40:04.654196Z,75,205.5,203.0,under,5.3,4.65,4.297173,1592,0.0,0,1,,1
30879294,EuroLeague,2026-09-12T01:40:04.894558Z,75,157.5,151.0,under,4.0,3.75,4.297173,1592,0.0,0,0,,
30879391,TBSL,2026-09-12T01:55:35.357803Z,75,146.5,133.0,under,3.7377,3.4211,4.155499,1782,0.0,0,0,,
30879392,TBSL,2026-09-12T01:55:35.668814Z,75,200.5,194.0,under,5.3115,4.0526,4.155499,1782,0.0,0,0,,
30879393,TBSL,2026-09-12T01:55:36.038376Z,75,175.5,179.0,over,4.4918,4.0526,4.155499,1782,0.0,0,0,,
30879394,TBSL,2026-09-12T01:55:36.387946Z,75,190.5,194.0,over,5.0164,3.9474,4.155499,1782,0.0,0,0,,
30879395,TBSL,2026-09-12T01:55:36.699817Z,75,134.5,137.0,over,3.377,3.3158,4.155499,1782,0.0,0,0,,
30879396,TBSL,2026-09-12T01:55:37.005211Z,75,162.5,174.0,over,4.1967,3.6316,4.155499,1782,0.0,0,0,,
30879397,TBSL,2026-09-12T01:55:37.345022Z,75,184.5,192.0,over,4.8525,3.8421,4.155499,1782,0.0,0,0,,
30879483,CBA,2026-09-12T02:09:12.592626Z,75,180.5,186.0,over,4.623,4.1579,4.44237,924,0.0,0,0,,
30879480,CBA,2026-09-12T02:09:13.046751Z,75,200.5,201.0,over,5.2131,4.3684,4.44237,924,0.0,0,0,,
30879481,CBA,2026-09-12T02:09:13.425250Z,75,217.5,219.0,over,5.7049,4.5789,4.44237,924,0.0,0,0,,
30879484,CBA,2026-09-12T02:09:14.594016Z,75,170.5,167.0,under,4.2623,4.2632,4.44237,924,0.0,0,0,,
30879496,KBL,2026-09-12T02:12:13.110657Z,75,160.5,158.0,under,4.2,3.45,3.885757,1083,0.0,0,0,,
30879497,KBL,2026-09-12T02:12:13.432297Z,75,149.5,154.0,over,3.8333,3.45,3.885757,1083,0.0,0,0,,
30879498,KBL,2026-09-12T02:12:13.800092Z,75,164.5,164.0,under,4.2667,3.65,3.885757,1083,0.0,0,0,,
30879499,KBL,2026-09-12T02:12:14.223091Z,75,153.5,151.0,under,4.0,3.35,3.885757,1083,0.0,0,0,,
30879500,KBL,2026-09-12T02:12:14.564865Z,75,173.5,178.0,over,4.4667,3.95,3.885757,1083,0.0,0,0,,
30879468,NBA,2026-09-12T02:13:32.486473Z,75,213.5,214.0,over,5.3667,5.25,5.635057,2262,3.9,0,0,,
30879469,NBA,2026-09-12T02:13:32.848061Z,75,230.5,223.0,under,6.0,5.05,5.635057,2262,4.2,0,0,,
30879470,NBA,2026-09-12T02:13:33.212868Z,75,226.5,235.0,over,5.8333,5.15,5.635057,2262,19.2,0,0,,
30879471,NBA,2026-09-12T02:13:33.599218Z,75,247.5,254.0,over,6.4667,5.35,5.635057,2262,20.1,0,0,,
30879472,NBA,2026-09-12T02:13:33.968540Z,75,219.5,227.0,over,5.6667,4.95,5.635057,2262,19.4,0,0,,
30879473,NBA,2026-09-12T02:13:34.410811Z,75,212.5,215.0,over,5.6333,4.35,5.635057,2262,2.9,0,0,,
30879474,NBA,2026-09-12T02:13:34.761489Z,75,209.5,196.0,under,5.2333,5.25,5.635057,2262,6.2,0,0,,
30879475,NBA,2026-09-12T02:13:35.117767Z,75,230.5,238.0,over,5.9333,5.25,5.635057,2262,6.6,0,0,,
30879476,NBA,2026-09-12T02:13:35.482101Z,75,230.5,230.0,under,5.9333,5.25,5.635057,2262,7.0,0,0,,
30879477,NBA,2026-09-12T02:13:35.833658Z,75,215.5,218.0,over,5.7,4.45,5.635057,2262,7.5,0,0,,
30879478,NBA,2026-09-12T02:13:36.165178Z,75,231.5,229.0,under,6.0333,5.05,5.635057,2262,7.6,0,0,,
30879479,NBA,2026-09-12T02:13:36.503378Z,75,217.5,226.0,over,5.7667,4.45,5.635057,2262,8.2,0,0,,
30879553,EuroLeague,2026-09-12T02:20:35.228467Z,75,144.5,152.0,over,3.7705,3.1053,4.297875,1600,43.6,0,0,,
30879554,EuroLeague,2026-09-12T02:20:35.514485Z,75,198.5,189.0,under,5.082,4.5789,4.297875,1600,43.6,0,1,,1
30879556,EuroLeague,2026-09-12T02:20:42.943115Z,75,197.5,195.0,under,5.1803,4.1579,4.297875,1600,51.4,0,0,,
30879557,EuroLeague,2026-09-12T02:20:43.279222Z,75,183.5,182.0,under,4.7869,3.9474,4.297875,1600,51.6,0,0,,
30879558,EuroLeague,2026-09-12T02:20:43.574087Z,75,211.5,211.0,under,5.6721,4.0526,4.297875,1600,51.7,0,0,,
30879559,EuroLeague,2026-09-12T02:20:43.873183Z,75,164.5,166.0,over,4.2295,3.7368,4.297875,1600,52.4,0,0,,
30879561,EuroLeague,2026-09-12T02:20:50.956751Z,75,154.5,158.0,over,4.0328,3.3158,4.297875,1600,59.1,0,0,,
30879639,TBSL,2026-09-12T02:35:09.302624Z,75,162.5,145.0,under,4.2,3.65,4.156051,1789,0.0,0,0,,
30879636,TBSL,2026-09-12T02:35:09.670404Z,75,174.5,176.0,over,4.4667,4.05,4.156051,1789,0.0,0,0,,
30879637,TBSL,2026-09-12T02:35:10.064785Z,75,175.5,173.0,under,4.5667,3.85,4.156051,1789,0.0,0,0,,
30879642,TBSL,2026-09-12T02:35:10.383773Z,75,179.5,186.0,over,4.7,3.85,4.156051,1789,0.0,0,0,,
30879641,TBSL,2026-09-12T02:35:10.759466Z,75,170.5,179.0,over,4.4333,3.75,4.156051,1789,0.0,0,0,,
30879643,TBSL,2026-09-12T02:35:12.102162Z,75,173.5,163.0,under,4.6,3.55,4.156051,1789,0.0,0,0,,
30879640,TBSL,2026-09-12T02:35:27.801306Z,75,186.5,187.0,over,5.0667,3.45,4.156051,1789,5.7,0,0,,
30879687,CBA,2026-09-12T02:48:25.896442Z,75,187.5,184.0,under,4.9333,3.95,4.444046,928,0.0,0,0,,
30879689,CBA,2026-09-12T02:48:26.300217Z,75,173.5,175.0,over,4.5,3.85,4.444046,928,0.0,0,0,,
30879690,CBA,2026-09-12T02:48:26.817229Z,75,158.5,156.0,under,4.0667,3.65,4.444046,928,0.0,0,0,,
30879686,CBA,2026-09-12T02:49:05.854488Z,75,172.5,166.0,under,4.4298,3.9487,4.444046,928,25.8,0,0,,
30879688,CBA,2026-09-12T02:49:06.535917Z,75,175.5,169.0,under,4.5289,3.9487,4.444046,928,26.4,0,0,,
30879703,KBL,2026-09-12T02:52:43.022239Z,75,147.5,150.0,over,3.7,3.65,3.886397,1088,42.3,0,0,,
30879704,KBL,2026-09-12T02:52:43.348130Z,75,167.5,165.0,under,4.2667,3.95,3.886397,1088,42.6,0,0,,
30879705,KBL,2026-09-12T02:52:43.749689Z,75,176.5,170.0,under,4.5667,3.95,3.886397,1088,43.0,0,0,,
30879706,KBL,2026-09-12T02:52:44.183775Z,75,145.5,144.0,under,3.8333,3.05,3.886397,1088,48.4,0,0,,
30879707,KBL,2026-09-12T02:52:44.501116Z,75,162.5,167.0,over,4.2,3.65,3.886397,1088,43.8,0,0,,
30879726,EuroLeague,2026-09-12T03:00:23.895940Z,75,166.5,157.0,under,4.3967,3.4359,4.298647,1607,0.0,0,0,,
30879722,EuroLeague,2026-09-12T03:00:24.128775Z,75,165.5,155.0,under,4.2314,3.8462,4.298647,1607,0.0,0,0,,
30879725,EuroLeague,2026-09-12T03:00:24.366904Z,75,172.5,170.0,under,4.4628,3.8462,4.298647,1607,0.0,0,0,,
30879727,EuroLeague,2026-09-12T03:00:24.607653Z,75,154.5,156.0,over,3.9008,3.7436,4.298647,1607,0.0,0,0,,
30879729,EuroLeague,2026-09-12T03:00:24.844189Z,75,183.5,179.0,under,4.6942,4.2564,4.298647,1607,0.0,0,0,,
30879728,EuroLeague,2026-09-12T03:00:25.083024Z,75,199.5,193.0,under,5.0909,4.6667,4.298647,1607,0.0,0,1,,1
30879730,EuroLeague,2026-09-12T03:00:25.321507Z,75,186.5,194.0,over,4.8595,4.0513,4.298647,1607,0.0,0,0,,
30879708,NBA,2026-09-12T03:01:30.035661Z,75,231.5,231.0,under,5.9667,5.25,5.635059,2274,4.0,0,0,,
30879709,NBA,2026-09-12T03:01:30.352430Z,75,197.5,196.0,under,5.0667,4.55,5.635059,2274,4.6,0,0,,
30879710,NBA,2026-09-12T03:01:30.647683Z,75,214.5,206.0,under,5.5,4.95,5.635059,2274,4.9,0,0,,
30879711,NBA,2026-09-12T03:01:30.920503Z,75,210.5,211.0,over,5.4667,4.65,5.635059,2274,4.8,0,0,,
30879712,NBA,2026-09-12T03:01:31.202869Z,75,225.5,224.0,under,5.8667,4.95,5.635059,2274,5.2,0,0,,
30879713,NBA,2026-09-12T03:01:31.501525Z,75,219.5,234.0,over,5.7333,4.75,5.635059,2274,5.4,0,0,,
30879714,NBA,2026-09-12T03:01:31.848690Z,75,217.5,230.0,over,5.6,4.95,5.635059,2274,6.2,0,0,,
30879715,NBA,2026-09-12T03:01:32.207015Z,75,237.5,246.0,over,6.2,5.15,5.635059,2274,15.0,0,0,,
30879716,NBA,2026-09-12T03:01:32.515419Z,75,227.5,222.0,under,5.9333,4.95,5.635059,2274,14.9,0,0,,
30879717,NBA,2026-09-12T03:01:32.864190Z,75,263.5,271.0,over,6.9667,5.45,5.635059,2274,6.8,0,0,,
30879718,NBA,2026-09-12T03:01:33.199782Z,75,191.5,201.0,over,4.8,4.75,5.635059,2274,14.9,0,0,,
30879719,NBA,2026-09-12T03:01:33.550822Z,75,228.5,221.0,under,6.0,4.85,5.635059,2274,14.9,0,0,,
30879808,TBSL,2026-09-12T03:16:07.388054Z,75,148.5,152.0,over,3.7742,3.5,4.156775,1797,0.0,0,0,,
30879809,TBSL,2026-09-12T03:16:07.629239Z,75,166.5,167.0,over,4.2258,3.9444,4.156775,1797,0.0,0,0,,
30879810,TBSL,2026-09-12T03:16:07.876257Z,75,183.5,177.0,under,4.8387,3.7222,4.156775,1797,0.0,0,0,,
30879811,TBSL,2026-09-12T03:16:08.129073Z,75,142.5,146.0,over,3.5484,3.6111,4.156775,1797,0.0,0,0,,
30879812,TBSL,2026-09-12T03:16:08.391413Z,75,149.5,156.0,over,3.8387,3.3889,4.156775,1797,0.0,0,0,,
30879813,TBSL,2026-09-12T03:16:08.700816Z,75,159.5,172.0,over,4.0645,3.7222,4.156775,1797,0.0,0,0,,
30879814,TBSL,2026-09-12T03:16:08.962084Z,75,181.5,186.0,over,4.8065,3.6111,4.156775,1797,0.0,0,0,,
30879815,TBSL,2026-09-12T03:16:09.199710Z,75,178.5,181.0,over,4.6774,3.7222,4.156775,1797,0.0,0,0,,
30879837,CBA,2026-09-12T03:28:58.552830Z,75,158.5,162.0,over,4.1,3.55,4.443006,933,31.2,0,0,,
30879838,CBA,2026-09-12T03:28:58.936051Z,75,174.5,169.0,under,4.7,3.35,4.443006,933,33.4,0,0,,
30879840,CBA,2026-09-12T03:29:06.106630Z,75,181.5,181.0,under,4.7667,3.85,4.443006,933,38.8,0,0,,
30879841,CBA,2026-09-12T03:29:06.468322Z,75,168.5,174.0,over,4.4333,3.55,4.443006,933,40.9,0,0,,
30871945,CYBER,2026-09-12T03:30:51.271513Z,75,193.5,201.0,over,3.8333,4.625,4.454039,393,0.0,1,0,0,
30879864,KBL,2026-09-12T03:32:29.816993Z,75,165.5,176.0,over,4.3636,3.4359,3.886825,1093,0.0,0,0,,
30879863,KBL,2026-09-12T03:32:30.138907Z,75,176.5,176.0,under,4.5289,4.0513,3.886825,1093,0.0,0,1,,1
30879866,KBL,2026-09-12T03:32:31.016398Z,75,139.5,123.0,under,3.6033,3.1282,3.886825,1093,0.0,0,0,,
30879867,KBL,2026-09-12T03:32:31.304787Z,75,131.5,137.0,over,3.2397,3.4359,3.886825,1093,0.0,0,0,,
30879897,EuroLeague,2026-09-12T03:40:12.443608Z,75,145.5,146.0,over,3.7667,3.25,4.298652,1614,10.7,0,0,,
30879898,EuroLeague,2026-09-12T03:40:12.904567Z,75,175.5,176.0,over,4.5667,3.85,4.298652,1614,10.8,0,0,,
30879900,EuroLeague,2026-09-12T03:40:20.997985Z,75,161.5,158.0,under,4.1667,3.65,4.298652,1614,7.2,0,0,,
30879901,EuroLeague,2026-09-12T03:40:21.289830Z,75,160.5,158.0,under,3.9667,4.15,4.298652,1614,7.5,0,0,,
30879903,EuroLeague,2026-09-12T03:40:28.553638Z,75,177.5,169.0,under,4.3,4.85,4.298652,1614,14.8,0,1,,1
30879904,EuroLeague,2026-09-12T03:40:29.042542Z,75,180.5,171.0,under,4.8,3.65,4.298652,1614,26.9,0,0,,
30879905,EuroLeague,2026-09-12T03:40:29.381096Z,75,172.5,172.0,under,4.5,3.75,4.298652,1614,16.0,0,0,,
30879906,EuroLeague,2026-09-12T03:40:29.716640Z,75,164.5,157.0,under,4.1,4.15,4.298652,1614,16.0,0,0,,
30879911,NBA,2026-09-12T03:49:27.377844Z,75,216.5,236.0,over,5.5667,4.95,5.63493,2286,0.0,0,0,,
30879914,NBA,2026-09-12T03:49:28.663837Z,75,211.5,217.0,over,5.4,4.95,5.63493,2286,0.0,0,0,,
30879908,NBA,2026-09-12T03:50:13.682128Z,75,209.5,220.0,over,5.6,4.15,5.63493,2286,17.4,0,0,,
30879909,NBA,2026-09-12T03:50:14.057105Z,75,239.5,250.0,over,6.3333,4.95,5.63493,2286,21.1,0,0,,
30879910,NBA,2026-09-12T03:50:14.377070Z,75,217.5,214.0,under,5.8,4.35,5.63493,2286,27.6,0,0,,
30879912,NBA,2026-09-12T03:50:14.921922Z,75,214.5,233.0,over,5.8,4.05,5.63493,2286,26.6,0,0,,
30879913,NBA,2026-09-12T03:50:15.183768Z,75,223.5,234.0,over,5.9333,4.55,5.63493,2286,23.7,0,0,,
30879915,NBA,2026-09-12T03:50:15.734254Z,75,197.5,187.0,under,5.1,4.45,5.63493,2286,19.5,0,0,,
30879916,NBA,2026-09-12T03:50:16.005734Z,75,231.5,243.0,over,6.1333,4.75,5.63493,2286,38.6,0,0,,
30879917,NBA,2026-09-12T03:50:16.271517Z,75,248.5,248.0,under,6.5333,5.25,5.63493,2286,48.1,0,0,,
30879918,NBA,2026-09-12T03:50:16.544845Z,75,204.5,209.0,over,5.2333,4.75,5.63493,2286,34.5,0,0,,
30879919,NBA,2026-09-12T03:50:16.819574Z,75,221.5,222.0,over,5.8333,4.65,5.63493,2286,40.6,0,0,,
30879956,TBSL,2026-09-12T03:55:05.158805Z,75,173.5,161.0,under,4.5,3.85,4.15687,1805,0.0,0,0,,
30879957,TBSL,2026-09-12T03:55:05.467478Z,75,188.5,186.0,under,4.9,4.15,4.15687,1805,0.0,0,0,,
30879958,TBSL,2026-09-12T03:55:05.793439Z,75,170.5,171.0,over,4.6333,3.15,4.15687,1805,0.0,0,0,,
30879959,TBSL,2026-09-12T03:55:06.119217Z,75,131.5,134.0,over,3.3,3.25,4.15687,1805,0.0,0,0,,
30879960,TBSL,2026-09-12T03:55:06.477249Z,75,180.5,192.0,over,4.7,3.95,4.15687,1805,0.0,0,0,,
30879961,TBSL,2026-09-12T03:55:06.829683Z,75,155.5,157.0,over,4.0333,3.45,4.15687,1805,0.0,0,0,,
30879962,TBSL,2026-09-12T03:55:07.224978Z,75,143.5,149.0,over,3.5667,3.65,4.15687,1805,0.0,0,0,,
30879963,TBSL,2026-09-12T03:55:07.604296Z,75,149.5,147.0,under,3.8333,3.45,4.15687,1805,0.0,0,0,,
30880003,CBA,2026-09-12T04:08:47.975576Z,75,188.5,194.0,over,4.9917,3.8462,4.442343,937,0.0,0,0,,
30880005,CBA,2026-09-12T04:08:48.323238Z,75,192.5,201.0,over,5.124,3.8462,4.442343,937,0.0,0,0,,
30880007,CBA,2026-09-12T04:08:48.727771Z,75,159.5,151.0,under,4.0992,3.641,4.442343,937,0.0,0,0,,
30880019,KBL,2026-09-12T04:13:02.572393Z,75,155.5,155.0,under,4.1983,2.9231,3.8866,1097,42.8,0,0,,
30880020,KBL,2026-09-12T04:13:03.022257Z,75,151.5,141.0,under,3.9339,3.3333,3.8866,1097,52.0,0,0,,
30880021,KBL,2026-09-12T04:13:03.345403Z,75,142.5,152.0,over,3.7355,3.0256,3.8866,1097,45.4,0,0,,
30880022,KBL,2026-09-12T04:13:03.708454Z,75,163.5,160.0,under,4.2314,3.641,3.8866,1097,45.8,0,0,,
30880023,KBL,2026-09-12T04:13:04.136321Z,75,163.5,170.0,over,4.2314,3.641,3.8866,1097,44.4,0,0,,
30880045,EuroLeague,2026-09-12T04:20:47.701537Z,75,169.5,164.0,under,4.3279,3.9474,4.297596,1622,59.2,0,0,,
30880046,EuroLeague,2026-09-12T04:20:48.070843Z,75,184.5,181.0,under,4.7869,4.0526,4.297596,1622,46.4,0,0,,
30880047,EuroLeague,2026-09-12T04:20:48.361101Z,75,173.5,186.0,over,4.623,3.4211,4.297596,1622,57.2,0,0,,
30880048,EuroLeague,2026-09-12T04:20:48.661942Z,75,179.5,188.0,over,4.6557,3.9474,4.297596,1622,46.5,0,0,,
30880049,EuroLeague,2026-09-12T04:20:49.016035Z,75,179.5,170.0,under,4.623,4.0526,4.297596,1622,47.4,0,0,,
30880050,EuroLeague,2026-09-12T04:20:49.358031Z,75,180.5,179.0,under,4.6885,3.9474,4.297596,1622,47.6,0,0,,
30880104,TBSL,2026-09-12T04:35:11.141542Z,75,165.5,155.0,under,4.3667,3.45,4.156412,1813,49.7,0,0,,
30880105,TBSL,2026-09-12T04:35:11.508640Z,75,111.5,114.0,over,2.7333,2.95,4.156412,1813,53.5,0,0,,
30880106,TBSL,2026-09-12T04:35:11.919617Z,75,164.5,160.0,under,4.3333,3.45,4.156412,1813,40.5,0,0,,
30880107,TBSL,2026-09-12T04:35:12.270299Z,75,164.5,161.0,under,4.3333,3.45,4.156412,1813,50.8,0,0,,
30880109,TBSL,2026-09-12T04:35:12.855031Z,75,145.5,143.0,under,3.7667,3.25,4.156412,1813,54.6,0,0,,
30880110,TBSL,2026-09-12T04:35:13.207010Z,75,153.5,141.0,under,4.0,3.35,4.156412,1813,55.0,0,0,,
30880089,NBA,2026-09-12T04:37:29.412827Z,75,220.5,224.0,over,5.8333,4.55,5.63502,2298,5.5,0,0,,
30880090,NBA,2026-09-12T04:37:29.722780Z,75,247.5,261.0,over,6.3,5.85,5.63502,2298,6.5,0,0,,
30880091,NBA,2026-09-12T04:37:30.098391Z,75,222.5,224.0,over,5.8,4.85,5.63502,2298,6.7,0,0,,
30880092,NBA,2026-09-12T04:37:30.385318Z,75,225.5,222.0,under,5.8667,4.95,5.63502,2298,6.5,0,0,,
30880093,NBA,2026-09-12T04:37:30.728101Z,75,202.5,192.0,under,5.1333,4.85,5.63502,2298,7.3,0,0,,
30880094,NBA,2026-09-12T04:37:31.102536Z,75,206.5,195.0,under,5.2,5.05,5.63502,2298,7.4,0,0,,
30880095,NBA,2026-09-12T04:37:31.419770Z,75,219.5,215.0,under,5.5,5.45,5.63502,2298,7.5,0,0,,
30880096,NBA,2026-09-12T04:37:31.790251Z,75,211.5,211.0,under,5.3667,5.05,5.63502,2298,8.6,0,0,,
30880097,NBA,2026-09-12T04:37:32.130351Z,75,208.5,193.0,under,5.3,4.95,5.63502,2298,20.1,0,0,,
30880098,NBA,2026-09-12T04:37:32.532274Z,75,240.5,238.0,under,6.3333,5.05,5.63502,2298,8.9,0,0,,
30880099,NBA,2026-09-12T04:37:32.923702Z,75,183.5,168.0,under,4.5,4.85,5.63502,2298,9.2,0,0,,
30880100,NBA,2026-09-12T04:37:33.371854Z,75,204.5,213.0,over,5.1333,5.05,5.63502,2298,19.8,0,0,,
30880168,CBA,2026-09-12T04:48:40.193975Z,75,187.5,175.0,under,4.8264,4.2564,4.442686,940,0.0,0,0,,
30880165,CBA,2026-09-12T04:48:49.671581Z,75,147.5,146.0,under,3.7377,3.5263,4.442686,940,0.0,0,0,,
30880167,CBA,2026-09-12T04:48:49.935027Z,75,181.5,184.0,over,4.7213,3.9474,4.442686,940,0.0,0,0,,
30880166,CBA,2026-09-12T04:48:50.402726Z,75,184.5,190.0,over,4.7869,4.0526,4.442686,940,0.0,0,0,,
30871994,CYBER,2026-09-12T04:53:48.714812Z,75,208.5,213.0,over,4.2778,4.5417,4.453586,395,0.0,1,0,0,
30871996,CYBER,2026-09-12T05:08:10.497671Z,75,205.5,206.0,over,4.2222,4.4583,4.453546,396,1.0,1,0,0,
30880273,TBSL,2026-09-12T05:15:01.656458Z,75,171.5,174.0,over,4.5,3.65,4.154714,1819,2.2,0,0,,
30880274,TBSL,2026-09-12T05:15:01.931284Z,75,171.5,178.0,over,4.5,3.65,4.154714,1819,30.0,0,0,,
30880275,TBSL,2026-09-12T05:15:02.212465Z,75,181.5,181.0,under,4.8,3.75,4.154714,1819,12.3,0,0,,
30880276,TBSL,2026-09-12T05:15:02.551696Z,75,169.5,174.0,over,4.3667,3.85,4.154714,1819,3.1,0,0,,
30880277,TBSL,2026-09-12T05:15:02.986208Z,75,153.5,156.0,over,4.0,3.35,4.154714,1819,13.1,0,0,,
30880278,TBSL,2026-09-12T05:15:03.309752Z,75,144.5,139.0,under,3.5667,3.75,4.154714,1819,13.4,0,0,,
30880279,TBSL,2026-09-12T05:15:03.611874Z,75,178.5,188.0,over,4.6667,3.85,4.154714,1819,4.2,0,0,,
30880318,CBA,2026-09-12T05:28:28.414489Z,75,173.5,167.0,under,4.5,3.85,4.442267,944,0.0,0,0,,
30880321,CBA,2026-09-12T05:28:28.730164Z,75,175.5,181.0,over,4.7333,3.35,4.442267,944,0.0,0,0,,
30880319,CBA,2026-09-12T05:28:29.055569Z,75,199.5,195.0,under,5.3,4.05,4.442267,944,0.0,0,0,,
30880322,CBA,2026-09-12T05:28:29.373775Z,75,172.5,173.0,over,4.4667,3.85,4.442267,944,0.0,0,0,,
30880354,KBL,2026-09-12T05:37:32.091195Z,75,195.5,193.0,under,5.0213,3.8947,3.886615,1102,0.0,0,0,,
30880352,KBL,2026-09-12T05:37:32.710733Z,75,136.5,131.0,under,3.3759,3.6842,3.886615,1102,0.0,0,0,,
30880353,KBL,2026-09-12T05:37:34.007587Z,75,178.5,174.0,under,4.6,3.5,3.886615,1102,0.0,0,0,,
30880355,KBL,2026-09-12T05:37:34.586029Z,75,168.5,162.0,under,4.3143,3.5,3.886615,1102,0.0,0,0,,
30880423,EuroLeague,2026-09-12T05:40:53.334984Z,75,180.5,174.0,under,4.6829,3.9459,4.298157,1628,0.0,0,0,,
30880424,EuroLeague,2026-09-12T05:40:53.595202Z,75,177.5,192.0,over,4.6829,3.6216,4.298157,1628,0.0,0,0,,
30880425,EuroLeague,2026-09-12T05:40:53.837535Z,75,164.5,154.0,under,4.1626,3.9459,4.298157,1628,0.0,0,0,,
30880427,EuroLeague,2026-09-12T05:40:54.116088Z,75,183.5,193.0,over,4.813,3.8378,4.298157,1628,0.0,0,0,,
30880429,EuroLeague,2026-09-12T05:40:54.486028Z,75,180.5,184.0,over,4.7154,3.8378,4.298157,1628,0.0,0,0,,
30880431,EuroLeague,2026-09-12T05:40:55.118915Z,75,173.5,171.0,under,4.4553,3.9459,4.298157,1628,0.0,0,0,,
30880433,EuroLeague,2026-09-12T05:40:55.598542Z,75,164.5,169.0,over,4.2927,3.5135,4.298157,1628,0.0,0,0,,
30880524,TBSL,2026-09-12T05:56:27.362362Z,75,185.5,171.0,under,4.768,4.1714,4.155079,1826,50.0,0,0,,
30880525,TBSL,2026-09-12T05:56:27.630907Z,75,188.5,185.0,under,4.736,4.6286,4.155079,1826,45.6,0,1,,1
30880526,TBSL,2026-09-12T05:56:27.922909Z,75,160.5,159.0,under,4.096,3.7143,4.155079,1826,25.2,0,0,,
30880527,TBSL,2026-09-12T05:56:28.211142Z,75,172.5,187.0,over,4.416,3.9429,4.155079,1826,25.5,0,0,,
30880529,TBSL,2026-09-12T05:56:28.905552Z,75,149.5,150.0,over,3.808,3.4857,4.155079,1826,21.3,0,0,,
30880530,TBSL,2026-09-12T05:56:29.168113Z,75,178.5,180.0,over,4.768,3.3714,4.155079,1826,23.2,0,0,,
30880531,TBSL,2026-09-12T05:56:29.421498Z,75,149.5,153.0,over,3.808,3.4857,4.155079,1826,21.8,0,0,,
30880684,CBA,2026-09-12T06:08:37.734650Z,75,188.5,188.0,under,4.9333,4.05,4.442405,948,0.0,0,0,,
30880685,CBA,2026-09-12T06:08:38.122844Z,75,164.5,173.0,over,4.2975,3.5385,4.442405,948,0.0,0,0,,
30880686,CBA,2026-09-12T06:08:38.500415Z,75,175.5,174.0,under,4.6667,3.55,4.442405,948,0.0,0,0,,
30880688,CBA,2026-09-12T06:08:38.923352Z,75,162.5,165.0,over,4.0661,4.0513,4.442405,948,0.0,0,0,,
30880715,KBL,2026-09-12T06:12:37.649955Z,75,157.5,155.0,under,4.0667,3.55,3.887477,1106,0.0,0,0,,
30880716,KBL,2026-09-12T06:12:38.088539Z,75,151.5,142.0,under,4.0333,3.05,3.887477,1106,0.0,0,0,,
30880717,KBL,2026-09-12T06:12:38.416964Z,75,132.5,138.0,over,3.3333,3.25,3.887477,1106,0.0,0,0,,
30880718,KBL,2026-09-12T06:12:38.765817Z,75,152.5,160.0,over,3.9,3.55,3.887477,1106,0.0,0,0,,
30880719,KBL,2026-09-12T06:12:39.228047Z,75,140.5,142.0,over,3.7,2.95,3.887477,1106,0.0,0,0,,
30880672,NBA,2026-09-12T06:13:50.447228Z,75,233.5,221.0,under,6.0667,5.15,5.633409,2310,14.6,0,0,,
30880673,NBA,2026-09-12T06:13:50.720389Z,75,209.5,209.0,under,5.4667,4.55,5.633409,2310,20.9,0,0,,
30880674,NBA,2026-09-12T06:13:50.980001Z,75,231.5,223.0,under,6.0667,4.95,5.633409,2310,21.2,0,0,,
30880675,NBA,2026-09-12T06:13:51.267996Z,75,250.5,249.0,under,6.6333,5.15,5.633409,2310,21.5,0,0,,
30880676,NBA,2026-09-12T06:13:51.534256Z,75,226.5,224.0,under,6.0,4.65,5.633409,2310,21.5,0,0,,
30880677,NBA,2026-09-12T06:13:51.821962Z,75,219.5,224.0,over,5.7,4.85,5.633409,2310,16.0,0,0,,
30880678,NBA,2026-09-12T06:13:52.117660Z,75,223.5,218.0,under,5.8,4.95,5.633409,2310,32.9,0,0,,
30880679,NBA,2026-09-12T06:13:52.391376Z,75,227.5,226.0,under,5.8667,5.15,5.633409,2310,22.3,0,0,,
30880680,NBA,2026-09-12T06:13:52.680920Z,75,244.5,234.0,under,6.3333,5.45,5.633409,2310,22.9,0,0,,
30880681,NBA,2026-09-12T06:13:52.999500Z,75,243.5,250.0,over,6.3667,5.25,5.633409,2310,17.1,0,0,,
30880682,NBA,2026-09-12T06:13:53.296982Z,75,229.5,236.0,over,6.1333,4.55,5.633409,2310,23.2,0,0,,
30880683,NBA,2026-09-12T06:13:53.635564Z,75,257.5,254.0,under,6.7667,5.45,5.633409,2310,17.8,0,0,,
30880750,EuroLeague,2026-09-12T06:20:14.528912Z,75,178.5,180.0,over,4.6,4.05,4.29867,1635,0.0,0,0,,
30880755,EuroLeague,2026-09-12T06:20:15.427330Z,75,181.5,184.0,over,4.8333,3.65,4.29867,1635,0.0,0,0,,
30880753,EuroLeague,2026-09-12T06:20:15.768901Z,75,166.5,171.0,over,4.3667,3.55,4.29867,1635,0.0,0,0,,
30880754,EuroLeague,2026-09-12T06:20:16.112421Z,75,156.5,168.0,over,3.8667,4.05,4.29867,1635,0.0,0,0,,
30880756,EuroLeague,2026-09-12T06:20:16.786230Z,75,197.5,197.0,under,5.1333,4.35,4.29867,1635,0.0,0,0,,
30880757,EuroLeague,2026-09-12T06:20:17.121800Z,75,192.5,197.0,over,5.1667,3.75,4.29867,1635,0.0,0,0,,
30880870,TBSL,2026-09-12T06:35:06.618342Z,75,190.5,190.0,under,5.0,4.05,4.155374,1833,14.1,0,0,,
30880871,TBSL,2026-09-12T06:35:06.991411Z,75,199.5,202.0,over,5.2667,4.15,4.155374,1833,19.2,0,0,,
30880872,TBSL,2026-09-12T06:35:07.339390Z,75,175.5,170.0,under,4.5333,3.95,4.155374,1833,19.6,0,0,,
30880873,TBSL,2026-09-12T06:35:07.718357Z,75,142.5,149.0,over,3.6667,3.25,4.155374,1833,15.2,0,0,,
30880874,TBSL,2026-09-12T06:35:08.079082Z,75,165.5,171.0,over,4.3333,3.55,4.155374,1833,13.3,0,0,,
30880875,TBSL,2026-09-12T06:35:08.429018Z,75,156.5,159.0,over,4.0,3.65,4.155374,1833,15.9,0,0,,
30880876,TBSL,2026-09-12T06:35:08.785380Z,75,163.5,170.0,over,4.2,3.75,4.155374,1833,30.4,0,0,,
30880877,TBSL,2026-09-12T06:35:09.138888Z,75,146.5,150.0,over,3.6667,3.65,4.155374,1833,16.6,0,0,,
30880942,CBA,2026-09-12T06:50:42.525632Z,75,170.5,169.0,under,4.252,4.303,4.442122,952,6.4,0,0,,
30880943,CBA,2026-09-12T06:50:42.962060Z,75,183.5,179.0,under,4.7874,3.8182,4.442122,952,8.4,0,0,,
30880944,CBA,2026-09-12T06:50:43.386308Z,75,175.5,183.0,over,4.5039,3.9394,4.442122,952,5.6,0,0,,
30880945,CBA,2026-09-12T06:50:43.754225Z,75,189.5,202.0,over,4.9449,3.9394,4.442122,952,13.2,0,0,,
30880968,KBL,2026-09-12T06:52:40.994795Z,75,165.5,161.0,under,4.3,3.65,3.886566,1111,22.9,0,0,,
30880970,KBL,2026-09-12T06:52:41.653233Z,75,142.5,131.0,under,3.4667,3.85,3.886566,1111,10.7,0,0,,
30880971,KBL,2026-09-12T06:52:42.039516Z,75,151.5,151.0,under,3.9667,3.25,3.886566,1111,11.1,0,0,,
30880972,KBL,2026-09-12T06:52:42.373099Z,75,151.5,148.0,under,3.9667,3.25,3.886566,1111,24.2,0,0,,
30881014,EuroLeague,2026-09-12T07:00:13.799049Z,75,159.5,157.0,under,4.1,3.65,4.299665,1641,0.0,0,0,,
30881017,EuroLeague,2026-09-12T07:00:14.226618Z,75,147.5,145.0,under,3.6667,3.75,4.299665,1641,0.0,0,0,,
30881015,EuroLeague,2026-09-12T07:00:14.753655Z,75,198.5,191.0,under,5.2333,4.15,4.299665,1641,0.0,0,0,,
30881016,EuroLeague,2026-09-12T07:00:15.156311Z,75,158.5,143.0,under,4.0667,3.65,4.299665,1641,0.0,0,0,,
30881018,EuroLeague,2026-09-12T07:00:15.474017Z,75,169.5,164.0,under,4.3667,3.85,4.299665,1641,0.0,0,0,,
30881020,EuroLeague,2026-09-12T07:00:15.861221Z,75,173.5,171.0,under,4.6,3.55,4.299665,1641,0.0,0,0,,
30881019,EuroLeague,2026-09-12T07:00:16.193989Z,75,128.5,109.0,under,3.2667,3.05,4.299665,1641,0.0,0,0,,
30881022,EuroLeague,2026-09-12T07:00:16.540960Z,75,193.5,184.0,under,5.0667,4.15,4.299665,1641,0.0,0,0,,
30881021,EuroLeague,2026-09-12T07:00:16.882328Z,75,192.5,179.0,under,5.1,3.95,4.299665,1641,0.0,0,0,,
30881023,EuroLeague,2026-09-12T07:00:17.286544Z,75,183.5,177.0,under,4.7667,4.05,4.299665,1641,0.0,0,0,,
30880988,NBA,2026-09-12T07:01:41.400343Z,75,217.5,231.0,over,5.5667,5.05,5.634098,2322,0.0,0,0,,
30880989,NBA,2026-09-12T07:01:52.129385Z,75,215.5,214.0,under,5.5,5.05,5.634098,2322,0.0,0,0,,
30880995,NBA,2026-09-12T07:01:52.129385Z,75,243.5,235.0,under,6.4333,5.05,5.634098,2322,0.0,0,0,,
30880990,NBA,2026-09-12T07:03:03.984077Z,75,207.5,187.0,under,5.3333,4.75,5.634098,2322,20.8,0,0,,
30880991,NBA,2026-09-12T07:03:04.274887Z,75,232.5,207.0,under,6.1667,4.75,5.634098,2322,21.1,0,0,,
30880992,NBA,2026-09-12T07:03:04.565986Z,75,251.5,249.0,under,6.7333,4.95,5.634098,2322,26.4,0,0,,
30880993,NBA,2026-09-12T07:03:04.879763Z,75,256.5,251.0,under,6.7333,5.45,5.634098,2322,56.7,0,0,,
30880994,NBA,2026-09-12T07:03:05.163064Z,75,223.5,215.0,under,5.9667,4.45,5.634098,2322,17.3,0,0,,
30880996,NBA,2026-09-12T07:03:05.701314Z,75,226.5,224.0,under,6.1333,4.25,5.634098,2322,17.8,0,0,,
30880997,NBA,2026-09-12T07:03:06.020748Z,75,222.5,217.0,under,5.8,4.85,5.634098,2322,22.8,0,0,,
30880998,NBA,2026-09-12T07:03:06.329165Z,75,205.5,211.0,over,5.5667,3.85,5.634098,2322,23.1,0,0,,
30880999,NBA,2026-09-12T07:03:06.586826Z,75,216.5,214.0,under,5.7667,4.35,5.634098,2322,18.7,0,0,,
30876253,CYBER,2026-09-12T07:07:36.690435Z,75,195.5,195.0,under,3.9144,4.7004,4.453138,397,2.8,1,1,1,1
30881169,TBSL,2026-09-12T07:15:22.716907Z,75,153.5,149.0,under,3.9669,3.4359,4.155798,1841,16.5,0,0,,
30881170,TBSL,2026-09-12T07:15:23.014285Z,75,151.5,145.0,under,3.7355,3.9487,4.155798,1841,31.3,0,0,,
30881171,TBSL,2026-09-12T07:15:23.326623Z,75,186.5,191.0,over,4.8926,3.9487,4.155798,1841,25.1,0,0,,
30881172,TBSL,2026-09-12T07:15:23.662425Z,75,181.5,184.0,over,5.124,2.7179,4.155798,1841,30.1,0,0,,
30881174,TBSL,2026-09-12T07:15:24.160316Z,75,179.5,175.0,under,4.595,4.1538,4.155798,1841,23.1,0,0,,
30881175,TBSL,2026-09-12T07:15:24.408173Z,75,152.5,159.0,over,4.0,3.2308,4.155798,1841,31.1,0,0,,
30881241,CBA,2026-09-12T07:28:19.165751Z,75,189.5,193.0,over,5.0667,3.75,4.442704,956,0.0,0,0,,
30881242,CBA,2026-09-12T07:28:19.468521Z,75,201.5,209.0,over,5.3,4.25,4.442704,956,0.0,0,0,,
30881244,CBA,2026-09-12T07:28:19.755366Z,75,186.5,191.0,over,4.8333,4.15,4.442704,956,0.0,0,0,,
30881245,CBA,2026-09-12T07:28:49.243584Z,75,192.5,191.0,under,5.1,3.95,4.442704,956,21.6,0,0,,
30881281,KBL,2026-09-12T07:32:38.825659Z,75,161.5,168.0,over,4.1653,3.641,3.885874,1115,0.0,0,0,,
30881284,KBL,2026-09-12T07:32:39.481402Z,75,166.5,171.0,over,4.3306,3.641,3.885874,1115,0.0,0,0,,
30881282,KBL,2026-09-12T07:32:39.758935Z,75,148.5,155.0,over,3.9008,3.1282,3.885874,1115,0.0,0,0,,
30881283,KBL,2026-09-12T07:32:40.048171Z,75,158.5,161.0,over,4.1653,3.3333,3.885874,1115,0.0,0,0,,
30881321,EuroLeague,2026-09-12T07:40:32.763083Z,75,193.5,197.0,over,5.1148,3.9474,4.298153,1651,0.0,0,0,,
30881322,EuroLeague,2026-09-12T07:41:23.812801Z,75,203.5,197.0,under,5.216,4.6286,4.298153,1651,22.6,0,1,,1
30881323,EuroLeague,2026-09-12T07:41:24.165799Z,75,170.5,170.0,under,4.352,3.9429,4.298153,1651,18.2,0,0,,
30881324,EuroLeague,2026-09-12T07:41:24.457646Z,75,205.5,208.0,over,5.344,4.4,4.298153,1651,23.2,0,0,,
30881326,EuroLeague,2026-09-12T07:41:31.671266Z,75,131.5,145.0,over,3.36,3.0286,4.298153,1651,25.7,0,0,,
30881328,EuroLeague,2026-09-12T07:41:38.666449Z,75,146.5,158.0,over,3.712,3.4857,4.298153,1651,42.3,0,0,,
30881329,EuroLeague,2026-09-12T07:41:38.957917Z,75,157.5,162.0,over,4.064,3.4857,4.298153,1651,42.6,0,0,,
30881325,EuroLeague,2026-09-12T07:41:45.265560Z,75,154.5,153.0,under,3.937,3.5758,4.298153,1651,0.0,0,0,,
30876294,CYBER,2026-09-12T16:09:41.618615Z,75,246.5,245.0,under,5.1389,5.125,4.45224,400,40.1,0,1,,1
30876295,CYBER,2026-09-12T17:03:51.532659Z,75,287.5,287.0,under,6.11,5.6213,4.453865,401,0.0,0,1,,1
30876303,CYBER,2026-09-12T20:35:32.168650Z,75,234.5,233.0,under,5.0556,4.375,4.458282,403,0.6,0,0,,
30885454,EuroLeague,2026-09-12T21:03:21.555785Z,75,170.5,164.0,under,4.391,3.6296,4.298373,1659,0.0,0,0,,
30885455,EuroLeague,2026-09-12T21:03:31.542933Z,75,152.5,164.0,over,3.8209,3.7692,4.298373,1659,0.0,0,0,,
30885503,TBSL,2026-09-12T21:15:01.808455Z,75,186.5,194.0,over,4.9333,3.85,4.155874,1847,10.3,0,0,,
30885527,NBA,2026-09-12T21:30:34.163517Z,75,210.5,213.0,over,5.5758,3.7857,5.633569,2334,0.0,0,0,,
30885529,NBA,2026-09-12T21:31:09.182440Z,75,223.5,217.0,under,5.8507,4.2308,5.633569,2334,0.0,0,0,,
30885528,NBA,2026-09-12T21:31:20.654768Z,75,250.5,248.0,under,6.6074,4.4,5.633569,2334,1.9,0,0,,
30885530,NBA,2026-09-12T21:31:28.996686Z,75,218.5,223.0,over,5.6765,4.25,5.633569,2334,0.0,0,0,,
30885531,NBA,2026-09-12T21:31:37.557705Z,75,216.5,217.0,over,5.6471,4.0833,5.633569,2334,0.0,0,0,,
30885532,NBA,2026-09-12T21:32:08.431633Z,75,204.5,203.0,under,5.2464,4.2727,5.633569,2334,0.0,0,0,,
30885547,CBA,2026-09-12T21:35:01.080503Z,75,196.5,198.0,over,4.9863,4.1429,4.444609,960,0.0,0,0,,
30885548,CBA,2026-09-12T21:35:20.026623Z,75,182.5,180.0,under,4.6259,3.8462,4.444609,960,8.2,0,0,,
30885549,CBA,2026-09-12T21:35:53.757385Z,75,159.5,164.0,over,4.0268,3.4545,4.444609,960,9.6,0,0,,
30886679,KBL,2026-09-12T21:36:06.609112Z,75,131.5,130.0,under,3.2889,3.28,3.886741,1120,0.0,0,0,,
30886725,EuroLeague,2026-09-12T21:40:04.443681Z,75,173.5,172.0,under,4.6,3.55,4.298134,1661,15.7,0,0,,
30886727,EuroLeague,2026-09-12T21:40:05.070955Z,75,178.5,176.0,under,4.6,4.05,4.298134,1661,20.4,0,0,,
30886766,TBSL,2026-09-12T21:55:12.503396Z,75,159.5,152.0,under,4.1333,3.55,4.15625,1848,16.5,0,0,,
30886767,TBSL,2026-09-12T21:55:13.024603Z,75,166.5,178.0,over,4.3667,3.55,4.15625,1848,6.9,0,0,,
30876327,CYBER,2026-09-12T21:55:39.363350Z,75,222.5,209.0,under,4.5833,4.7917,4.459262,404,4.1,0,1,,1
30876328,CYBER,2026-09-12T21:55:39.871530Z,75,214.5,216.0,over,4.4167,4.625,4.459262,404,6.1,1,0,0,
30886830,CBA,2026-09-12T22:08:40.499016Z,75,130.5,143.0,over,3.4,2.85,4.444834,963,12.1,0,0,,
30886831,CBA,2026-09-12T22:08:41.080997Z,75,185.5,186.0,over,4.8,4.15,4.444834,963,12.7,0,0,,
30886832,CBA,2026-09-12T22:08:41.616946Z,75,171.5,172.0,over,4.4333,3.85,4.444834,963,15.3,0,0,,
30886823,NBA,2026-09-12T22:13:35.426980Z,75,225.5,230.0,over,6.0333,4.45,5.633237,2340,0.0,0,0,,
30886824,NBA,2026-09-12T22:13:46.465698Z,75,217.5,219.0,over,5.5667,5.05,5.633237,2340,2.4,0,0,,
30886825,NBA,2026-09-12T22:13:47.700588Z,75,251.5,253.0,over,6.6667,5.15,5.633237,2340,3.7,0,0,,
30886826,NBA,2026-09-12T22:13:48.511890Z,75,221.5,215.0,under,5.6333,5.25,5.633237,2340,9.0,0,0,,
30886827,NBA,2026-09-12T22:13:49.217212Z,75,260.5,270.0,over,7.0,5.05,5.633237,2340,6.1,0,0,,
30886828,NBA,2026-09-12T22:13:49.778394Z,75,243.5,232.0,under,6.4,5.15,5.633237,2340,5.8,0,0,,
30886878,EuroLeague,2026-09-12T22:20:12.609522Z,75,156.5,150.0,under,4.0333,3.55,4.298212,1664,24.6,0,0,,
30886879,EuroLeague,2026-09-12T22:20:13.029878Z,75,184.5,184.0,under,4.7,4.35,4.298212,1664,7.4,0,0,,
30886880,EuroLeague,2026-09-12T22:20:13.499797Z,75,138.5,142.0,over,3.4333,3.55,4.298212,1664,7.8,0,0,,
30886945,TBSL,2026-09-12T22:35:00.598649Z,75,158.5,162.0,over,4.1667,3.35,4.156216,1850,5.7,0,0,,
30886946,TBSL,2026-09-12T22:35:01.088573Z,75,165.5,162.0,under,4.4333,3.25,4.156216,1850,6.2,0,0,,
30886947,TBSL,2026-09-12T22:35:01.547838Z,75,172.5,183.0,over,4.5667,3.55,4.156216,1850,6.6,0,0,,
30886949,TBSL,2026-09-12T22:35:01.988482Z,75,174.5,183.0,over,4.5,3.95,4.156216,1850,3.1,0,0,,
30886950,TBSL,2026-09-12T22:35:02.547565Z,75,165.5,168.0,over,4.3667,3.45,4.156216,1850,14.1,0,0,,
30887004,CBA,2026-09-12T22:48:19.790983Z,75,178.5,185.0,over,4.5333,4.25,4.443996,966,11.3,0,0,,
30887006,CBA,2026-09-12T22:48:20.340154Z,75,165.5,160.0,under,4.0333,4.45,4.443996,966,30.9,1,0,1,
30887273,TBSL,2026-09-13T00:35:19.046879Z,75,158.5,165.0,over,4.0,3.85,4.156577,1855,10.1,0,0,,
30887274,TBSL,2026-09-13T00:35:54.432430Z,75,190.5,189.0,under,4.9431,4.1622,4.156577,1855,8.2,0,0,,
30887278,TBSL,2026-09-13T00:35:54.985703Z,75,170.5,166.0,under,4.4553,3.6216,4.156577,1855,12.6,0,0,,
30887243,NBA,2026-09-13T00:37:35.602264Z,75,284.5,287.0,over,7.5333,5.85,5.633951,2346,0.0,0,0,,
30887245,NBA,2026-09-13T00:37:51.748740Z,75,232.5,222.0,under,5.9333,5.45,5.633951,2346,0.0,0,0,,
30887247,NBA,2026-09-13T00:37:52.533402Z,75,204.5,202.0,under,5.3667,4.35,5.633951,2346,0.0,0,0,,
30887252,NBA,2026-09-13T00:37:53.480464Z,75,226.5,225.0,under,5.7667,5.35,5.633951,2346,0.0,0,0,,
30887249,NBA,2026-09-13T00:37:55.265793Z,75,216.5,202.0,under,5.6333,4.75,5.633951,2346,0.0,0,0,,
30887244,NBA,2026-09-13T00:38:04.239794Z,75,245.5,241.0,under,6.5667,4.85,5.633951,2346,2.5,0,0,,
30887246,NBA,2026-09-13T00:38:05.484497Z,75,211.5,207.0,under,5.3667,5.05,5.633951,2346,18.2,0,0,,
30887248,NBA,2026-09-13T00:38:06.582524Z,75,205.5,197.0,under,5.1,5.25,5.633951,2346,13.1,0,0,,
30887250,NBA,2026-09-13T00:38:07.950803Z,75,241.5,237.0,under,6.2333,5.45,5.633951,2346,6.0,0,0,,
30887251,NBA,2026-09-13T00:38:08.502933Z,75,235.5,244.0,over,6.3333,4.55,5.633951,2346,6.5,0,0,,
30887253,NBA,2026-09-13T00:38:09.820673Z,75,252.5,258.0,over,6.5667,5.55,5.633951,2346,8.1,0,0,,
30887254,NBA,2026-09-13T00:38:10.548938Z,75,209.5,215.0,over,5.3,5.05,5.633951,2346,23.2,0,0,,
30887317,CBA,2026-09-13T00:48:40.117859Z,75,173.5,164.0,under,4.3,4.45,4.443724,968,32.0,1,0,1,
30887318,CBA,2026-09-13T00:48:40.678709Z,75,161.5,153.0,under,4.2,3.55,4.443724,968,12.2,0,0,,
30887320,CBA,2026-09-13T00:48:41.398147Z,75,214.5,222.0,over,5.6333,4.55,4.443724,968,12.9,0,0,,
30887321,CBA,2026-09-13T00:48:42.061490Z,75,169.5,168.0,under,4.3333,3.95,4.443724,968,14.1,0,0,,
30887332,KBL,2026-09-13T00:52:19.300874Z,75,165.5,170.0,over,4.4,3.35,3.886173,1121,4.4,0,0,,
30887333,KBL,2026-09-13T00:52:19.805297Z,75,166.5,177.0,over,4.3667,3.55,3.886173,1121,27.9,0,0,,
30887334,KBL,2026-09-13T00:52:20.456377Z,75,151.5,153.0,over,3.9,3.45,3.886173,1121,5.6,0,0,,
30887345,EuroLeague,2026-09-13T01:00:04.866037Z,75,166.5,165.0,under,4.3,3.75,4.297615,1667,0.0,0,0,,
30887339,EuroLeague,2026-09-13T01:00:06.175596Z,75,176.5,170.0,under,4.4667,4.25,4.297615,1667,11.3,0,0,,
30887340,EuroLeague,2026-09-13T01:00:06.645511Z,75,148.5,164.0,over,3.7,3.75,4.297615,1667,10.8,0,0,,
30888243,NBA,2026-09-13T02:13:34.944208Z,75,235.5,244.0,over,6.0333,5.45,5.634298,2358,10.1,0,0,,
30888244,NBA,2026-09-13T02:13:35.378880Z,75,243.5,237.0,under,6.3667,5.25,5.634298,2358,20.5,0,0,,
30876345,CYBER,2026-09-13T02:46:18.622312Z,75,222.5,219.0,under,4.6793,4.4987,4.459547,412,0.6,0,0,,
30888434,CBA,2026-09-13T02:52:48.054751Z,75,156.5,157.0,over,3.971,3.5455,4.443621,972,0.0,0,0,,
30888435,CBA,2026-09-13T02:52:53.594076Z,75,187.5,193.0,over,4.8406,3.7273,4.443621,972,0.0,0,0,,
30888437,CBA,2026-09-13T02:53:32.592421Z,75,174.5,171.0,under,4.4604,3.7143,4.443621,972,15.7,0,0,,
30888436,CBA,2026-09-13T02:53:48.475857Z,75,132.5,133.0,over,3.3191,3.2632,4.443621,972,11.9,0,0,,
30888438,CBA,2026-09-13T02:53:49.252191Z,75,190.5,194.0,over,4.8794,3.8947,4.443621,972,8.3,0,0,,
30888451,KBL,2026-09-13T02:54:14.818423Z,75,140.5,142.0,over,3.5625,3.3125,3.886867,1125,0.0,0,0,,
30888477,EuroLeague,2026-09-13T03:00:14.060401Z,75,164.5,156.0,under,4.3667,3.35,4.297365,1670,0.0,0,0,,
30888473,EuroLeague,2026-09-13T03:00:20.268484Z,75,208.5,218.0,over,5.4,4.65,4.297365,1670,0.0,0,1,,0
30888472,EuroLeague,2026-09-13T03:00:36.472660Z,75,219.5,216.0,under,5.719,4.7692,4.297365,1670,12.2,0,1,,1
30888475,EuroLeague,2026-09-13T03:00:38.158390Z,75,144.5,142.0,under,3.7025,3.3333,4.297365,1670,26.4,0,0,,
30888476,EuroLeague,2026-09-13T03:00:39.306135Z,75,167.5,165.0,under,4.1653,4.2564,4.297365,1670,13.6,0,0,,
30888464,NBA,2026-09-13T03:01:46.172195Z,75,213.5,216.0,over,5.6,4.55,5.634619,2360,0.0,0,0,,
30888465,NBA,2026-09-13T03:01:47.001726Z,75,267.5,256.0,under,6.9667,5.85,5.634619,2360,0.0,0,0,,
30888467,NBA,2026-09-13T03:01:47.890901Z,75,191.5,179.0,under,4.8667,4.55,5.634619,2360,0.0,0,0,,
30888456,NBA,2026-09-13T03:01:48.538048Z,75,196.5,195.0,under,5.0333,4.55,5.634619,2360,0.0,0,0,,
30888457,NBA,2026-09-13T03:01:55.674379Z,75,231.5,236.0,over,5.9667,5.25,5.634619,2360,1.6,0,0,,
30888459,NBA,2026-09-13T03:01:56.367517Z,75,217.5,209.0,under,5.5333,5.15,5.634619,2360,6.0,0,0,,
30888460,NBA,2026-09-13T03:01:57.066692Z,75,198.5,199.0,over,5.1333,4.45,5.634619,2360,14.2,0,0,,
30888461,NBA,2026-09-13T03:01:57.719582Z,75,220.5,215.0,under,5.8333,4.55,5.634619,2360,23.5,0,0,,
30888462,NBA,2026-09-13T03:01:58.388657Z,75,211.5,209.0,under,5.5333,4.55,5.634619,2360,4.3,0,0,,
30888463,NBA,2026-09-13T03:01:59.366669Z,75,223.5,217.0,under,5.7,5.25,5.634619,2360,16.5,0,0,,
30888466,NBA,2026-09-13T03:02:01.461871Z,75,223.5,223.0,under,5.9333,4.55,5.634619,2360,7.4,0,0,,
30888559,TBSL,2026-09-13T03:15:00.775076Z,75,176.5,177.0,over,4.8,3.25,4.156862,1858,2.2,0,0,,
30888560,TBSL,2026-09-13T03:15:01.090499Z,75,181.5,182.0,over,4.7667,3.85,4.156862,1858,2.1,0,0,,
30888561,TBSL,2026-09-13T03:15:01.475778Z,75,207.5,207.0,under,5.5,4.25,4.156862,1858,12.6,0,0,,
30888600,CBA,2026-09-13T03:28:29.627324Z,75,204.5,206.0,over,5.4,4.25,4.442579,977,9.5,0,0,,
30888602,CBA,2026-09-13T03:28:30.085398Z,75,156.5,153.0,under,3.9,3.95,4.442579,977,21.1,0,0,,
30888603,CBA,2026-09-13T03:28:30.496975Z,75,183.5,186.0,over,4.7,4.25,4.442579,977,13.3,0,0,,
30888604,CBA,2026-09-13T03:28:30.868556Z,75,176.5,160.0,under,4.4667,4.25,4.442579,977,23.5,0,0,,
30888632,KBL,2026-09-13T03:32:35.768285Z,75,169.5,181.0,over,4.5333,3.35,3.886567,1126,12.6,0,0,,
30888633,KBL,2026-09-13T03:32:36.248447Z,75,152.5,140.0,under,3.9,3.55,3.886567,1126,12.8,0,0,,
30888657,EuroLeague,2026-09-13T03:40:01.561129Z,75,144.5,129.0,under,3.5667,3.75,4.297925,1675,0.0,0,0,,
30888653,EuroLeague,2026-09-13T03:40:11.595156Z,75,174.5,173.0,under,4.6,3.65,4.297925,1675,29.9,0,0,,
30888656,EuroLeague,2026-09-13T03:40:12.006633Z,75,152.5,156.0,over,3.9333,3.45,4.297925,1675,28.9,0,0,,
30888661,EuroLeague,2026-09-13T03:40:12.953435Z,75,187.5,200.0,over,5.0,3.75,4.297925,1675,10.9,0,0,,
30888669,NBA,2026-09-13T03:49:44.360509Z,75,206.5,195.0,under,5.4333,4.35,5.633298,2371,0.0,0,0,,
30888677,NBA,2026-09-13T03:49:45.005368Z,75,244.5,246.0,over,6.3333,5.45,5.633298,2371,0.0,0,0,,
30888668,NBA,2026-09-13T03:49:49.120679Z,75,233.5,241.0,over,6.0333,5.25,5.633298,2371,0.9,0,0,,
30888670,NBA,2026-09-13T03:49:50.448206Z,75,239.5,259.0,over,6.1667,5.45,5.633298,2371,9.5,0,0,,
30888671,NBA,2026-09-13T03:49:51.281959Z,75,224.5,224.0,under,5.9,4.75,5.633298,2371,10.4,0,0,,
30888673,NBA,2026-09-13T03:49:52.066115Z,75,236.5,236.0,under,6.2,5.05,5.633298,2371,3.9,0,0,,
30888674,NBA,2026-09-13T03:49:52.924344Z,75,244.5,235.0,under,6.4667,5.05,5.633298,2371,4.5,0,0,,
30888675,NBA,2026-09-13T03:49:53.478845Z,75,235.5,224.0,under,6.2667,4.75,5.633298,2371,9.1,0,0,,
30888676,NBA,2026-09-13T03:49:54.182796Z,75,226.5,222.0,under,5.8667,5.05,5.633298,2371,5.8,0,0,,
30888678,NBA,2026-09-13T03:49:55.343102Z,75,222.5,233.0,over,5.7,5.15,5.633298,2371,14.4,0,0,,
30888679,NBA,2026-09-13T03:49:55.890777Z,75,210.5,213.0,over,5.3667,4.95,5.633298,2371,34.4,0,0,,
30888728,TBSL,2026-09-13T03:55:15.898280Z,75,160.5,170.0,over,4.0333,3.95,4.157765,1861,16.5,0,0,,
30888729,TBSL,2026-09-13T03:55:16.253706Z,75,161.5,169.0,over,4.1333,3.75,4.157765,1861,14.6,0,0,,
30888730,TBSL,2026-09-13T03:55:16.629006Z,75,177.5,169.0,under,4.7333,3.55,4.157765,1861,12.3,0,0,,
30888775,CBA,2026-09-13T04:08:37.902412Z,75,202.5,190.0,under,5.3,4.35,4.442431,981,12.3,0,0,,
30888776,CBA,2026-09-13T04:08:38.431785Z,75,182.5,170.0,under,4.6333,4.35,4.442431,981,21.8,0,0,,
30888778,CBA,2026-09-13T04:08:38.909516Z,75,190.5,183.0,under,4.9,4.35,4.442431,981,13.3,0,0,,
30888779,CBA,2026-09-13T04:08:39.709776Z,75,172.5,168.0,under,4.4,4.05,4.442431,981,16.7,0,0,,
30888789,KBL,2026-09-13T04:12:37.413736Z,75,180.5,186.0,over,4.7333,3.85,3.886791,1128,12.0,0,0,,
30888790,KBL,2026-09-13T04:12:37.996795Z,75,141.5,140.0,under,3.6333,3.25,3.886791,1128,19.3,0,0,,
30888792,KBL,2026-09-13T04:12:38.583849Z,75,183.5,190.0,over,4.9,3.65,3.886791,1128,13.2,0,0,,
30876370,CYBER,2026-09-13T04:16:05.687190Z,75,195.5,199.0,over,3.9536,4.4379,4.459796,413,0.0,0,0,,
30888816,EuroLeague,2026-09-13T04:20:04.754503Z,75,179.5,186.0,over,4.7333,3.75,4.297484,1679,8.6,0,0,,
30888815,EuroLeague,2026-09-13T04:20:30.886539Z,75,184.5,189.0,over,4.9256,3.641,4.297484,1679,8.8,0,0,,
30888818,EuroLeague,2026-09-13T04:20:32.018647Z,75,184.5,176.0,under,4.8595,3.8462,4.297484,1679,17.1,0,0,,
30888820,EuroLeague,2026-09-13T04:20:32.745919Z,75,164.5,173.0,over,4.1983,3.8462,4.297484,1679,11.0,0,0,,
30888821,EuroLeague,2026-09-13T04:20:33.414599Z,75,150.5,157.0,over,3.8678,3.4359,4.297484,1679,11.7,0,0,,
30888871,TBSL,2026-09-13T04:35:17.421276Z,75,154.5,155.0,over,4.1,3.15,4.157886,1864,8.2,0,0,,
30888875,TBSL,2026-09-13T04:35:17.956901Z,75,195.5,197.0,over,5.3,3.65,4.157886,1864,9.0,0,0,,
30888853,NBA,2026-09-13T04:37:37.247007Z,75,187.5,187.0,under,4.7,4.65,5.633816,2382,0.0,0,0,,
30888850,NBA,2026-09-13T04:37:37.797497Z,75,237.5,230.0,under,6.0667,5.55,5.633816,2382,0.0,0,0,,
30888851,NBA,2026-09-13T04:37:38.467169Z,75,240.5,232.0,under,6.2333,5.35,5.633816,2382,0.0,0,0,,
30888857,NBA,2026-09-13T04:37:39.095946Z,75,212.5,220.0,over,5.5333,4.65,5.633816,2382,0.0,0,0,,
30888852,NBA,2026-09-13T04:37:46.191765Z,75,199.5,192.0,under,5.0333,4.85,5.633816,2382,3.1,0,0,,
30888854,NBA,2026-09-13T04:37:47.657885Z,75,238.5,243.0,over,6.2667,5.05,5.633816,2382,8.6,0,0,,
30888855,NBA,2026-09-13T04:37:48.289787Z,75,216.5,219.0,over,5.5667,4.95,5.633816,2382,6.4,0,0,,
30888856,NBA,2026-09-13T04:37:48.922705Z,75,235.5,238.0,over,6.0333,5.45,5.633816,2382,6.4,0,0,,
30888858,NBA,2026-09-13T04:37:50.292949Z,75,236.5,232.0,under,6.1333,5.25,5.633816,2382,7.2,0,0,,
30888859,NBA,2026-09-13T04:37:50.952101Z,75,223.5,221.0,under,5.9667,4.45,5.633816,2382,11.2,0,0,,
30888860,NBA,2026-09-13T04:37:51.605080Z,75,216.5,208.0,under,5.5,5.15,5.633816,2382,8.5,0,0,,
30888922,CBA,2026-09-13T04:48:42.570527Z,75,161.5,166.0,over,4.2333,3.45,4.442437,985,12.7,0,0,,
30888923,CBA,2026-09-13T04:48:43.244052Z,75,226.5,224.0,under,5.9,4.95,4.442437,985,15.6,0,1,,1
30888924,CBA,2026-09-13T04:48:43.728771Z,75,158.5,156.0,under,4.0,3.85,4.442437,985,18.6,0,0,,
30888925,CBA,2026-09-13T04:48:44.359602Z,75,168.5,179.0,over,4.3667,3.75,4.442437,985,16.8,0,0,,
30888926,CBA,2026-09-13T04:48:45.035844Z,75,190.5,200.0,over,5.0333,3.95,4.442437,985,16.8,0,0,,
30888942,KBL,2026-09-13T04:52:36.350830Z,75,147.5,159.0,over,3.8,3.35,3.887887,1131,25.6,0,0,,
30888957,EuroLeague,2026-09-13T05:00:07.510571Z,75,150.5,142.0,under,3.9333,3.25,4.297803,1684,0.0,0,0,,
30888949,EuroLeague,2026-09-13T05:00:16.936628Z,75,161.5,169.0,over,4.2,3.55,4.297803,1684,14.4,0,0,,
30888950,EuroLeague,2026-09-13T05:00:17.505921Z,75,143.5,151.0,over,3.5667,3.65,4.297803,1684,11.6,0,0,,
30888952,EuroLeague,2026-09-13T05:00:18.191714Z,75,200.5,206.0,over,5.2333,4.35,4.297803,1684,10.7,0,0,,
30888953,EuroLeague,2026-09-13T05:00:19.417988Z,75,196.5,191.0,under,5.1333,4.25,4.297803,1684,16.0,0,0,,
30888954,EuroLeague,2026-09-13T05:00:19.956920Z,75,151.5,145.0,under,3.9,3.45,4.297803,1684,12.5,0,0,,
30888956,EuroLeague,2026-09-13T05:08:33.581778Z,75,192.5,167.0,under,4.2338,19.6667,4.297803,1684,0.0,1,1,1,1
30889021,TBSL,2026-09-13T05:15:04.542247Z,75,176.5,172.0,under,4.6,3.85,4.158146,1866,21.9,0,0,,
30889025,TBSL,2026-09-13T05:15:24.695754Z,75,166.5,156.0,under,4.3333,3.65,4.158146,1866,0.0,0,0,,
30889024,TBSL,2026-09-13T05:15:38.726043Z,75,170.5,168.0,under,4.562,3.3333,4.158146,1866,9.4,0,0,,
30889057,NBA,2026-09-13T05:25:44.106089Z,75,202.5,192.0,under,5.2333,4.55,5.633222,2393,21.7,0,0,,
30889058,NBA,2026-09-13T05:25:44.600004Z,75,204.5,212.0,over,5.0333,5.35,5.633222,2393,3.2,0,0,,
30889059,NBA,2026-09-13T05:25:45.316014Z,75,209.5,217.0,over,5.4,4.75,5.633222,2393,5.4,0,0,,
30889060,NBA,2026-09-13T05:25:45.987345Z,75,212.5,208.0,under,5.5333,4.65,5.633222,2393,4.6,0,0,,
30889061,NBA,2026-09-13T05:25:46.971988Z,75,277.5,284.0,over,7.2,6.15,5.633222,2393,7.1,0,1,,0
30889062,NBA,2026-09-13T05:25:47.504334Z,75,229.5,218.0,under,5.9667,5.05,5.633222,2393,29.0,0,0,,
30889063,NBA,2026-09-13T05:25:48.100967Z,75,231.5,231.0,under,5.9667,5.25,5.633222,2393,6.7,0,0,,
30889064,NBA,2026-09-13T05:25:49.332117Z,75,198.5,206.0,over,5.1333,4.45,5.633222,2393,10.8,0,0,,
30889065,NBA,2026-09-13T05:25:49.822216Z,75,214.5,217.0,over,5.5,4.95,5.633222,2393,11.3,0,0,,
30889066,NBA,2026-09-13T05:25:50.391545Z,75,191.5,187.0,under,4.8667,4.55,5.633222,2393,9.0,0,0,,
30889067,NBA,2026-09-13T05:25:50.985351Z,75,251.5,251.0,under,6.5667,5.45,5.633222,2393,11.1,0,0,,
30889068,NBA,2026-09-13T05:25:51.573106Z,75,242.5,247.0,over,6.2,5.65,5.633222,2393,10.2,0,0,,
30889090,CBA,2026-09-13T05:28:44.047425Z,75,187.5,184.0,under,5.0,3.75,4.443359,990,18.8,0,0,,
30889091,CBA,2026-09-13T05:28:44.535215Z,75,168.5,181.0,over,4.4333,3.55,4.443359,990,11.9,0,0,,
30889093,CBA,2026-09-13T05:28:45.078070Z,75,172.5,175.0,over,4.3333,4.25,4.443359,990,12.4,0,0,,
30889094,CBA,2026-09-13T05:28:45.596098Z,75,171.5,169.0,under,4.5,3.65,4.443359,990,19.2,0,0,,
30889135,KBL,2026-09-13T05:32:49.405226Z,75,150.5,157.0,over,3.9339,3.2308,3.887964,1132,30.0,0,0,,
30889137,KBL,2026-09-13T05:32:49.904087Z,75,172.5,177.0,over,4.4959,3.7436,3.887964,1132,23.2,0,0,,
30889142,KBL,2026-09-13T05:32:50.316806Z,75,153.5,164.0,over,3.9669,3.4359,3.887964,1132,24.6,0,0,,
30889229,EuroLeague,2026-09-13T05:40:12.018566Z,75,185.5,189.0,over,4.8667,3.95,4.297324,1691,5.9,0,0,,
30889230,EuroLeague,2026-09-13T05:40:12.732051Z,75,157.5,156.0,under,4.0667,3.55,4.297324,1691,6.5,0,0,,
30889231,EuroLeague,2026-09-13T05:40:13.331540Z,75,171.5,177.0,over,4.4,3.95,4.297324,1691,7.2,0,0,,
30889233,EuroLeague,2026-09-13T05:40:13.919632Z,75,134.5,138.0,over,3.4667,3.05,4.297324,1691,7.8,0,0,,
30889234,EuroLeague,2026-09-13T05:40:15.947321Z,75,181.5,177.0,under,4.6667,4.15,4.297324,1691,13.0,0,0,,
30889235,EuroLeague,2026-09-13T05:40:16.656699Z,75,198.5,200.0,over,5.3,3.95,4.297324,1691,17.2,0,0,,
30889281,TBSL,2026-09-13T05:55:06.690841Z,75,151.5,149.0,under,3.9,3.45,4.158106,1869,8.1,0,0,,
30889282,TBSL,2026-09-13T05:55:07.201166Z,75,174.5,176.0,over,4.4667,4.05,4.158106,1869,28.9,0,0,,
30889283,TBSL,2026-09-13T05:55:07.562706Z,75,150.5,155.0,over,3.9667,3.15,4.158106,1869,29.2,0,0,,
30889284,TBSL,2026-09-13T05:55:07.935058Z,75,186.5,185.0,under,4.9333,3.85,4.158106,1869,10.0,0,0,,
30889285,TBSL,2026-09-13T05:55:08.367771Z,75,180.5,176.0,under,4.8,3.65,4.158106,1869,30.4,0,0,,
30889375,CBA,2026-09-13T06:08:30.401067Z,75,159.5,159.0,under,4.1,3.65,4.44331,994,12.8,0,0,,
30889377,CBA,2026-09-13T06:08:30.938794Z,75,199.5,197.0,under,5.2,4.35,4.44331,994,11.2,0,0,,
30889378,CBA,2026-09-13T06:08:31.324157Z,75,199.5,189.0,under,5.2333,4.25,4.44331,994,14.7,0,0,,
30889379,CBA,2026-09-13T06:08:31.753869Z,75,193.5,183.0,under,4.9667,4.45,4.44331,994,12.0,0,0,,
30889427,KBL,2026-09-13T06:12:29.735086Z,75,168.5,176.0,over,4.2667,4.05,3.888656,1135,34.2,0,1,,0
30889428,KBL,2026-09-13T06:12:30.203251Z,75,144.5,147.0,over,3.8333,2.95,3.888656,1135,21.1,0,0,,
30889362,NBA,2026-09-13T06:13:30.924945Z,75,231.5,236.0,over,6.0667,4.95,5.632869,2405,0.0,0,0,,
30889367,NBA,2026-09-13T06:13:32.294472Z,75,219.5,218.0,under,5.5667,5.25,5.632869,2405,0.0,0,0,,
30889363,NBA,2026-09-13T06:13:36.008610Z,75,220.5,219.0,under,5.6,5.25,5.632869,2405,17.1,0,0,,
30889364,NBA,2026-09-13T06:13:36.460456Z,75,245.5,248.0,over,6.4333,5.25,5.632869,2405,15.7,0,0,,
30889365,NBA,2026-09-13T06:13:36.831760Z,75,218.5,223.0,over,5.7667,4.55,5.632869,2405,4.5,0,0,,
30889366,NBA,2026-09-13T06:13:37.387918Z,75,225.5,223.0,under,5.7667,5.25,5.632869,2405,30.4,0,0,,
30889368,NBA,2026-09-13T06:13:38.343280Z,75,249.5,246.0,under,6.5667,5.25,5.632869,2405,6.0,0,0,,
30889369,NBA,2026-09-13T06:13:39.013816Z,75,225.5,216.0,under,5.8,5.15,5.632869,2405,6.7,0,0,,
30889370,NBA,2026-09-13T06:13:39.497314Z,75,236.5,231.0,under,6.0667,5.45,5.632869,2405,7.2,0,0,,
30889371,NBA,2026-09-13T06:13:39.976364Z,75,220.5,212.0,under,5.8333,4.55,5.632869,2405,20.5,0,0,,
30889372,NBA,2026-09-13T06:13:40.395709Z,75,204.5,210.0,over,5.4,4.25,5.632869,2405,8.1,0,0,,
30889373,NBA,2026-09-13T06:13:40.778749Z,75,249.5,249.0,under,6.4333,5.65,5.632869,2405,40.0,0,0,,
30889552,EuroLeague,2026-09-13T06:20:20.159196Z,75,169.5,166.0,under,4.4333,3.65,4.297407,1697,12.7,0,0,,
30889553,EuroLeague,2026-09-13T06:20:20.781679Z,75,173.5,163.0,under,4.5,3.85,4.297407,1697,22.2,0,0,,
30889554,EuroLeague,2026-09-13T06:20:21.351467Z,75,168.5,163.0,under,4.4,3.65,4.297407,1697,12.7,0,0,,
30889831,CBA,2026-09-13T07:28:21.903822Z,75,160.5,156.0,under,4.0333,3.95,4.443737,998,0.0,0,0,,
30889832,CBA,2026-09-13T07:28:22.358800Z,75,166.5,173.0,over,4.2,4.05,4.443737,998,0.0,0,0,,
30889833,CBA,2026-09-13T07:28:22.780666Z,75,179.5,177.0,under,4.6,4.15,4.443737,998,0.0,0,0,,
30889830,CBA,2026-09-13T07:28:35.819849Z,75,203.5,202.0,under,5.3667,4.25,4.443737,998,13.9,0,0,,
30889834,CBA,2026-09-13T07:28:37.636137Z,75,151.5,159.0,over,3.8333,3.65,4.443737,998,9.8,0,0,,
30889863,KBL,2026-09-13T07:32:14.615426Z,75,147.5,146.0,under,3.7667,3.45,3.888918,1137,0.0,0,0,,
30889905,EuroLeague,2026-09-13T07:39:59.721850Z,75,185.5,189.0,over,4.7333,4.35,4.296767,1701,16.8,0,0,,
30889907,EuroLeague,2026-09-13T07:40:15.697419Z,75,181.5,182.0,over,4.6333,4.25,4.296767,1701,10.9,0,0,,
30889911,EuroLeague,2026-09-13T07:40:16.211954Z,75,186.5,188.0,over,4.8667,4.05,4.296767,1701,11.5,0,0,,
30889941,NBA,2026-09-13T07:49:24.298100Z,75,257.5,264.0,over,6.7,5.65,5.633151,2417,0.0,0,0,,
30889945,NBA,2026-09-13T07:49:24.743427Z,75,244.5,234.0,under,6.2667,5.65,5.633151,2417,0.0,0,0,,
30889949,NBA,2026-09-13T07:49:25.179535Z,75,228.5,232.0,over,6.0,4.85,5.633151,2417,0.0,0,0,,
30889938,NBA,2026-09-13T07:49:27.639580Z,75,202.5,191.0,under,4.8667,5.65,5.633151,2417,8.2,1,0,1,
30889939,NBA,2026-09-13T07:49:28.227843Z,75,198.5,198.0,under,5.2333,4.15,5.633151,2417,16.6,0,0,,
30889940,NBA,2026-09-13T07:49:28.776148Z,75,240.5,244.0,over,6.2,5.45,5.633151,2417,4.5,0,0,,
30889943,NBA,2026-09-13T07:49:29.922431Z,75,222.5,229.0,over,5.6,5.45,5.633151,2417,5.6,0,0,,
30889944,NBA,2026-09-13T07:49:30.571355Z,75,254.5,250.0,under,6.6667,5.45,5.633151,2417,19.0,0,0,,
30889946,NBA,2026-09-13T07:49:31.743633Z,75,223.5,210.0,under,5.8333,4.85,5.633151,2417,20.1,0,0,,
30889948,NBA,2026-09-13T07:49:32.809562Z,75,214.5,220.0,over,5.4333,5.15,5.633151,2417,7.0,0,0,,
30889947,NBA,2026-09-13T07:49:45.466771Z,75,227.5,233.0,over,6.0667,4.55,5.633151,2417,8.5,0,0,,
30890032,TBSL,2026-09-13T07:55:05.095361Z,75,162.5,161.0,under,4.2333,3.55,4.158231,1874,0.0,0,0,,
30890029,TBSL,2026-09-13T07:55:15.071401Z,75,190.5,191.0,over,5.0667,3.85,4.158231,1874,8.3,0,0,,
30890033,TBSL,2026-09-13T07:55:16.080430Z,75,141.5,142.0,over,3.7,3.05,4.158231,1874,9.3,0,0,,
30890184,EuroLeague,2026-09-13T08:20:01.290594Z,75,220.5,221.0,over,5.8,4.65,4.297403,1704,0.0,0,1,,0
30890182,EuroLeague,2026-09-13T08:20:10.294116Z,75,166.5,167.0,over,4.3667,3.55,4.297403,1704,36.3,0,0,,
30890186,EuroLeague,2026-09-13T08:20:11.919916Z,75,178.5,177.0,under,4.6667,3.85,4.297403,1704,10.3,0,0,,
30890187,EuroLeague,2026-09-13T08:20:12.459186Z,75,150.5,157.0,over,3.8333,3.55,4.297403,1704,26.4,0,0,,
30889433,CYBER,2026-09-13T08:29:17.345015Z,75,215.5,222.0,over,4.4722,4.5417,4.45989,415,0.0,0,0,,
30890260,TBSL,2026-09-13T08:35:04.984335Z,75,165.5,174.0,over,4.3,3.65,4.158165,1877,0.0,0,0,,
30890259,TBSL,2026-09-13T08:35:11.643018Z,75,145.5,141.0,under,3.6333,3.65,4.158165,1877,6.2,0,0,,
30890261,TBSL,2026-09-13T08:35:12.426527Z,75,160.5,166.0,over,3.9667,4.15,4.158165,1877,7.0,0,0,,
30890262,TBSL,2026-09-13T08:35:12.839386Z,75,177.5,183.0,over,4.7,3.65,4.158165,1877,26.9,0,0,,
30890263,TBSL,2026-09-13T08:35:13.232493Z,75,171.5,169.0,under,4.4667,3.75,4.158165,1877,7.8,0,0,,
30890265,TBSL,2026-09-13T08:35:13.720651Z,75,180.5,182.0,over,4.6667,4.05,4.158165,1877,8.3,0,0,,
30890239,NBA,2026-09-13T08:37:24.351778Z,75,209.5,215.0,over,5.4,4.75,5.633423,2428,8.8,0,0,,
30890240,NBA,2026-09-13T08:37:24.745074Z,75,224.5,219.0,under,5.7333,5.25,5.633423,2428,8.4,0,0,,
30890241,NBA,2026-09-13T08:37:25.235282Z,75,178.5,192.0,over,4.6,4.05,5.633423,2428,22.5,0,0,,
30890242,NBA,2026-09-13T08:37:25.950534Z,75,221.5,225.0,over,5.7667,4.85,5.633423,2428,4.9,0,0,,
30890243,NBA,2026-09-13T08:37:26.366953Z,75,247.5,254.0,over,6.5,5.25,5.633423,2428,10.1,0,0,,
30890244,NBA,2026-09-13T08:37:26.748014Z,75,241.5,244.0,over,6.3333,5.15,5.633423,2428,10.5,0,0,,
30890245,NBA,2026-09-13T08:37:27.189319Z,75,269.5,263.0,under,7.2667,5.15,5.633423,2428,6.8,0,0,,
30890246,NBA,2026-09-13T08:37:27.703541Z,75,264.5,270.0,over,6.9,5.75,5.633423,2428,11.4,0,0,,
30890247,NBA,2026-09-13T08:37:28.148355Z,75,228.5,215.0,under,5.8,5.45,5.633423,2428,6.4,0,0,,
30890248,NBA,2026-09-13T08:37:28.616146Z,75,221.5,217.0,under,5.7333,4.95,5.633423,2428,12.3,0,0,,
30890250,NBA,2026-09-13T08:37:29.192007Z,75,221.5,228.0,over,5.7333,4.95,5.633423,2428,8.2,0,0,,
30890424,EuroLeague,2026-09-13T08:59:55.813009Z,75,177.5,171.0,under,4.6,3.95,4.298142,1709,28.2,0,0,,
30890427,EuroLeague,2026-09-13T08:59:56.224220Z,75,182.5,183.0,over,4.7667,3.95,4.298142,1709,7.2,0,0,,
30890431,EuroLeague,2026-09-13T08:59:57.163564Z,75,169.5,173.0,over,4.4,3.75,4.298142,1709,18.9,0,0,,
30890429,EuroLeague,2026-09-13T09:00:06.000709Z,75,191.5,198.0,over,5.0667,3.95,4.298142,1709,27.8,0,0,,
30890515,TBSL,2026-09-13T09:14:59.761081Z,75,174.5,180.0,over,4.5333,3.85,4.158391,1883,17.6,0,0,,
30890516,TBSL,2026-09-13T09:15:00.221483Z,75,182.5,180.0,under,4.6667,4.25,4.158391,1883,27.6,0,0,,
30890519,TBSL,2026-09-13T09:15:00.794035Z,75,171.5,171.0,under,4.6333,3.25,4.158391,1883,28.2,0,0,,
30890538,NBA,2026-09-13T09:25:28.562274Z,75,229.5,219.0,under,5.8667,5.35,5.634071,2439,0.0,0,0,,
30890537,NBA,2026-09-13T09:25:28.978607Z,75,268.5,263.0,under,6.9333,6.05,5.634071,2439,0.0,0,1,,1
30890536,NBA,2026-09-13T09:25:29.445067Z,75,230.5,235.0,over,5.9667,5.15,5.634071,2439,0.0,0,0,,
30890529,NBA,2026-09-13T09:25:34.136737Z,75,210.5,225.0,over,5.3667,4.95,5.634071,2439,13.3,0,0,,
30890530,NBA,2026-09-13T09:25:34.570025Z,75,204.5,195.0,under,5.3667,4.35,5.634071,2439,17.9,0,0,,
30890531,NBA,2026-09-13T09:25:35.015890Z,75,224.5,219.0,under,5.7667,5.15,5.634071,2439,36.4,0,0,,
30890532,NBA,2026-09-13T09:25:35.535961Z,75,212.5,219.0,over,5.4333,4.95,5.634071,2439,26.9,0,0,,
30890533,NBA,2026-09-13T09:25:35.895284Z,75,232.5,222.0,under,5.9,5.55,5.634071,2439,19.2,0,0,,
30890534,NBA,2026-09-13T09:25:36.334236Z,75,253.5,255.0,over,6.6,5.55,5.634071,2439,19.6,0,0,,
30890535,NBA,2026-09-13T09:25:36.801997Z,75,246.5,228.0,under,6.5667,4.95,5.634071,2439,28.2,0,0,,
30890540,NBA,2026-09-13T09:25:38.430595Z,75,223.5,226.0,over,5.9,4.65,5.634071,2439,21.7,0,0,,
30890671,EuroLeague,2026-09-13T09:39:58.577767Z,75,150.5,140.0,under,3.7333,3.85,4.298687,1713,0.0,0,0,,
30890670,EuroLeague,2026-09-13T09:40:00.266231Z,75,160.5,156.0,under,4.2333,3.35,4.298687,1713,21.7,0,0,,
30890003,CYBER,2026-09-13T12:00:09.202494Z,75,216.5,230.0,over,4.5,4.5417,4.459471,421,0.6,0,0,,
30890000,CYBER,2026-09-13T12:02:49.141061Z,75,249.5,255.0,over,5.25,5.0417,4.459471,421,8.1,0,1,,0
30890006,CYBER,2026-09-13T12:17:29.129943Z,75,236.5,233.0,under,5.0,4.7083,4.460259,422,20.6,0,1,,1
30893579,TBSL,2026-09-13T18:34:58.975025Z,75,177.5,175.0,under,4.6,3.95,4.158815,1886,20.6,0,0,,
30893577,NBA,2026-09-13T18:37:28.153890Z,75,206.5,212.0,over,5.3667,4.55,5.634347,2450,20.7,0,0,,
30893578,NBA,2026-09-13T18:37:28.651011Z,75,230.5,228.0,under,5.8667,5.45,5.634347,2450,29.7,0,0,,
30893809,TBSL,2026-09-13T19:15:01.484540Z,75,179.5,187.0,over,4.7333,3.75,4.15893,1887,34.0,0,0,,
30893805,NBA,2026-09-13T19:25:28.204463Z,75,219.5,233.0,over,5.7333,4.75,5.634237,2452,10.8,0,0,,
30893806,NBA,2026-09-13T19:25:28.796738Z,75,258.5,266.0,over,6.9667,4.95,5.634237,2452,11.4,0,0,,
30894024,TBSL,2026-09-13T20:35:57.470334Z,75,173.5,184.0,over,4.3333,4.35,4.159203,1888,27.7,0,1,,0
30894025,TBSL,2026-09-13T20:35:57.984079Z,75,180.5,183.0,over,4.8333,3.55,4.159203,1888,17.6,0,0,,
30894029,TBSL,2026-09-13T20:35:58.460764Z,75,182.5,189.0,over,4.8333,3.75,4.159203,1888,28.7,0,0,,
30893983,NBA,2026-09-13T20:38:24.295331Z,75,200.5,197.0,under,5.1333,4.65,5.635,2455,0.0,0,0,,
30893979,NBA,2026-09-13T20:38:25.676092Z,75,215.5,226.0,over,5.4667,5.15,5.635,2455,10.4,0,0,,
30893980,NBA,2026-09-13T20:38:26.211892Z,75,195.5,190.0,under,5.1,4.25,5.635,2455,17.7,0,0,,
30893981,NBA,2026-09-13T20:38:26.622936Z,75,185.5,186.0,over,4.7,4.45,5.635,2455,6.0,0,0,,
30893982,NBA,2026-09-13T20:38:27.210910Z,75,207.5,218.0,over,5.5,4.25,5.635,2455,18.7,0,0,,
30893984,NBA,2026-09-13T20:38:28.223621Z,75,261.5,267.0,over,6.8667,5.55,5.635,2455,7.6,0,0,,
30894071,CBA,2026-09-13T20:48:22.396349Z,75,211.5,222.0,over,5.4333,4.85,4.443195,1003,10.1,0,1,,0
30894072,CBA,2026-09-13T20:48:23.010718Z,75,176.5,183.0,over,4.5333,4.05,4.443195,1003,10.2,0,0,,
30894073,CBA,2026-09-13T20:48:23.372522Z,75,172.5,178.0,over,4.4333,3.95,4.443195,1003,22.2,0,0,,
30894089,KBL,2026-09-13T20:52:13.440291Z,75,146.5,146.0,under,3.8333,3.15,3.888126,1139,18.5,0,0,,
30894111,EuroLeague,2026-09-13T21:00:05.598531Z,75,160.5,164.0,over,4.2,3.45,4.297988,1715,20.4,0,0,,
30894114,EuroLeague,2026-09-13T21:00:06.241904Z,75,168.5,178.0,over,4.3333,3.85,4.297988,1715,21.1,0,0,,
30894198,TBSL,2026-09-13T21:15:55.319360Z,75,165.5,163.0,under,4.2667,3.75,4.159955,1891,15.0,0,0,,
30894199,TBSL,2026-09-13T21:15:55.937583Z,75,188.5,181.0,under,4.8333,4.35,4.159955,1891,35.3,0,1,,1
30894200,TBSL,2026-09-13T21:15:56.483126Z,75,189.5,186.0,under,4.8667,4.35,4.159955,1891,27.1,0,1,,1
30894225,NBA,2026-09-13T21:26:21.656103Z,75,237.5,232.0,under,6.1,5.45,5.634305,2461,14.3,0,0,,
30894226,NBA,2026-09-13T21:26:22.242955Z,75,271.5,270.0,under,7.1,5.85,5.634305,2461,10.1,0,0,,
30894227,NBA,2026-09-13T21:26:22.726538Z,75,195.5,202.0,over,5.0,4.55,5.634305,2461,10.5,0,0,,
30894228,NBA,2026-09-13T21:26:23.215050Z,75,254.5,257.0,over,6.6333,5.55,5.634305,2461,10.5,0,0,,
30894229,NBA,2026-09-13T21:26:23.728068Z,75,201.5,199.0,under,5.0,5.15,5.634305,2461,11.1,0,0,,
30894230,NBA,2026-09-13T21:26:24.264818Z,75,221.5,225.0,over,5.8,4.75,5.634305,2461,11.6,0,0,,
30894266,CBA,2026-09-13T21:28:18.679856Z,75,158.5,168.0,over,4.1333,3.45,4.444433,1006,7.5,0,0,,
30894267,CBA,2026-09-13T21:28:19.381550Z,75,148.5,154.0,over,3.7667,3.55,4.444433,1006,8.0,0,0,,
30895379,EuroLeague,2026-09-13T21:39:58.984655Z,75,166.5,174.0,over,4.2333,3.95,4.297962,1717,16.1,0,0,,
30895380,EuroLeague,2026-09-13T21:39:59.530756Z,75,165.5,178.0,over,4.3333,3.55,4.297962,1717,22.1,0,0,,
30895382,EuroLeague,2026-09-13T21:40:00.046927Z,75,147.5,150.0,over,3.7,3.65,4.297962,1717,22.0,0,0,,
30895449,TBSL,2026-09-13T21:56:00.607628Z,75,174.5,189.0,over,4.6333,3.55,4.160362,1894,15.9,0,0,,
30895451,TBSL,2026-09-13T21:56:01.004861Z,75,172.5,177.0,over,4.5,3.75,4.160362,1894,22.1,0,0,,
30895536,CBA,2026-09-13T22:08:23.511062Z,75,171.5,180.0,over,4.3333,4.15,4.443601,1008,19.8,0,0,,
30895537,CBA,2026-09-13T22:08:23.974162Z,75,189.5,181.0,under,4.9333,4.15,4.443601,1008,34.6,0,0,,
30895529,NBA,2026-09-13T22:14:27.016294Z,75,209.5,220.0,over,5.4667,4.55,5.634637,2467,0.0,0,0,,
30895530,NBA,2026-09-13T22:14:29.229353Z,75,265.5,263.0,under,7.0,5.55,5.634637,2467,14.0,0,0,,
30895531,NBA,2026-09-13T22:14:29.710651Z,75,193.5,189.0,under,4.9,4.65,5.634637,2467,21.8,0,0,,
30895532,NBA,2026-09-13T22:14:30.137394Z,75,220.5,213.0,under,5.7667,4.75,5.634637,2467,14.9,0,0,,
30895533,NBA,2026-09-13T22:14:30.628028Z,75,226.5,225.0,under,5.8333,5.15,5.634637,2467,33.2,0,0,,
30895534,NBA,2026-09-13T22:14:31.093560Z,75,207.5,214.0,over,5.2667,4.95,5.634637,2467,15.9,0,0,,
30895589,EuroLeague,2026-09-13T22:19:55.894297Z,75,175.5,182.0,over,4.5333,3.95,4.297762,1720,0.0,0,0,,
30895593,EuroLeague,2026-09-13T22:20:09.424888Z,75,145.5,139.0,under,3.8333,3.05,4.297762,1720,32.0,0,0,,
30895646,TBSL,2026-09-13T22:35:55.543064Z,75,144.5,139.0,under,3.6667,3.45,4.160799,1896,7.2,0,0,,
30895647,TBSL,2026-09-13T22:35:55.925956Z,75,155.5,164.0,over,3.9667,3.65,4.160799,1896,7.6,0,0,,
30895693,CBA,2026-09-13T22:48:22.945994Z,75,200.5,201.0,over,5.3,4.15,4.443738,1010,15.5,0,0,,
30895694,CBA,2026-09-13T22:48:23.318825Z,75,176.5,171.0,under,4.5667,3.95,4.443738,1010,19.5,0,0,,
30895695,CBA,2026-09-13T22:48:23.649785Z,75,188.5,182.0,under,4.7667,4.55,4.443738,1010,36.0,0,0,,
30895714,KBL,2026-09-13T22:52:23.897813Z,75,154.5,166.0,over,3.9667,3.55,3.887917,1140,35.8,0,0,,
30895744,EuroLeague,2026-09-13T23:00:00.612822Z,75,168.5,162.0,under,4.3333,3.85,4.29743,1722,18.6,0,0,,
30895745,EuroLeague,2026-09-13T23:00:01.005849Z,75,168.5,164.0,under,4.4,3.65,4.29743,1722,30.1,0,0,,
30895746,EuroLeague,2026-09-13T23:00:01.420301Z,75,198.5,201.0,over,5.3,3.95,4.29743,1722,30.6,0,0,,
30895743,EuroLeague,2026-09-13T23:00:13.617935Z,75,179.5,187.0,over,4.6333,4.05,4.29743,1722,10.4,0,0,,
30895721,NBA,2026-09-13T23:02:22.074137Z,75,238.5,233.0,under,6.1333,5.45,5.634351,2473,4.3,0,0,,
30895722,NBA,2026-09-13T23:02:22.688262Z,75,227.5,234.0,over,5.7333,5.55,5.634351,2473,12.7,0,0,,
30895724,NBA,2026-09-13T23:02:25.023014Z,75,257.5,250.0,under,6.7333,5.55,5.634351,2473,11.9,0,0,,
30895727,NBA,2026-09-13T23:02:25.433807Z,75,219.5,222.0,over,5.7667,4.65,5.634351,2473,37.5,0,0,,
30895728,NBA,2026-09-13T23:02:25.912659Z,75,256.5,263.0,over,6.6333,5.75,5.634351,2473,12.8,0,0,,
30895802,TBSL,2026-09-13T23:15:57.438590Z,75,201.5,211.0,over,5.3333,4.15,4.160406,1898,0.0,0,0,,
30895803,TBSL,2026-09-13T23:15:57.841921Z,75,200.5,195.0,under,5.2,4.45,4.160406,1898,0.0,0,1,,1
30895800,TBSL,2026-09-13T23:15:59.282598Z,75,159.5,164.0,over,4.1333,3.55,4.160406,1898,1.4,0,0,,
30895842,CBA,2026-09-13T23:28:21.051985Z,75,155.5,159.0,over,3.9667,3.65,4.44425,1013,13.6,0,0,,
30895843,CBA,2026-09-13T23:28:21.442124Z,75,187.5,193.0,over,4.8333,4.25,4.44425,1013,14.0,0,0,,
30895844,CBA,2026-09-13T23:28:21.804808Z,75,188.5,181.0,under,4.9333,4.05,4.44425,1013,3.9,0,0,,
30895894,EuroLeague,2026-09-13T23:39:58.482823Z,75,175.5,178.0,over,4.6,3.75,4.297813,1726,21.5,0,0,,
30895896,EuroLeague,2026-09-13T23:39:59.015185Z,75,197.5,188.0,under,5.2,4.15,4.297813,1726,31.6,0,0,,
30895897,EuroLeague,2026-09-13T23:39:59.557461Z,75,158.5,166.0,over,4.2,3.25,4.297813,1726,32.1,0,0,,
30890902,CYBER,2026-09-14T00:17:09.051853Z,75,224.5,232.0,over,4.6667,4.7083,4.464037,431,0.7,0,1,,0
30896097,TBSL,2026-09-14T00:35:02.228245Z,75,178.5,182.0,over,4.6667,3.85,4.161336,1901,0.0,0,0,,
30896094,TBSL,2026-09-14T00:35:11.372232Z,75,158.5,177.0,over,4.1,3.55,4.161336,1901,27.9,0,0,,
30896040,NBA,2026-09-14T00:37:28.978364Z,75,229.5,226.0,under,5.9,5.25,5.635109,2478,0.0,0,0,,
30896042,NBA,2026-09-14T00:37:33.348738Z,75,189.5,204.0,over,4.9333,4.15,5.635109,2478,22.6,0,0,,
30896043,NBA,2026-09-14T00:37:33.737229Z,75,226.5,229.0,over,5.6667,5.65,5.635109,2478,23.0,0,0,,
30896045,NBA,2026-09-14T00:37:34.177105Z,75,187.5,198.0,over,4.8333,4.25,5.635109,2478,23.4,0,0,,
30896046,NBA,2026-09-14T00:37:34.619355Z,75,221.5,228.0,over,5.7,5.05,5.635109,2478,23.8,0,0,,
30896047,NBA,2026-09-14T00:37:35.140968Z,75,193.5,183.0,under,4.8,4.95,5.635109,2478,24.4,0,0,,
30896050,NBA,2026-09-14T00:37:35.683996Z,75,201.5,205.0,over,5.1333,4.75,5.635109,2478,24.1,0,0,,
30896051,NBA,2026-09-14T00:37:36.260518Z,75,227.5,217.0,under,5.9667,4.85,5.635109,2478,25.5,0,0,,
30896052,NBA,2026-09-14T00:37:36.789369Z,75,243.5,239.0,under,6.3333,5.35,5.635109,2478,51.2,0,0,,
30896053,NBA,2026-09-14T00:37:37.386886Z,75,220.5,214.0,under,5.7333,4.85,5.635109,2478,47.8,0,0,,
30896054,NBA,2026-09-14T00:37:37.855851Z,75,183.5,195.0,over,4.7333,4.15,5.635109,2478,29.2,0,0,,
30896055,NBA,2026-09-14T00:37:38.315540Z,75,237.5,240.0,over,6.2333,5.05,5.635109,2478,27.5,0,0,,
30896128,CBA,2026-09-14T00:48:31.531192Z,75,191.5,178.0,under,5.0,4.15,4.444242,1016,16.4,0,0,,
30896129,CBA,2026-09-14T00:48:32.124820Z,75,204.5,209.0,over,5.4,4.25,4.444242,1016,17.0,0,0,,
30896130,CBA,2026-09-14T00:48:32.557242Z,75,194.5,196.0,over,5.0667,4.25,4.444242,1016,17.4,0,0,,
30896131,CBA,2026-09-14T00:48:33.094182Z,75,191.5,199.0,over,4.8667,4.55,4.444242,1016,17.9,0,0,,
30896132,CBA,2026-09-14T00:48:33.500952Z,75,182.5,184.0,over,4.7333,4.05,4.444242,1016,18.3,0,0,,
30896145,KBL,2026-09-14T00:52:13.189255Z,75,170.5,181.0,over,4.4333,3.75,3.888146,1141,0.0,0,0,,
30896143,KBL,2026-09-14T00:52:24.609557Z,75,142.5,138.0,under,3.8,2.85,3.888146,1141,39.0,0,0,,
30896155,EuroLeague,2026-09-14T01:00:03.420637Z,75,152.5,154.0,over,3.8333,3.75,4.298048,1729,14.5,0,0,,
30896157,EuroLeague,2026-09-14T01:00:03.893189Z,75,169.5,174.0,over,4.2667,4.15,4.298048,1729,15.0,0,0,,
30896158,EuroLeague,2026-09-14T01:00:04.538367Z,75,214.5,219.0,over,5.5333,4.85,4.298048,1729,31.9,0,1,,0
30896159,EuroLeague,2026-09-14T01:00:05.046006Z,75,164.5,155.0,under,4.2,3.85,4.298048,1729,16.2,0,0,,
30896162,EuroLeague,2026-09-14T01:00:05.536796Z,75,172.5,172.0,under,4.4667,3.85,4.298048,1729,16.6,0,0,,
30896217,TBSL,2026-09-14T01:14:59.827142Z,75,185.5,195.0,over,4.9333,3.75,4.161679,1903,10.1,0,0,,
30896220,TBSL,2026-09-14T01:15:00.239293Z,75,153.5,140.0,under,3.9,3.65,4.161679,1903,10.5,0,0,,
30896222,TBSL,2026-09-14T01:15:00.640082Z,75,191.5,202.0,over,5.1333,3.75,4.161679,1903,7.4,0,0,,
30896223,TBSL,2026-09-14T01:15:01.148868Z,75,157.5,161.0,over,4.1,3.45,4.161679,1903,26.5,0,0,,
30896229,NBA,2026-09-14T01:25:27.832464Z,75,230.5,233.0,over,6.0,5.05,5.633835,2490,8.7,0,0,,
30896230,NBA,2026-09-14T01:25:28.461902Z,75,216.5,217.0,over,5.6667,4.65,5.633835,2490,3.0,0,0,,
30896231,NBA,2026-09-14T01:25:29.099503Z,75,202.5,202.0,under,5.1,4.95,5.633835,2490,10.0,0,0,,
30896232,NBA,2026-09-14T01:25:29.673154Z,75,207.5,196.0,under,5.3667,4.65,5.633835,2490,10.6,0,0,,
30896233,NBA,2026-09-14T01:25:30.216729Z,75,226.5,220.0,under,5.9,4.95,5.633835,2490,4.2,0,0,,
30896234,NBA,2026-09-14T01:25:30.786548Z,75,201.5,207.0,over,5.2,4.55,5.633835,2490,4.8,0,0,,
30896235,NBA,2026-09-14T01:25:31.410052Z,75,291.5,282.0,under,7.7333,5.95,5.633835,2490,12.3,0,1,,1
30896236,NBA,2026-09-14T01:25:32.010045Z,75,241.5,234.0,under,6.3,5.25,5.633835,2490,6.0,0,0,,
30896237,NBA,2026-09-14T01:25:32.526123Z,75,235.5,237.0,over,6.0333,5.45,5.633835,2490,13.4,0,0,,
30896238,NBA,2026-09-14T01:25:33.102714Z,75,187.5,188.0,over,4.7333,4.55,5.633835,2490,14.0,0,0,,
30896239,NBA,2026-09-14T01:25:33.743409Z,75,225.5,230.0,over,5.8333,5.05,5.633835,2490,14.7,0,0,,
30896240,NBA,2026-09-14T01:25:34.344339Z,75,253.5,249.0,under,6.6667,5.35,5.633835,2490,15.3,0,0,,
30896282,CBA,2026-09-14T01:28:17.176194Z,75,179.5,187.0,over,4.4333,4.65,4.446131,1021,0.0,1,1,0,0
30896284,CBA,2026-09-14T01:28:32.797182Z,75,175.5,178.0,over,4.6,3.75,4.446131,1021,19.5,0,0,,
30896285,CBA,2026-09-14T01:28:33.465517Z,75,167.5,169.0,over,4.3667,3.65,4.446131,1021,20.2,0,0,,
30896286,CBA,2026-09-14T01:28:34.085522Z,75,174.5,182.0,over,4.4667,4.05,4.446131,1021,20.8,0,0,,
30896338,KBL,2026-09-14T01:32:19.357542Z,75,131.5,132.0,over,3.3,3.25,3.88832,1143,14.0,0,0,,
30896339,KBL,2026-09-14T01:32:19.888987Z,75,166.5,154.0,under,4.2333,3.95,3.88832,1143,31.9,0,0,,
30896537,EuroLeague,2026-09-14T01:40:01.325233Z,75,162.5,171.0,over,4.0333,4.15,4.298255,1734,22.2,0,0,,
30896539,EuroLeague,2026-09-14T01:40:01.952542Z,75,170.5,160.0,under,4.4,3.85,4.298255,1734,16.6,0,0,,
30896541,EuroLeague,2026-09-14T01:40:02.533281Z,75,160.5,153.0,under,4.1,3.75,4.298255,1734,23.4,0,0,,
30896542,EuroLeague,2026-09-14T01:40:03.112643Z,75,192.5,193.0,over,4.9333,4.45,4.298255,1734,17.8,0,0,,
30896544,EuroLeague,2026-09-14T01:40:03.617869Z,75,150.5,154.0,over,3.8333,3.55,4.298255,1734,24.5,0,0,,
30896993,TBSL,2026-09-14T01:55:08.268209Z,75,159.5,162.0,over,4.1333,3.55,4.1621,1907,24.9,0,0,,
30896995,TBSL,2026-09-14T01:55:08.715325Z,75,189.5,181.0,under,5.1,3.65,4.1621,1907,25.3,0,0,,
30897050,CBA,2026-09-14T02:08:42.909657Z,75,186.5,202.0,over,4.8667,4.05,4.446244,1025,13.5,0,0,,
30897051,CBA,2026-09-14T02:08:43.456508Z,75,147.5,142.0,under,3.7333,3.55,4.446244,1025,14.0,0,0,,
30897054,CBA,2026-09-14T02:08:43.985559Z,75,175.5,169.0,under,4.5333,3.95,4.446244,1025,14.6,0,0,,
30897059,CBA,2026-09-14T02:08:44.442198Z,75,172.5,168.0,under,4.4667,3.85,4.446244,1025,15.0,0,0,,
30897060,CBA,2026-09-14T02:08:44.891753Z,75,179.5,187.0,over,4.6333,4.05,4.446244,1025,15.5,0,0,,
30897080,KBL,2026-09-14T02:12:34.915247Z,75,159.5,154.0,under,4.2333,3.25,3.887773,1145,15.5,0,0,,
30897053,NBA,2026-09-14T02:13:25.799744Z,75,203.5,219.0,over,5.3,4.45,5.633743,2502,0.0,0,0,,
30897055,NBA,2026-09-14T02:13:26.423894Z,75,234.5,230.0,under,6.2,4.85,5.633743,2502,0.0,0,0,,
30897052,NBA,2026-09-14T02:13:30.052221Z,75,259.5,261.0,over,6.8,5.55,5.633743,2502,13.0,0,0,,
30897056,NBA,2026-09-14T02:13:31.874121Z,75,234.5,234.0,under,6.0667,5.25,5.633743,2502,10.6,0,0,,
30897057,NBA,2026-09-14T02:13:32.390973Z,75,228.5,235.0,over,5.9333,5.05,5.633743,2502,5.2,0,0,,
30897058,NBA,2026-09-14T02:13:33.004723Z,75,223.5,225.0,over,5.8667,4.75,5.633743,2502,29.7,0,0,,
30897061,NBA,2026-09-14T02:13:33.543235Z,75,173.5,169.0,under,4.4,4.15,5.633743,2502,12.3,0,0,,
30897062,NBA,2026-09-14T02:13:34.084072Z,75,208.5,195.0,under,5.3667,4.75,5.633743,2502,12.8,0,0,,
30897063,NBA,2026-09-14T02:13:34.556883Z,75,260.5,262.0,over,6.8667,5.45,5.633743,2502,13.3,0,0,,
30897064,NBA,2026-09-14T02:13:35.035471Z,75,217.5,211.0,under,5.6667,4.75,5.633743,2502,36.2,0,0,,
30897065,NBA,2026-09-14T02:13:35.493227Z,75,230.5,238.0,over,6.0,5.05,5.633743,2502,14.2,0,0,,
30897066,NBA,2026-09-14T02:13:36.059144Z,75,216.5,221.0,over,5.5667,4.95,5.633743,2502,14.8,0,0,,
30897131,EuroLeague,2026-09-14T02:20:05.642516Z,75,192.5,196.0,over,5.0333,4.15,4.297844,1739,30.9,0,0,,
30897133,EuroLeague,2026-09-14T02:20:06.221149Z,75,166.5,168.0,over,4.3,3.75,4.297844,1739,27.5,0,0,,
30897134,EuroLeague,2026-09-14T02:20:06.656696Z,75,155.5,156.0,over,3.9333,3.75,4.297844,1739,30.6,0,0,,
30897200,TBSL,2026-09-14T02:35:22.986665Z,75,161.5,174.0,over,4.3333,3.15,4.162232,1909,10.8,0,0,,
30897202,TBSL,2026-09-14T02:35:23.417881Z,75,177.5,184.0,over,4.6,3.95,4.162232,1909,9.1,0,0,,
30897205,TBSL,2026-09-14T02:35:24.018342Z,75,118.5,122.0,over,2.9333,3.05,4.162232,1909,11.8,0,0,,
30897249,CBA,2026-09-14T02:48:25.658439Z,75,193.5,179.0,under,5.0333,4.25,4.445728,1030,0.0,0,0,,
30897246,CBA,2026-09-14T02:48:42.693232Z,75,184.5,182.0,under,4.8333,3.95,4.445728,1030,11.8,0,0,,
30897247,CBA,2026-09-14T02:48:43.254704Z,75,211.5,199.0,under,5.7,4.05,4.445728,1030,41.0,0,0,,
30897248,CBA,2026-09-14T02:48:43.811292Z,75,191.5,188.0,under,4.9667,4.25,4.445728,1030,12.9,0,0,,
30897250,CBA,2026-09-14T02:48:44.893923Z,75,172.5,164.0,under,4.6,3.45,4.445728,1030,13.9,0,0,,
30897263,KBL,2026-09-14T02:52:35.961339Z,75,163.5,155.0,under,4.3333,3.35,3.88774,1146,37.5,0,0,,
30897267,KBL,2026-09-14T02:52:36.531103Z,75,155.5,166.0,over,4.1,3.25,3.88774,1146,41.3,0,0,,
30897291,EuroLeague,2026-09-14T03:00:05.372011Z,75,189.5,197.0,over,4.7333,4.75,4.297905,1742,38.5,0,1,,0
30897295,EuroLeague,2026-09-14T03:00:05.864735Z,75,159.5,170.0,over,4.1,3.65,4.297905,1742,28.9,0,0,,
30897296,EuroLeague,2026-09-14T03:00:06.436677Z,75,175.5,164.0,under,4.5,4.05,4.297905,1742,32.8,0,0,,
30897279,NBA,2026-09-14T03:01:30.981175Z,75,172.5,168.0,under,4.4,4.05,5.633701,2514,0.0,0,0,,
30897271,NBA,2026-09-14T03:01:34.125783Z,75,204.5,207.0,over,5.1,5.15,5.633701,2514,2.7,0,0,,
30897272,NBA,2026-09-14T03:01:34.570511Z,75,208.5,224.0,over,5.3,4.95,5.633701,2514,10.3,0,0,,
30897273,NBA,2026-09-14T03:01:35.112217Z,75,223.5,232.0,over,5.8333,4.85,5.633701,2514,9.7,0,0,,
30897274,NBA,2026-09-14T03:01:35.553742Z,75,238.5,246.0,over,6.2,5.25,5.633701,2514,28.9,0,0,,
30897275,NBA,2026-09-14T03:01:36.022210Z,75,224.5,212.0,under,5.7667,5.15,5.633701,2514,11.7,0,0,,
30897276,NBA,2026-09-14T03:01:36.538051Z,75,231.5,227.0,under,5.8667,5.55,5.633701,2514,12.2,0,0,,
30897277,NBA,2026-09-14T03:01:37.167303Z,75,221.5,215.0,under,5.7333,4.95,5.633701,2514,12.9,0,0,,
30897278,NBA,2026-09-14T03:01:37.847694Z,75,201.5,188.0,under,5.1333,4.75,5.633701,2514,13.6,0,0,,
30897280,NBA,2026-09-14T03:01:38.894206Z,75,193.5,194.0,over,4.8333,4.85,5.633701,2514,14.6,0,0,,
30897281,NBA,2026-09-14T03:01:39.386870Z,75,247.5,254.0,over,6.4,5.55,5.633701,2514,32.8,0,0,,
30897282,NBA,2026-09-14T03:01:39.767831Z,75,258.5,254.0,under,6.5667,6.15,5.633701,2514,15.5,0,1,,1
30897397,TBSL,2026-09-14T03:14:58.699954Z,75,143.5,140.0,under,3.7,3.25,4.161977,1912,15.4,0,0,,
30897399,TBSL,2026-09-14T03:14:59.131307Z,75,166.5,172.0,over,4.1667,4.15,4.161977,1912,1.7,0,0,,
30897403,TBSL,2026-09-14T03:14:59.488305Z,75,169.5,172.0,over,4.2333,4.25,4.161977,1912,2.0,0,0,,
30890907,CYBER,2026-09-14T03:16:03.385246Z,75,208.5,216.0,over,4.3611,4.2917,4.466331,435,15.9,0,0,,
30897463,CBA,2026-09-14T03:28:29.596221Z,75,171.5,169.0,under,4.3667,4.05,4.44628,1035,28.4,0,0,,
30897464,CBA,2026-09-14T03:28:30.056179Z,75,201.5,203.0,over,5.1,4.85,4.44628,1035,27.3,0,1,,0
30897465,CBA,2026-09-14T03:28:30.575651Z,75,213.5,221.0,over,5.6,4.55,4.44628,1035,50.5,0,0,,
30897466,CBA,2026-09-14T03:28:31.067214Z,75,193.5,185.0,under,5.0,4.35,4.44628,1035,32.9,0,0,,
30897499,KBL,2026-09-14T03:32:17.825715Z,75,132.5,132.0,under,3.4333,2.95,3.887957,1148,0.0,0,0,,
30897533,EuroLeague,2026-09-14T03:39:55.222832Z,75,151.5,156.0,over,3.9333,3.35,4.298123,1745,0.0,0,0,,
30897538,EuroLeague,2026-09-14T03:39:55.772203Z,75,206.5,212.0,over,5.4667,4.25,4.298123,1745,0.0,0,0,,
30897542,NBA,2026-09-14T03:49:32.341191Z,75,278.5,280.0,over,7.4,5.65,5.632878,2526,0.0,0,0,,
30897541,NBA,2026-09-14T03:49:34.927006Z,75,242.5,251.0,over,6.2333,5.55,5.632878,2526,27.8,0,0,,
30897543,NBA,2026-09-14T03:49:35.949141Z,75,226.5,225.0,under,5.9333,4.85,5.632878,2526,22.4,0,0,,
30897544,NBA,2026-09-14T03:49:36.501276Z,75,203.5,215.0,over,5.1333,4.95,5.632878,2526,23.0,0,0,,
30897545,NBA,2026-09-14T03:49:37.115223Z,75,204.5,214.0,over,5.2,4.85,5.632878,2526,27.9,0,0,,
30897546,NBA,2026-09-14T03:49:37.683128Z,75,211.5,221.0,over,5.5333,4.55,5.632878,2526,24.2,0,0,,
30897547,NBA,2026-09-14T03:49:38.295603Z,75,230.5,229.0,under,6.0333,4.95,5.632878,2526,24.8,0,0,,
30897548,NBA,2026-09-14T03:49:38.777624Z,75,213.5,221.0,over,5.4333,5.05,5.632878,2526,25.3,0,0,,
30897549,NBA,2026-09-14T03:49:39.285580Z,75,184.5,184.0,under,4.7333,4.25,5.632878,2526,29.4,0,0,,
30897550,NBA,2026-09-14T03:49:39.817159Z,75,203.5,206.0,over,5.3,4.45,5.632878,2526,26.3,0,0,,
30897551,NBA,2026-09-14T03:49:40.714769Z,75,241.5,244.0,over,6.3333,5.15,5.632878,2526,27.2,0,0,,
30897552,NBA,2026-09-14T03:49:41.227466Z,75,192.5,198.0,over,4.8,4.85,5.632878,2526,27.7,0,0,,
30897606,TBSL,2026-09-14T03:55:04.709682Z,75,204.5,201.0,under,5.2,4.85,4.161775,1915,11.8,0,1,,1
30897607,TBSL,2026-09-14T03:55:05.175239Z,75,157.5,147.0,under,4.0667,3.55,4.161775,1915,12.3,0,0,,
30897611,TBSL,2026-09-14T03:55:06.111155Z,75,156.5,165.0,over,4.1,3.35,4.161775,1915,31.0,0,0,,
30897685,CBA,2026-09-14T04:08:29.389366Z,75,204.5,222.0,over,5.4,4.25,4.447883,1039,0.0,0,0,,
30897684,CBA,2026-09-14T04:08:49.150815Z,75,167.5,165.0,under,4.3667,3.65,4.447883,1039,15.1,0,0,,
30897686,CBA,2026-09-14T04:08:50.354300Z,75,173.5,187.0,over,4.4333,4.05,4.447883,1039,16.3,0,0,,
30897687,CBA,2026-09-14T04:08:50.842146Z,75,172.5,171.0,under,4.4,4.05,4.447883,1039,16.8,0,0,,
30897688,CBA,2026-09-14T04:08:51.433908Z,75,166.5,175.0,over,4.3667,3.55,4.447883,1039,46.8,0,0,,
30897700,KBL,2026-09-14T04:12:33.677527Z,75,160.5,156.0,under,4.2667,3.25,3.886935,1150,27.5,0,0,,
30897701,KBL,2026-09-14T04:12:34.141342Z,75,148.5,146.0,under,3.7667,3.55,3.886935,1150,29.2,0,0,,
30897722,EuroLeague,2026-09-14T04:20:20.769538Z,75,196.5,186.0,under,5.0333,4.55,4.297998,1748,13.3,0,1,,1
30897726,EuroLeague,2026-09-14T04:20:21.396163Z,75,196.5,190.0,under,5.1333,4.25,4.297998,1748,14.0,0,0,,
30897727,EuroLeague,2026-09-14T04:20:21.959556Z,75,179.5,183.0,over,4.7,3.85,4.297998,1748,39.8,0,0,,
30897728,EuroLeague,2026-09-14T04:20:22.569433Z,75,160.5,168.0,over,4.1333,3.65,4.297998,1748,15.2,0,0,,
30897800,TBSL,2026-09-14T04:35:01.921295Z,75,186.5,179.0,under,4.7,4.55,4.161953,1918,0.0,0,1,,1
30897799,TBSL,2026-09-14T04:35:15.086835Z,75,154.5,150.0,under,4.0,3.45,4.161953,1918,41.0,0,0,,
30897802,TBSL,2026-09-14T04:35:16.231609Z,75,176.5,177.0,over,4.7,3.55,4.161953,1918,22.2,0,0,,
30897804,TBSL,2026-09-14T04:35:16.863368Z,75,157.5,154.0,under,3.9667,3.85,4.161953,1918,22.9,0,0,,
30897806,TBSL,2026-09-14T04:35:17.461062Z,75,155.5,156.0,over,4.1,3.25,4.161953,1918,23.5,0,0,,
30897773,NBA,2026-09-14T04:37:41.436226Z,75,205.5,207.0,over,5.3,4.65,5.632723,2538,0.0,0,0,,
30897777,NBA,2026-09-14T04:37:42.054202Z,75,222.5,232.0,over,5.6667,5.25,5.632723,2538,0.0,0,0,,
30897778,NBA,2026-09-14T04:37:42.614241Z,75,224.5,238.0,over,5.8,5.05,5.632723,2538,0.0,0,0,,
30897768,NBA,2026-09-14T04:37:50.106685Z,75,215.5,226.0,over,5.6,4.75,5.632723,2538,15.5,0,0,,
30897769,NBA,2026-09-14T04:37:50.617134Z,75,234.5,240.0,over,6.0667,5.25,5.632723,2538,11.5,0,0,,
30897770,NBA,2026-09-14T04:37:51.166590Z,75,237.5,242.0,over,5.9667,5.85,5.632723,2538,12.0,0,0,,
30897771,NBA,2026-09-14T04:37:51.716390Z,75,210.5,209.0,under,5.4667,4.65,5.632723,2538,12.6,0,0,,
30897772,NBA,2026-09-14T04:37:52.296052Z,75,211.5,218.0,over,5.3333,5.15,5.632723,2538,13.2,0,0,,
30897774,NBA,2026-09-14T04:37:53.373552Z,75,251.5,249.0,under,6.8,4.75,5.632723,2538,11.3,0,0,,
30897775,NBA,2026-09-14T04:37:53.836146Z,75,251.5,253.0,over,6.6333,5.25,5.632723,2538,14.7,0,0,,
30897776,NBA,2026-09-14T04:37:54.298878Z,75,206.5,214.0,over,5.3333,4.65,5.632723,2538,15.2,0,0,,
30897779,NBA,2026-09-14T04:37:56.004359Z,75,222.5,237.0,over,5.9,4.55,5.632723,2538,16.9,0,0,,
30890933,CYBER,2026-09-14T04:45:08.568757Z,75,221.5,220.0,under,4.7222,4.2917,4.467799,438,8.2,0,0,,
30890912,CYBER,2026-09-14T04:47:14.671906Z,75,199.5,194.0,under,4.0556,4.4583,4.467799,438,0.0,0,0,,
30897890,CBA,2026-09-14T04:48:24.098122Z,75,131.5,138.0,over,3.2667,3.35,4.448611,1044,33.6,0,0,,
30897891,CBA,2026-09-14T04:48:24.509823Z,75,204.5,199.0,under,5.2667,4.65,4.448611,1044,12.1,0,1,,1
30897892,CBA,2026-09-14T04:48:24.946454Z,75,185.5,184.0,under,4.8333,4.05,4.448611,1044,12.6,0,0,,
30897893,CBA,2026-09-14T04:48:25.492502Z,75,222.5,227.0,over,5.8,4.85,4.448611,1044,16.1,0,1,,0
30897894,CBA,2026-09-14T04:48:26.015123Z,75,185.5,186.0,over,4.7333,4.35,4.448611,1044,40.0,0,0,,
30897904,KBL,2026-09-14T04:52:22.176042Z,75,174.5,176.0,over,4.5,3.95,3.88674,1152,22.2,0,0,,
30897908,KBL,2026-09-14T04:52:22.688551Z,75,151.5,147.0,under,3.9333,3.35,3.88674,1152,8.7,0,0,,
30890911,CYBER,2026-09-14T04:58:30.606725Z,75,212.5,215.0,over,4.3611,4.625,4.467799,438,0.6,1,0,0,
30897929,EuroLeague,2026-09-14T05:00:03.890349Z,75,209.5,193.0,under,5.3333,4.95,4.298559,1752,21.6,0,1,,1
30897930,EuroLeague,2026-09-14T05:00:04.372553Z,75,165.5,171.0,over,4.3333,3.55,4.298559,1752,22.1,0,0,,
30897933,EuroLeague,2026-09-14T05:00:06.277311Z,75,151.5,147.0,under,3.8667,3.55,4.298559,1752,24.0,0,0,,
30898089,TBSL,2026-09-14T05:15:05.685374Z,75,159.5,161.0,over,4.0333,3.85,4.161739,1923,13.2,0,0,,
30898123,NBA,2026-09-14T05:25:32.332838Z,75,238.5,250.0,over,6.3,4.95,5.633324,2550,17.5,0,0,,
30898124,NBA,2026-09-14T05:25:32.963166Z,75,209.5,211.0,over,5.4333,4.65,5.633324,2550,16.8,0,0,,
30898125,NBA,2026-09-14T05:25:33.628491Z,75,214.5,224.0,over,5.5333,4.85,5.633324,2550,20.1,0,0,,
30898126,NBA,2026-09-14T05:25:34.164765Z,75,217.5,222.0,over,5.6,4.95,5.633324,2550,5.3,0,0,,
30898127,NBA,2026-09-14T05:25:34.546666Z,75,197.5,196.0,under,4.9333,4.95,5.633324,2550,43.6,0,0,,
30898128,NBA,2026-09-14T05:25:35.000809Z,75,202.5,216.0,over,5.2333,4.55,5.633324,2550,6.2,0,0,,
30898130,NBA,2026-09-14T05:25:35.510961Z,75,229.5,229.0,under,6.0667,4.75,5.633324,2550,6.7,0,0,,
30898131,NBA,2026-09-14T05:25:36.043796Z,75,230.5,228.0,under,5.9333,5.25,5.633324,2550,7.2,0,0,,
30898132,NBA,2026-09-14T05:25:36.608135Z,75,217.5,214.0,under,5.6667,4.75,5.633324,2550,7.8,0,0,,
30898133,NBA,2026-09-14T05:25:37.154563Z,75,220.5,221.0,over,5.7333,4.85,5.633324,2550,8.3,0,0,,
30898134,NBA,2026-09-14T05:25:37.857121Z,75,200.5,205.0,over,5.0667,4.85,5.633324,2550,9.0,0,0,,
30898144,CBA,2026-09-14T05:28:29.756120Z,75,206.5,214.0,over,5.5,4.15,4.449666,1049,17.1,0,0,,
30898145,CBA,2026-09-14T05:28:30.254449Z,75,168.5,171.0,over,4.3,3.95,4.449666,1049,17.6,0,0,,
30898146,CBA,2026-09-14T05:28:30.955390Z,75,176.5,185.0,over,4.7,3.55,4.449666,1049,18.3,0,0,,
30898147,CBA,2026-09-14T05:28:31.542276Z,75,209.5,217.0,over,5.4667,4.55,4.449666,1049,18.9,0,0,,
30898148,CBA,2026-09-14T05:28:32.059589Z,75,169.5,171.0,over,4.3333,3.95,4.449666,1049,19.4,0,0,,
30898191,KBL,2026-09-14T05:32:46.997295Z,75,145.5,147.0,over,3.7667,3.25,3.887002,1154,20.3,0,0,,
30898193,KBL,2026-09-14T05:32:47.617569Z,75,186.5,200.0,over,4.8333,4.15,3.887002,1154,20.9,0,1,,0
30898195,KBL,2026-09-14T05:32:48.288126Z,75,134.5,135.0,over,3.4,3.25,3.887002,1154,21.6,0,0,,
30898265,EuroLeague,2026-09-14T05:39:52.976992Z,75,178.5,172.0,under,4.5333,4.25,4.298463,1757,0.0,0,0,,
30898266,EuroLeague,2026-09-14T05:40:01.532464Z,75,155.5,146.0,under,3.9667,3.65,4.298463,1757,19.3,0,0,,
30898267,EuroLeague,2026-09-14T05:40:02.323696Z,75,178.5,171.0,under,4.8,3.45,4.298463,1757,38.6,0,0,,
30898268,EuroLeague,2026-09-14T05:40:02.798663Z,75,162.5,154.0,under,4.1333,3.85,4.298463,1757,21.0,0,0,,
30898271,EuroLeague,2026-09-14T05:40:03.343707Z,75,199.5,193.0,under,5.2333,4.25,4.298463,1757,9.9,0,0,,
30898362,TBSL,2026-09-14T05:55:27.784382Z,75,175.5,174.0,under,4.6,3.75,4.161668,1924,0.0,0,0,,
30898363,TBSL,2026-09-14T05:55:42.736646Z,75,147.5,144.0,under,3.9333,2.95,4.161668,1924,10.2,0,0,,
30898364,TBSL,2026-09-14T05:55:43.626782Z,75,151.5,147.0,under,3.8667,3.55,4.161668,1924,21.3,0,0,,
30898427,CBA,2026-09-14T06:08:44.364742Z,75,182.5,178.0,under,4.6,4.45,4.451281,1054,14.0,0,0,,
30898428,CBA,2026-09-14T06:08:44.930091Z,75,189.5,182.0,under,5.0667,3.75,4.451281,1054,14.6,0,0,,
30898429,CBA,2026-09-14T06:08:45.496194Z,75,182.5,176.0,under,4.6667,4.25,4.451281,1054,15.2,0,0,,
30898430,CBA,2026-09-14T06:08:46.165446Z,75,183.5,187.0,over,4.9,3.65,4.451281,1054,35.1,0,0,,
30898431,CBA,2026-09-14T06:08:46.893851Z,75,156.5,157.0,over,4.1,3.35,4.451281,1054,28.1,0,0,,
30893647,CYBER,2026-09-14T06:10:29.042033Z,75,208.5,205.0,under,4.1667,4.875,4.466535,442,0.6,1,1,1,1
30898446,KBL,2026-09-14T06:12:50.671980Z,75,159.5,167.0,over,4.1,3.65,3.887338,1157,20.5,0,0,,
30898417,NBA,2026-09-14T06:13:43.621926Z,75,194.5,196.0,over,5.0,4.45,5.632712,2561,0.0,0,0,,
30898418,NBA,2026-09-14T06:13:44.224315Z,75,229.5,222.0,under,5.8667,5.35,5.632712,2561,0.0,0,0,,
30898415,NBA,2026-09-14T06:13:44.868927Z,75,240.5,236.0,under,6.3,5.15,5.632712,2561,0.0,0,0,,
30898416,NBA,2026-09-14T06:13:46.608486Z,75,192.5,199.0,over,4.8667,4.65,5.632712,2561,0.0,0,0,,
30898424,NBA,2026-09-14T06:13:47.316164Z,75,196.5,200.0,over,5.0667,4.45,5.632712,2561,0.0,0,0,,
30898421,NBA,2026-09-14T06:13:47.977333Z,75,212.5,229.0,over,5.4,5.05,5.632712,2561,0.0,0,0,,
30898419,NBA,2026-09-14T06:13:48.681114Z,75,251.5,245.0,under,6.5,5.65,5.632712,2561,0.0,0,0,,
30898423,NBA,2026-09-14T06:13:49.373559Z,75,221.5,221.0,under,5.7,5.05,5.632712,2561,0.0,0,0,,
30898422,NBA,2026-09-14T06:13:50.075840Z,75,232.5,240.0,over,6.0333,5.15,5.632712,2561,0.0,0,0,,
30898425,NBA,2026-09-14T06:13:50.724988Z,75,249.5,248.0,under,6.5,5.45,5.632712,2561,0.0,0,0,,
30898420,NBA,2026-09-14T06:13:51.348410Z,75,233.5,242.0,over,6.1333,4.95,5.632712,2561,0.0,0,0,,
30898474,EuroLeague,2026-09-14T06:20:30.761517Z,75,199.5,205.0,over,5.2,4.35,4.298127,1762,13.5,0,0,,
30898477,EuroLeague,2026-09-14T06:20:31.383862Z,75,157.5,152.0,under,4.0667,3.55,4.298127,1762,14.1,0,0,,
30898478,EuroLeague,2026-09-14T06:20:31.925437Z,75,190.5,199.0,over,4.9333,4.25,4.298127,1762,17.5,0,0,,
30898481,EuroLeague,2026-09-14T06:20:32.592182Z,75,185.5,197.0,over,4.8667,3.95,4.298127,1762,23.3,0,0,,
30898482,EuroLeague,2026-09-14T06:20:33.281238Z,75,193.5,192.0,under,5.1333,3.95,4.298127,1762,18.8,0,0,,
30898634,TBSL,2026-09-14T06:35:24.161418Z,75,171.5,175.0,over,4.5333,3.55,4.161222,1927,7.0,0,0,,
30898636,TBSL,2026-09-14T06:35:24.652173Z,75,193.5,197.0,over,5.1,4.05,4.161222,1927,7.5,0,0,,
30898637,TBSL,2026-09-14T06:35:25.321810Z,75,181.5,182.0,over,4.8,3.75,4.161222,1927,9.9,0,0,,
30898643,TBSL,2026-09-14T06:35:25.844893Z,75,175.5,163.0,under,4.5,4.05,4.161222,1927,12.6,0,0,,
30898644,TBSL,2026-09-14T06:35:26.431835Z,75,177.5,186.0,over,4.6,3.95,4.161222,1927,8.8,0,0,,
30898734,CBA,2026-09-14T06:48:28.416239Z,75,201.5,208.0,over,5.2667,4.35,4.451039,1059,14.8,0,0,,
30898735,CBA,2026-09-14T06:48:29.027124Z,75,205.5,195.0,under,5.5,4.05,4.451039,1059,19.8,0,0,,
30898736,CBA,2026-09-14T06:48:29.591296Z,75,177.5,171.0,under,4.4667,4.35,4.451039,1059,20.4,0,0,,
30898737,CBA,2026-09-14T06:48:30.261002Z,75,174.5,168.0,under,4.5,3.95,4.451039,1059,21.0,0,0,,
30898781,KBL,2026-09-14T06:52:52.462685Z,75,162.5,158.0,under,4.1667,3.75,3.887532,1159,17.0,0,0,,
30898869,EuroLeague,2026-09-14T07:00:07.180098Z,75,178.5,178.0,under,4.6333,3.95,4.299335,1767,16.6,0,0,,
30898871,EuroLeague,2026-09-14T07:00:07.933356Z,75,168.5,173.0,over,4.4,3.65,4.299335,1767,17.3,0,0,,
30898872,EuroLeague,2026-09-14T07:00:08.591610Z,75,173.5,187.0,over,4.4333,4.05,4.299335,1767,19.0,0,0,,
30898874,EuroLeague,2026-09-14T07:00:09.305629Z,75,146.5,157.0,over,3.7333,3.45,4.299335,1767,44.1,0,0,,
30898875,EuroLeague,2026-09-14T07:00:09.906963Z,75,191.5,196.0,over,5.0,4.15,4.299335,1767,35.3,0,0,,
30898836,NBA,2026-09-14T07:01:33.953083Z,75,188.5,192.0,over,4.9333,4.05,5.632708,2572,0.0,0,0,,
30898837,NBA,2026-09-14T07:01:51.331266Z,75,247.5,264.0,over,6.4667,5.35,5.632708,2572,1.9,0,0,,
30898838,NBA,2026-09-14T07:01:52.050166Z,75,237.5,230.0,under,6.0,5.75,5.632708,2572,2.6,0,0,,
30898839,NBA,2026-09-14T07:01:52.664015Z,75,229.5,226.0,under,6.0,4.95,5.632708,2572,3.3,0,0,,
30898840,NBA,2026-09-14T07:01:53.349881Z,75,260.5,263.0,over,6.7333,5.85,5.632708,2572,4.0,0,0,,
30898841,NBA,2026-09-14T07:01:54.578078Z,75,213.5,212.0,under,5.6333,4.45,5.632708,2572,5.2,0,0,,
30898842,NBA,2026-09-14T07:01:55.304744Z,75,213.5,216.0,over,5.5667,4.65,5.632708,2572,23.3,0,0,,
30898843,NBA,2026-09-14T07:01:55.844222Z,75,250.5,257.0,over,6.7,4.95,5.632708,2572,10.3,0,0,,
30898844,NBA,2026-09-14T07:01:56.505992Z,75,225.5,225.0,under,5.8667,4.95,5.632708,2572,7.1,0,0,,
30898845,NBA,2026-09-14T07:01:57.332991Z,75,205.5,216.0,over,5.2667,4.75,5.632708,2572,7.9,0,0,,
30898847,NBA,2026-09-14T07:01:57.987381Z,75,226.5,224.0,under,5.8667,5.05,5.632708,2572,8.6,0,0,,
30893644,CYBER,2026-09-14T07:05:29.548399Z,75,219.5,221.0,over,4.6111,4.4583,4.466093,443,7.8,0,0,,
30898996,TBSL,2026-09-14T07:15:06.793234Z,75,155.5,168.0,over,4.0,3.55,4.162138,1932,0.0,0,0,,
30898999,TBSL,2026-09-14T07:15:12.208445Z,75,199.5,202.0,over,5.1,4.65,4.162138,1932,3.1,0,1,,0
30899000,TBSL,2026-09-14T07:15:12.884926Z,75,151.5,139.0,under,3.8,3.75,4.162138,1932,28.1,0,0,,
30899001,TBSL,2026-09-14T07:15:13.592024Z,75,163.5,162.0,under,4.0667,4.15,4.162138,1932,4.5,0,0,,
30899082,CBA,2026-09-14T07:28:36.288555Z,75,175.5,178.0,over,4.5667,3.85,4.45174,1063,27.2,0,0,,
30899083,CBA,2026-09-14T07:28:36.980312Z,75,173.5,184.0,over,4.4667,3.95,4.45174,1063,45.9,0,0,,
30899084,CBA,2026-09-14T07:28:38.495531Z,75,166.5,166.0,under,4.3333,3.65,4.45174,1063,24.0,0,0,,
30899085,CBA,2026-09-14T07:28:39.371334Z,75,212.5,217.0,over,5.5333,4.65,4.45174,1063,48.3,0,1,,0
30899122,KBL,2026-09-14T07:32:59.712065Z,75,135.5,128.0,under,3.5333,2.95,3.887586,1160,18.1,0,0,,
30899123,KBL,2026-09-14T07:33:00.271264Z,75,140.5,133.0,under,3.6,3.25,3.887586,1160,18.7,0,0,,
30899178,EuroLeague,2026-09-14T07:40:07.410373Z,75,164.5,159.0,under,4.1667,3.95,4.299774,1772,0.0,0,0,,
30899179,EuroLeague,2026-09-14T07:40:08.169016Z,75,157.5,161.0,over,4.1333,3.35,4.299774,1772,0.0,0,0,,
30899182,EuroLeague,2026-09-14T07:40:25.403388Z,75,181.5,184.0,over,4.8,3.75,4.299774,1772,15.8,0,0,,
30899183,EuroLeague,2026-09-14T07:40:25.963007Z,75,171.5,176.0,over,4.5667,3.45,4.299774,1772,16.4,0,0,,
30899184,EuroLeague,2026-09-14T07:40:26.555961Z,75,166.5,169.0,over,4.2,4.05,4.299774,1772,27.8,0,0,,
30899220,NBA,2026-09-14T07:49:40.528477Z,75,237.5,231.0,under,6.1667,5.25,5.633159,2583,0.0,0,0,,
30899213,NBA,2026-09-14T07:49:41.119941Z,75,166.5,175.0,over,4.0667,4.45,5.633159,2583,0.0,0,0,,
30899214,NBA,2026-09-14T07:49:48.801905Z,75,219.5,220.0,over,5.8667,4.35,5.633159,2583,7.0,0,0,,
30899215,NBA,2026-09-14T07:49:49.486536Z,75,296.5,306.0,over,7.8667,6.05,5.633159,2583,12.6,0,1,,0
30899216,NBA,2026-09-14T07:49:50.073388Z,75,214.5,215.0,over,5.5667,4.75,5.633159,2583,13.2,0,0,,
30899217,NBA,2026-09-14T07:49:50.674045Z,75,255.5,257.0,over,6.8667,4.95,5.633159,2583,10.2,0,0,,
30899218,NBA,2026-09-14T07:49:51.308263Z,75,263.5,273.0,over,6.9667,5.45,5.633159,2583,14.4,0,0,,
30899219,NBA,2026-09-14T07:49:51.898747Z,75,226.5,229.0,over,5.9667,4.75,5.633159,2583,15.0,0,0,,
30899221,NBA,2026-09-14T07:49:53.087836Z,75,214.5,216.0,over,5.5333,4.85,5.633159,2583,16.2,0,0,,
30899222,NBA,2026-09-14T07:49:53.716919Z,75,245.5,244.0,under,6.4333,5.25,5.633159,2583,16.8,0,0,,
30899223,NBA,2026-09-14T07:49:54.501044Z,75,225.5,228.0,over,5.8333,5.05,5.633159,2583,17.6,0,0,,
30899224,NBA,2026-09-14T07:49:55.281208Z,75,211.5,213.0,over,5.5333,4.55,5.633159,2583,18.4,0,0,,
30899323,TBSL,2026-09-14T07:55:09.388549Z,75,183.5,196.0,over,4.8667,3.75,4.162203,1936,0.0,0,0,,
30899321,TBSL,2026-09-14T07:55:10.021891Z,75,163.5,164.0,over,4.1333,3.95,4.162203,1936,0.0,0,0,,
30899319,TBSL,2026-09-14T07:55:24.329283Z,75,147.5,149.0,over,3.8,3.35,4.162203,1936,11.0,0,0,,
30899423,CBA,2026-09-14T08:08:33.604915Z,75,179.5,186.0,over,4.7667,3.65,4.452507,1067,19.9,0,0,,
30899424,CBA,2026-09-14T08:08:34.276043Z,75,176.5,169.0,under,4.6333,3.75,4.452507,1067,20.6,0,0,,
30899425,CBA,2026-09-14T08:08:34.863683Z,75,161.5,161.0,under,4.0333,4.05,4.452507,1067,21.2,0,0,,
30899426,CBA,2026-09-14T08:08:35.436947Z,75,182.5,186.0,over,4.7333,4.05,4.452507,1067,19.3,0,0,,
30899427,CBA,2026-09-14T08:08:36.028623Z,75,170.5,170.0,under,4.4667,3.65,4.452507,1067,22.4,0,0,,
30893686,CYBER,2026-09-14T08:12:38.447599Z,75,219.5,224.0,over,4.5833,4.5417,4.466011,445,14.6,0,0,,
30899460,KBL,2026-09-14T08:12:53.175318Z,75,173.5,171.0,under,4.6333,3.45,3.88651,1162,15.9,0,0,,
30899462,KBL,2026-09-14T08:12:53.844847Z,75,189.5,183.0,under,4.9667,4.05,3.88651,1162,28.9,0,1,,1
30899572,EuroLeague,2026-09-14T08:20:11.937294Z,75,204.5,207.0,over,5.4667,4.05,4.29962,1777,17.1,0,0,,
30899573,EuroLeague,2026-09-14T08:20:12.531044Z,75,150.5,141.0,under,3.8,3.65,4.29962,1777,17.7,0,0,,
30899574,EuroLeague,2026-09-14T08:20:13.251404Z,75,156.5,155.0,under,4.0333,3.55,4.29962,1777,18.4,0,0,,
30899577,EuroLeague,2026-09-14T08:20:13.906192Z,75,166.5,166.0,under,4.1667,4.15,4.29962,1777,19.1,0,0,,
30899578,EuroLeague,2026-09-14T08:20:14.691760Z,75,198.5,204.0,over,5.2667,4.05,4.29962,1777,41.7,0,0,,
30899733,TBSL,2026-09-14T08:35:18.439146Z,75,200.5,215.0,over,5.2667,4.25,4.162326,1939,22.9,0,0,,
30899644,NBA,2026-09-14T08:37:26.445223Z,75,238.5,235.0,under,6.1,5.55,5.634152,2595,0.0,0,0,,
30899645,NBA,2026-09-14T08:37:50.217767Z,75,245.5,250.0,over,6.3333,5.55,5.634152,2595,3.4,0,0,,
30899646,NBA,2026-09-14T08:37:50.703704Z,75,218.5,223.0,over,5.6,5.05,5.634152,2595,3.9,0,0,,
30899647,NBA,2026-09-14T08:37:51.268944Z,75,232.5,231.0,under,5.9333,5.45,5.634152,2595,13.7,0,0,,
30899648,NBA,2026-09-14T08:37:51.794814Z,75,198.5,194.0,under,5.0333,4.75,5.634152,2595,4.9,0,0,,
30899649,NBA,2026-09-14T08:37:52.298788Z,75,235.5,239.0,over,6.2333,4.85,5.634152,2595,14.7,0,0,,
30899650,NBA,2026-09-14T08:37:52.800398Z,75,223.5,229.0,over,5.7333,5.15,5.634152,2595,14.6,0,0,,
30899651,NBA,2026-09-14T08:37:53.484952Z,75,210.5,210.0,under,5.4667,4.65,5.634152,2595,21.5,0,0,,
30899652,NBA,2026-09-14T08:37:54.015972Z,75,170.5,173.0,over,4.4,3.85,5.634152,2595,22.0,0,0,,
30899653,NBA,2026-09-14T08:37:54.365798Z,75,258.5,246.0,under,6.8,5.45,5.634152,2595,7.5,0,0,,
30899654,NBA,2026-09-14T08:37:54.818021Z,75,222.5,213.0,under,5.7333,5.05,5.634152,2595,15.9,0,0,,
30899655,NBA,2026-09-14T08:37:55.428344Z,75,231.5,243.0,over,5.8667,5.55,5.634152,2595,16.3,0,0,,
30893689,CYBER,2026-09-14T08:39:49.508667Z,75,217.5,213.0,under,4.5278,4.5417,4.466461,446,37.5,0,0,,
30899898,CBA,2026-09-14T08:48:20.303692Z,75,225.5,234.0,over,5.9333,4.75,4.452076,1072,0.0,0,1,,0
30899899,CBA,2026-09-14T08:48:20.942582Z,75,155.5,155.0,under,4.0667,3.35,4.452076,1072,0.0,0,0,,
30899895,CBA,2026-09-14T08:48:36.498757Z,75,206.5,210.0,over,5.3,4.75,4.452076,1072,21.3,0,1,,0
30899896,CBA,2026-09-14T08:48:37.155411Z,75,179.5,177.0,under,4.7333,3.75,4.452076,1072,22.0,0,0,,
30899897,CBA,2026-09-14T08:48:37.781222Z,75,183.5,184.0,over,4.8667,3.75,4.452076,1072,45.9,0,0,,
30899935,KBL,2026-09-14T08:52:25.090792Z,75,172.5,162.0,under,4.5,3.75,3.887436,1164,31.0,0,0,,
30899937,KBL,2026-09-14T08:52:25.760180Z,75,151.5,147.0,under,3.8333,3.65,3.887436,1164,35.2,0,0,,
30899980,EuroLeague,2026-09-14T09:00:06.697006Z,75,176.5,178.0,over,4.4667,4.25,4.299804,1782,27.2,0,0,,
30899983,EuroLeague,2026-09-14T09:00:07.293171Z,75,147.5,154.0,over,3.6,3.95,4.299804,1782,26.5,0,0,,
30899984,EuroLeague,2026-09-14T09:00:07.960177Z,75,163.5,161.0,under,4.3,3.45,4.299804,1782,32.2,0,0,,
30899985,EuroLeague,2026-09-14T09:00:08.600014Z,75,145.5,136.0,under,3.6667,3.55,4.299804,1782,27.8,0,0,,
30899986,EuroLeague,2026-09-14T09:00:09.174175Z,75,151.5,154.0,over,3.8333,3.65,4.299804,1782,28.3,0,0,,
30900151,TBSL,2026-09-14T09:15:41.129492Z,75,153.5,150.0,under,4.0333,3.25,4.162951,1940,8.7,0,0,,
30900179,NBA,2026-09-14T09:25:33.599651Z,75,254.5,256.0,over,6.6667,5.45,5.633976,2607,0.0,0,0,,
30900180,NBA,2026-09-14T09:25:35.830238Z,75,214.5,226.0,over,5.4333,5.15,5.633976,2607,0.0,0,0,,
30900183,NBA,2026-09-14T09:25:37.523324Z,75,222.5,221.0,under,5.6333,5.35,5.633976,2607,0.0,0,0,,
30900190,NBA,2026-09-14T09:25:38.225067Z,75,221.5,221.0,under,5.8333,4.65,5.633976,2607,0.0,0,0,,
30900181,NBA,2026-09-14T09:25:43.942161Z,75,228.5,229.0,over,5.9667,4.95,5.633976,2607,6.4,0,0,,
30900182,NBA,2026-09-14T09:25:44.465097Z,75,176.5,162.0,under,4.2667,4.85,5.633976,2607,3.7,0,0,,
30900184,NBA,2026-09-14T09:25:45.619527Z,75,204.5,197.0,under,5.1,5.15,5.633976,2607,4.8,0,0,,
30900185,NBA,2026-09-14T09:25:46.355999Z,75,204.5,219.0,over,5.2667,4.65,5.633976,2607,5.5,0,0,,
30900186,NBA,2026-09-14T09:25:47.034814Z,75,207.5,203.0,under,5.3333,4.75,5.633976,2607,6.2,0,0,,
30900187,NBA,2026-09-14T09:25:47.769632Z,75,188.5,199.0,over,4.7,4.75,5.633976,2607,9.6,0,0,,
30900188,NBA,2026-09-14T09:25:48.467006Z,75,241.5,249.0,over,6.3333,5.15,5.633976,2607,7.6,0,0,,
30900189,NBA,2026-09-14T09:25:49.107863Z,75,266.5,274.0,over,7.2333,4.95,5.633976,2607,23.6,0,0,,
30900301,CBA,2026-09-14T09:28:43.514244Z,75,186.5,180.0,under,4.8667,4.05,4.453691,1077,36.8,0,0,,
30900302,CBA,2026-09-14T09:28:44.096718Z,75,190.5,187.0,under,5.0,4.05,4.453691,1077,15.2,0,0,,
30900303,CBA,2026-09-14T09:28:44.838588Z,75,185.5,189.0,over,4.7667,4.25,4.453691,1077,24.9,0,0,,
30900304,CBA,2026-09-14T09:28:45.663994Z,75,184.5,185.0,over,4.9,3.75,4.453691,1077,16.8,0,0,,
30900305,CBA,2026-09-14T09:28:46.312239Z,75,160.5,150.0,under,4.2,3.45,4.453691,1077,17.4,0,0,,
30900340,KBL,2026-09-14T09:32:39.374226Z,75,162.5,163.0,over,4.3,3.35,3.887393,1166,0.0,0,0,,
30900338,KBL,2026-09-14T09:33:03.285445Z,75,167.5,168.0,over,4.3333,3.75,3.887393,1166,18.0,0,0,,
30900341,KBL,2026-09-14T09:33:04.482560Z,75,149.5,152.0,over,3.7,3.85,3.887393,1166,19.2,0,0,,
30893690,CYBER,2026-09-14T09:36:09.227681Z,75,213.5,196.0,under,4.3278,4.8504,4.46596,448,0.2,1,1,1,1
30900381,EuroLeague,2026-09-14T09:40:00.976937Z,75,148.5,145.0,under,3.8333,3.35,4.298727,1787,0.0,0,0,,
30900380,EuroLeague,2026-09-14T09:40:13.380883Z,75,158.5,155.0,under,4.1,3.55,4.298727,1787,20.4,0,0,,
30900386,EuroLeague,2026-09-14T09:40:14.505295Z,75,172.5,166.0,under,4.4333,3.95,4.298727,1787,12.9,0,0,,
30900387,EuroLeague,2026-09-14T09:40:15.053609Z,75,184.5,192.0,over,4.7333,4.25,4.298727,1787,39.3,0,0,,
30900488,TBSL,2026-09-14T09:55:31.773863Z,75,181.5,177.0,under,4.8333,3.65,4.162738,1941,9.6,0,0,,
30900489,TBSL,2026-09-14T09:55:32.496959Z,75,150.5,167.0,over,3.9667,3.15,4.162738,1941,11.2,0,0,,
30900491,TBSL,2026-09-14T09:55:33.144864Z,75,192.5,200.0,over,5.2,3.65,4.162738,1941,11.8,0,0,,
30900494,TBSL,2026-09-14T09:55:33.731583Z,75,167.5,167.0,under,4.3,3.85,4.162738,1941,12.4,0,0,,
30900623,CBA,2026-09-14T10:08:33.978839Z,75,137.5,133.0,under,3.4,3.55,4.453697,1082,0.0,0,0,,
30900614,CBA,2026-09-14T10:08:52.246924Z,75,192.5,192.0,under,5.0667,4.05,4.453697,1082,37.7,0,0,,
30900616,CBA,2026-09-14T10:08:52.936352Z,75,158.5,164.0,over,4.1,3.55,4.453697,1082,27.4,0,0,,
30900622,CBA,2026-09-14T10:08:53.767889Z,75,180.5,181.0,over,4.6333,4.15,4.453697,1082,18.5,0,0,,
30900625,CBA,2026-09-14T10:08:55.007720Z,75,171.5,174.0,over,4.5,3.65,4.453697,1082,29.4,0,0,,
30900651,KBL,2026-09-14T10:12:34.676913Z,75,160.5,146.0,under,4.1333,3.65,3.887746,1169,25.3,0,0,,
30900653,KBL,2026-09-14T10:12:35.287091Z,75,157.5,168.0,over,4.1667,3.25,3.887746,1169,25.9,0,0,,
30900655,KBL,2026-09-14T10:12:36.046796Z,75,139.5,135.0,under,3.7333,2.75,3.887746,1169,21.8,0,0,,
30900613,NBA,2026-09-14T10:13:38.806043Z,75,193.5,205.0,over,4.8667,4.75,5.633515,2619,0.0,0,0,,
30900627,NBA,2026-09-14T10:13:39.478665Z,75,263.5,262.0,under,7.1,5.05,5.633515,2619,0.0,0,0,,
30900611,NBA,2026-09-14T10:13:40.163007Z,75,226.5,228.0,over,5.8333,5.15,5.633515,2619,0.0,0,0,,
30900612,NBA,2026-09-14T10:13:44.992719Z,75,215.5,224.0,over,5.5,5.05,5.633515,2619,3.1,0,0,,
30900615,NBA,2026-09-14T10:13:46.319178Z,75,201.5,212.0,over,5.3667,4.05,5.633515,2619,12.5,0,0,,
30900617,NBA,2026-09-14T10:13:47.011757Z,75,227.5,225.0,under,6.0667,4.55,5.633515,2619,5.0,0,0,,
30900618,NBA,2026-09-14T10:13:47.679386Z,75,225.5,225.0,under,6.0,4.55,5.633515,2619,15.9,0,0,,
30900619,NBA,2026-09-14T10:13:48.278630Z,75,249.5,243.0,under,6.4333,5.65,5.633515,2619,6.4,0,0,,
30900620,NBA,2026-09-14T10:13:48.986819Z,75,244.5,244.0,under,6.4,5.25,5.633515,2619,9.6,0,0,,
30900621,NBA,2026-09-14T10:13:49.740236Z,75,236.5,233.0,under,6.1333,5.25,5.633515,2619,7.9,0,0,,
30900624,NBA,2026-09-14T10:13:50.389720Z,75,205.5,213.0,over,5.4,4.35,5.633515,2619,8.4,0,0,,
30900626,NBA,2026-09-14T10:13:51.128313Z,75,199.5,213.0,over,5.2333,4.25,5.633515,2619,9.1,0,0,,
30900744,EuroLeague,2026-09-14T10:20:23.979564Z,75,196.5,194.0,under,5.2,4.05,4.298311,1791,0.0,0,0,,
30900747,EuroLeague,2026-09-14T10:20:24.581058Z,75,170.5,174.0,over,4.4333,3.75,4.298311,1791,0.0,0,0,,
30900750,EuroLeague,2026-09-14T10:20:25.212448Z,75,177.5,171.0,under,4.7,3.65,4.298311,1791,0.0,0,0,,
30893711,CYBER,2026-09-14T10:20:30.287620Z,75,202.5,197.0,under,4.23,4.1843,4.465108,449,1.2,0,0,,
30900745,EuroLeague,2026-09-14T10:20:43.071528Z,75,159.5,164.0,over,4.0,3.95,4.298311,1791,14.4,0,0,,
30900749,EuroLeague,2026-09-14T10:20:44.386515Z,75,173.5,175.0,over,4.7,3.25,4.298311,1791,24.7,0,0,,
30893692,CYBER,2026-09-14T10:23:36.498332Z,75,199.5,198.0,under,4.0,4.625,4.465108,449,0.0,1,0,1,
30893694,CYBER,2026-09-14T10:25:23.537175Z,75,209.5,216.0,over,4.25,4.7083,4.465108,449,5.4,1,1,0,0
30900877,TBSL,2026-09-14T10:35:11.556039Z,75,172.5,180.0,over,4.4333,3.95,4.163316,1945,0.0,0,0,,
30900875,TBSL,2026-09-14T10:35:12.242711Z,75,184.5,190.0,over,4.7667,4.15,4.163316,1945,0.0,0,0,,
30900874,TBSL,2026-09-14T10:35:31.567669Z,75,181.5,188.0,over,4.8,3.75,4.163316,1945,8.7,0,0,,
30900879,TBSL,2026-09-14T10:35:33.798788Z,75,151.5,157.0,over,3.8,3.75,4.163316,1945,10.9,0,0,,
30893714,CYBER,2026-09-14T10:38:57.318960Z,75,210.5,222.0,over,4.25,4.7917,4.463553,451,0.0,1,1,0,0
30900940,CBA,2026-09-14T10:48:37.702787Z,75,169.5,169.0,under,4.3667,3.85,4.452622,1087,24.8,0,0,,
30900941,CBA,2026-09-14T10:48:38.330417Z,75,211.5,207.0,under,5.4333,4.85,4.452622,1087,21.1,0,1,,1
30900943,CBA,2026-09-14T10:48:39.812991Z,75,190.5,198.0,over,5.0,4.05,4.452622,1087,26.9,0,0,,
30900964,KBL,2026-09-14T10:52:57.071196Z,75,158.5,158.0,under,4.1333,3.45,3.887372,1172,15.2,0,0,,
30901019,EuroLeague,2026-09-14T11:00:00.184176Z,75,161.5,154.0,under,4.0667,3.95,4.298566,1796,0.0,0,0,,
30901017,EuroLeague,2026-09-14T11:00:16.206545Z,75,180.5,198.0,over,4.7,3.95,4.298566,1796,41.5,0,0,,
30901020,EuroLeague,2026-09-14T11:00:17.690556Z,75,188.5,173.0,under,4.8,4.45,4.298566,1796,25.7,0,0,,
30901026,EuroLeague,2026-09-14T11:00:18.438322Z,75,170.5,174.0,over,4.3667,3.95,4.298566,1796,26.4,0,0,,
30900977,NBA,2026-09-14T11:01:26.157234Z,75,224.5,222.0,under,5.7333,5.25,5.633732,2631,0.0,0,0,,
30900985,NBA,2026-09-14T11:01:28.938549Z,75,235.5,245.0,over,6.1333,5.15,5.633732,2631,0.0,0,0,,
30900986,NBA,2026-09-14T11:01:29.477818Z,75,203.5,210.0,over,5.1667,4.85,5.633732,2631,0.0,0,0,,
30900978,NBA,2026-09-14T11:01:35.100650Z,75,233.5,234.0,over,6.1333,4.95,5.633732,2631,12.0,0,0,,
30900979,NBA,2026-09-14T11:01:35.834241Z,75,223.5,227.0,over,5.7667,5.05,5.633732,2631,29.3,0,0,,
30900980,NBA,2026-09-14T11:01:36.511594Z,75,210.5,216.0,over,5.4333,4.75,5.633732,2631,13.4,0,0,,
30900981,NBA,2026-09-14T11:01:37.172363Z,75,208.5,217.0,over,5.2333,5.15,5.633732,2631,30.6,0,0,,
30900982,NBA,2026-09-14T11:01:37.848011Z,75,281.5,274.0,under,7.2,6.55,5.633732,2631,31.3,0,1,,1
30900983,NBA,2026-09-14T11:01:38.641975Z,75,226.5,223.0,under,5.7333,5.45,5.633732,2631,15.5,0,0,,
30900984,NBA,2026-09-14T11:01:39.232041Z,75,217.5,218.0,over,5.7333,4.55,5.633732,2631,16.1,0,0,,
30900988,NBA,2026-09-14T11:01:41.662970Z,75,217.5,236.0,over,5.7667,4.45,5.633732,2631,18.6,0,0,,
30900987,NBA,2026-09-14T11:02:08.489288Z,75,203.5,206.0,over,5.3667,4.25,5.633732,2631,16.5,0,0,,
30901099,TBSL,2026-09-14T11:14:58.970091Z,75,158.5,169.0,over,4.1333,3.45,4.163943,1949,21.1,0,0,,
30901102,TBSL,2026-09-14T11:14:59.647716Z,75,184.5,199.0,over,4.8667,3.85,4.163943,1949,20.6,0,0,,
30901215,CBA,2026-09-14T11:28:50.085994Z,75,174.5,177.0,over,4.5333,3.85,4.453532,1090,20.7,0,0,,
30901216,CBA,2026-09-14T11:28:50.856755Z,75,193.5,188.0,under,5.0667,4.15,4.453532,1090,15.7,0,0,,
30901217,CBA,2026-09-14T11:28:51.476804Z,75,191.5,182.0,under,5.0333,4.05,4.453532,1090,22.1,0,0,,
30901218,CBA,2026-09-14T11:28:52.108038Z,75,184.5,189.0,over,4.9,3.75,4.453532,1090,15.7,0,0,,
30901286,KBL,2026-09-14T11:32:25.319139Z,75,153.5,148.0,under,4.0,3.35,3.887351,1174,0.0,0,0,,
30901283,KBL,2026-09-14T11:32:26.007821Z,75,156.5,158.0,over,4.1333,3.25,3.887351,1174,0.0,0,0,,
30901329,EuroLeague,2026-09-14T11:40:11.919590Z,75,185.5,176.0,under,4.8,4.15,4.298722,1800,18.8,0,0,,
30901332,EuroLeague,2026-09-14T11:40:13.369456Z,75,182.5,171.0,under,4.6333,4.35,4.298722,1800,20.3,0,0,,
30901336,EuroLeague,2026-09-14T11:40:14.163481Z,75,152.5,151.0,under,3.7333,4.05,4.298722,1800,36.5,0,0,,
30901331,EuroLeague,2026-09-14T11:40:49.416596Z,75,173.5,178.0,over,4.6,3.55,4.298722,1800,25.2,0,0,,
30901348,NBA,2026-09-14T11:49:29.347212Z,75,192.5,203.0,over,5.0,4.25,5.633958,2643,7.0,0,0,,
30901347,NBA,2026-09-14T11:49:29.483452Z,75,222.5,216.0,under,5.8667,4.65,5.633958,2643,0.0,0,0,,
30901349,NBA,2026-09-14T11:49:30.016122Z,75,229.5,223.0,under,5.9667,5.05,5.633958,2643,7.7,0,0,,
30901350,NBA,2026-09-14T11:49:31.158333Z,75,233.5,245.0,over,6.0,5.35,5.633958,2643,8.8,0,0,,
30901351,NBA,2026-09-14T11:49:31.861329Z,75,219.5,219.0,under,5.6667,4.95,5.633958,2643,7.4,0,0,,
30901352,NBA,2026-09-14T11:49:32.565493Z,75,213.5,223.0,over,5.4333,5.05,5.633958,2643,10.2,0,0,,
30901353,NBA,2026-09-14T11:49:33.295731Z,75,234.5,235.0,over,6.2333,4.75,5.633958,2643,7.4,0,0,,
30901354,NBA,2026-09-14T11:49:33.959614Z,75,237.5,236.0,under,6.1333,5.35,5.633958,2643,11.6,0,0,,
30901356,NBA,2026-09-14T11:49:34.850845Z,75,228.5,226.0,under,6.0,4.85,5.633958,2643,12.5,0,0,,
30901357,NBA,2026-09-14T11:49:35.601502Z,75,209.5,196.0,under,5.4333,4.65,5.633958,2643,13.2,0,0,,
30901358,NBA,2026-09-14T11:49:36.423244Z,75,262.5,259.0,under,6.8,5.85,5.633958,2643,12.0,0,0,,
30901403,TBSL,2026-09-14T11:55:14.132523Z,75,200.5,196.0,under,5.2,4.45,4.16439,1951,23.0,0,1,,1
30901404,TBSL,2026-09-14T11:55:14.755880Z,75,178.5,185.0,over,4.5333,4.25,4.16439,1951,23.6,0,0,,
30901406,TBSL,2026-09-14T11:55:15.383253Z,75,170.5,180.0,over,4.3333,4.05,4.16439,1951,29.8,0,0,,
30893719,CYBER,2026-09-14T11:57:47.314387Z,75,198.5,184.0,under,3.9637,4.6701,4.46399,453,2.9,1,1,1,1
30893722,CYBER,2026-09-14T11:57:47.862830Z,75,207.5,211.0,over,4.2382,4.5798,4.46399,453,1.3,1,0,0,
30901485,CBA,2026-09-14T12:08:51.348416Z,75,178.5,178.0,under,4.6667,3.85,4.454068,1094,40.9,0,0,,
30901486,CBA,2026-09-14T12:08:52.114234Z,75,167.5,175.0,over,4.2667,3.95,4.454068,1094,22.4,0,0,,
30901487,CBA,2026-09-14T12:08:52.897901Z,75,172.5,166.0,under,4.3333,4.25,4.454068,1094,42.5,0,0,,
30901488,CBA,2026-09-14T12:08:53.539658Z,75,179.5,175.0,under,4.4667,4.55,4.454068,1094,23.9,0,0,,
30901489,CBA,2026-09-14T12:08:54.173006Z,75,215.5,213.0,under,5.7667,4.25,4.454068,1094,43.7,0,0,,
30901515,KBL,2026-09-14T12:12:15.059394Z,75,157.5,167.0,over,4.0667,3.55,3.887107,1177,0.0,0,0,,
30901512,KBL,2026-09-14T12:12:15.989769Z,75,177.5,160.0,under,4.7,3.65,3.887107,1177,0.0,0,0,,
30901516,KBL,2026-09-14T12:12:44.775242Z,75,157.5,169.0,over,4.1333,3.35,3.887107,1177,34.9,0,0,,
30901556,EuroLeague,2026-09-14T12:19:59.458479Z,75,152.5,149.0,under,3.8333,3.75,4.298559,1804,0.0,0,0,,
30901557,EuroLeague,2026-09-14T12:20:00.485404Z,75,202.5,204.0,over,5.4,4.05,4.298559,1804,0.0,0,0,,
30901553,EuroLeague,2026-09-14T12:20:16.275356Z,75,185.5,191.0,over,4.7,4.45,4.298559,1804,19.6,0,0,,
30901696,TBSL,2026-09-14T12:35:13.163910Z,75,184.5,185.0,over,4.6333,4.55,4.165174,1954,16.9,0,1,,0
30901698,TBSL,2026-09-14T12:35:13.807299Z,75,167.5,171.0,over,4.3667,3.65,4.165174,1954,16.7,0,0,,
30901665,NBA,2026-09-14T12:37:29.404950Z,75,237.5,246.0,over,6.1333,5.35,5.633977,2654,0.0,0,0,,
30901671,NBA,2026-09-14T12:37:40.236401Z,75,203.5,197.0,under,5.2,4.75,5.633977,2654,0.0,0,0,,
30901675,NBA,2026-09-14T12:37:40.836343Z,75,274.5,284.0,over,7.1667,5.95,5.633977,2654,0.0,0,1,,0
30901666,NBA,2026-09-14T12:37:45.588812Z,75,246.5,240.0,under,6.4333,5.35,5.633977,2654,7.6,0,0,,
30901667,NBA,2026-09-14T12:37:46.261712Z,75,235.5,231.0,under,6.3,4.65,5.633977,2654,8.3,0,0,,
30901668,NBA,2026-09-14T12:37:46.907319Z,75,229.5,230.0,over,6.0,4.95,5.633977,2654,8.9,0,0,,
30901669,NBA,2026-09-14T12:37:47.506923Z,75,234.5,237.0,over,5.9667,5.55,5.633977,2654,9.6,0,0,,
30901670,NBA,2026-09-14T12:37:48.148638Z,75,200.5,194.0,under,5.1333,4.65,5.633977,2654,7.3,0,0,,
30901672,NBA,2026-09-14T12:37:49.227012Z,75,242.5,247.0,over,6.4,5.05,5.633977,2654,11.3,0,0,,
30901673,NBA,2026-09-14T12:37:49.837220Z,75,209.5,209.0,under,5.5,4.45,5.633977,2654,11.9,0,0,,
30901674,NBA,2026-09-14T12:37:50.575644Z,75,231.5,234.0,over,5.9333,5.35,5.633977,2654,12.6,0,0,,
30901676,NBA,2026-09-14T12:37:51.798646Z,75,257.5,262.0,over,6.8,5.35,5.633977,2654,13.8,0,0,,
30901745,CBA,2026-09-14T12:48:47.028243Z,75,181.5,174.0,under,4.8333,3.65,4.454436,1099,15.8,0,0,,
30901746,CBA,2026-09-14T12:48:47.540950Z,75,183.5,183.0,under,4.7667,4.05,4.454436,1099,11.1,0,0,,
30901747,CBA,2026-09-14T12:48:48.214267Z,75,235.5,237.0,over,6.2667,4.75,4.454436,1099,11.8,0,1,,0
30901748,CBA,2026-09-14T12:48:48.908245Z,75,164.5,162.0,under,4.2667,3.65,4.454436,1099,12.5,0,0,,
30901749,CBA,2026-09-14T12:48:49.496649Z,75,190.5,184.0,under,4.9,4.35,4.454436,1099,13.1,0,0,,
30901762,KBL,2026-09-14T12:52:27.423842Z,75,143.5,157.0,over,3.6333,3.45,3.887733,1180,10.2,0,0,,
30901763,KBL,2026-09-14T12:52:28.096860Z,75,174.5,180.0,over,4.5667,3.75,3.887733,1180,31.4,0,0,,
30901804,EuroLeague,2026-09-14T13:00:06.984818Z,75,169.5,164.0,under,4.2667,4.15,4.298949,1807,24.0,0,0,,
30901883,TBSL,2026-09-14T13:15:12.907614Z,75,172.5,156.0,under,4.4,4.05,4.165465,1956,11.9,0,0,,
30901885,TBSL,2026-09-14T13:15:13.724057Z,75,195.5,202.0,over,5.1333,4.15,4.165465,1956,15.8,0,0,,
30901886,TBSL,2026-09-14T13:15:14.326446Z,75,167.5,173.0,over,4.3333,3.75,4.165465,1956,16.4,0,0,,
30901925,NBA,2026-09-14T13:25:33.332682Z,75,243.5,236.0,under,6.4667,4.95,5.634977,2666,0.0,0,0,,
30901926,NBA,2026-09-14T13:26:02.146351Z,75,229.5,239.0,over,6.0667,4.75,5.634977,2666,2.6,0,0,,
30901927,NBA,2026-09-14T13:26:02.871579Z,75,214.5,217.0,over,5.5333,4.85,5.634977,2666,3.3,0,0,,
30901928,NBA,2026-09-14T13:26:03.677432Z,75,217.5,235.0,over,5.7,4.65,5.634977,2666,3.9,0,0,,
30901929,NBA,2026-09-14T13:26:04.467306Z,75,252.5,252.0,under,6.8,4.85,5.634977,2666,4.9,0,0,,
30901930,NBA,2026-09-14T13:26:05.158937Z,75,216.5,215.0,under,5.8,4.25,5.634977,2666,5.6,0,0,,
30901931,NBA,2026-09-14T13:26:05.817071Z,75,238.5,250.0,over,6.4,4.65,5.634977,2666,12.3,0,0,,
30901932,NBA,2026-09-14T13:26:06.436174Z,75,257.5,245.0,under,6.9333,4.95,5.634977,2666,6.6,0,0,,
30901933,NBA,2026-09-14T13:26:07.149558Z,75,215.5,205.0,under,5.5333,4.95,5.634977,2666,7.3,0,0,,
30901934,NBA,2026-09-14T13:26:07.936353Z,75,252.5,249.0,under,6.7667,4.95,5.634977,2666,14.4,0,0,,
30901935,NBA,2026-09-14T13:26:08.641198Z,75,209.5,212.0,over,5.4667,4.55,5.634977,2666,9.1,0,0,,
30901986,CBA,2026-09-14T13:28:54.415236Z,75,200.5,205.0,over,5.3333,4.05,4.455548,1104,14.6,0,0,,
30901987,CBA,2026-09-14T13:28:55.063947Z,75,182.5,184.0,over,4.7,4.15,4.455548,1104,13.1,0,0,,
30901988,CBA,2026-09-14T13:28:55.703197Z,75,171.5,156.0,under,4.4667,3.75,4.455548,1104,15.9,0,0,,
30901989,CBA,2026-09-14T13:28:56.364574Z,75,215.5,211.0,under,5.8,4.15,4.455548,1104,14.4,0,0,,
30902064,KBL,2026-09-14T13:32:26.176788Z,75,151.5,159.0,over,3.9333,3.35,3.888283,1182,0.0,0,0,,
30902063,KBL,2026-09-14T13:32:27.431946Z,75,116.5,112.0,under,2.9333,2.85,3.888283,1182,0.0,0,0,,
30902157,EuroLeague,2026-09-14T13:40:04.744817Z,75,161.5,157.0,under,4.0,4.15,4.298838,1808,16.1,0,0,,
30902158,EuroLeague,2026-09-14T13:40:05.345756Z,75,143.5,156.0,over,3.7333,3.15,4.298838,1808,21.0,0,0,,
30902508,TBSL,2026-09-14T13:55:24.693017Z,75,127.5,122.0,under,3.0333,3.65,4.165863,1959,14.7,0,0,,
30902510,TBSL,2026-09-14T13:55:25.355156Z,75,171.5,167.0,under,4.4667,3.75,4.165863,1959,27.0,0,0,,
30902511,TBSL,2026-09-14T13:55:26.059850Z,75,158.5,155.0,under,4.1667,3.35,4.165863,1959,16.1,0,0,,
30902512,TBSL,2026-09-14T13:55:26.751315Z,75,169.5,184.0,over,4.4333,3.65,4.165863,1959,16.8,0,0,,
30893740,CYBER,2026-09-14T14:07:11.740856Z,75,207.5,200.0,under,4.2269,4.6337,4.463895,457,1.6,1,0,1,
30902634,CBA,2026-09-14T14:08:38.127705Z,75,156.5,165.0,over,3.9667,3.75,4.456521,1108,0.0,0,0,,
30902636,CBA,2026-09-14T14:08:38.879561Z,75,161.5,149.0,under,4.1667,3.65,4.456521,1108,0.0,0,0,,
30893736,CYBER,2026-09-14T14:08:41.576047Z,75,224.5,244.0,over,4.7222,4.5417,4.463895,457,4.3,0,0,,
30902633,CBA,2026-09-14T14:08:59.343198Z,75,182.5,181.0,under,5.0,3.25,4.456521,1108,18.2,0,0,,
30902635,CBA,2026-09-14T14:09:02.406803Z,75,177.5,176.0,under,4.7333,3.55,4.456521,1108,21.0,0,0,,
30902637,CBA,2026-09-14T14:09:03.974667Z,75,172.5,171.0,under,4.4,4.05,4.456521,1108,22.9,0,0,,
30893738,CYBER,2026-09-14T14:11:56.565541Z,75,218.5,221.0,over,4.5065,4.6915,4.463895,457,1.0,0,1,,0
30902651,KBL,2026-09-14T14:13:01.862689Z,75,160.5,155.0,under,3.7333,4.85,3.887437,1184,22.4,1,1,1,1
30902653,KBL,2026-09-14T14:13:02.388443Z,75,176.5,169.0,under,4.6,3.85,3.887437,1184,21.4,0,0,,
30902655,KBL,2026-09-14T14:13:03.193767Z,75,193.5,189.0,under,5.1333,3.95,3.887437,1184,22.2,0,0,,
30902615,NBA,2026-09-14T14:13:30.118372Z,75,219.5,223.0,over,5.6,5.15,5.635684,2677,11.9,0,0,,
30902616,NBA,2026-09-14T14:13:30.871382Z,75,236.5,242.0,over,6.2333,4.95,5.635684,2677,3.5,0,0,,
30902618,NBA,2026-09-14T14:13:31.445569Z,75,207.5,202.0,under,5.2333,5.05,5.635684,2677,4.1,0,0,,
30902619,NBA,2026-09-14T14:13:32.122524Z,75,191.5,183.0,under,4.8667,4.55,5.635684,2677,4.6,0,0,,
30902620,NBA,2026-09-14T14:13:32.807494Z,75,230.5,225.0,under,6.0667,4.85,5.635684,2677,5.5,0,0,,
30902621,NBA,2026-09-14T14:13:33.515944Z,75,222.5,226.0,over,5.7333,5.05,5.635684,2677,6.2,0,0,,
30902622,NBA,2026-09-14T14:13:34.220370Z,75,210.5,208.0,under,5.3667,4.95,5.635684,2677,16.1,0,0,,
30902623,NBA,2026-09-14T14:13:34.920237Z,75,250.5,245.0,under,6.6,5.25,5.635684,2677,7.6,0,0,,
30902624,NBA,2026-09-14T14:13:35.727212Z,75,205.5,207.0,over,5.3,4.65,5.635684,2677,8.2,0,0,,
30902625,NBA,2026-09-14T14:13:36.357454Z,75,243.5,241.0,under,6.2667,5.55,5.635684,2677,9.0,0,0,,
30902626,NBA,2026-09-14T14:13:36.990923Z,75,220.5,216.0,under,5.6667,5.05,5.635684,2677,9.7,0,0,,
30902722,EuroLeague,2026-09-14T14:20:14.839202Z,75,155.5,150.0,under,3.9333,3.75,4.298412,1810,19.0,0,0,,
30902723,EuroLeague,2026-09-14T14:20:15.551061Z,75,198.5,201.0,over,5.1667,4.35,4.298412,1810,26.9,0,0,,
30902724,EuroLeague,2026-09-14T14:20:16.149104Z,75,166.5,167.0,over,4.2667,3.85,4.298412,1810,20.3,0,0,,
30902726,EuroLeague,2026-09-14T14:20:16.748978Z,75,172.5,178.0,over,4.5667,3.55,4.298412,1810,16.1,0,0,,
30902731,EuroLeague,2026-09-14T14:20:17.458294Z,75,175.5,177.0,over,4.6667,3.55,4.298412,1810,21.6,0,0,,
30902842,TBSL,2026-09-14T14:35:28.206166Z,75,181.5,179.0,under,4.7333,3.95,4.165372,1963,20.7,0,0,,
30902847,TBSL,2026-09-14T14:35:28.897190Z,75,165.5,168.0,over,4.4,3.35,4.165372,1963,21.4,0,0,,
30902848,TBSL,2026-09-14T14:35:29.605388Z,75,187.5,182.0,under,4.9333,3.95,4.165372,1963,17.6,0,0,,
30902928,CBA,2026-09-14T14:48:47.557981Z,75,183.5,177.0,under,4.7333,4.15,4.455413,1113,0.0,0,0,,
30902929,CBA,2026-09-14T14:49:10.560249Z,75,173.5,172.0,under,4.5,3.85,4.455413,1113,18.2,0,0,,
30902930,CBA,2026-09-14T14:49:11.129227Z,75,225.5,223.0,under,6.0,4.55,4.455413,1113,18.8,0,0,,
30902931,CBA,2026-09-14T14:49:11.912348Z,75,161.5,157.0,under,4.1333,3.75,4.455413,1113,19.6,0,0,,
30902932,CBA,2026-09-14T14:49:12.790259Z,75,203.5,196.0,under,5.5,3.85,4.455413,1113,20.1,0,0,,
30902955,KBL,2026-09-14T14:53:12.446120Z,75,129.5,128.0,under,3.3667,2.85,3.888416,1187,20.0,0,0,,
30893744,CYBER,2026-09-14T14:58:25.730337Z,75,215.5,199.0,under,4.3611,4.875,4.4649,460,9.4,1,1,1,1
30903002,EuroLeague,2026-09-14T15:00:28.269672Z,75,182.5,188.0,over,4.6667,4.25,4.298595,1815,38.7,0,0,,
30903003,EuroLeague,2026-09-14T15:00:28.893411Z,75,180.5,182.0,over,4.6667,4.05,4.298595,1815,27.4,0,0,,
30903004,EuroLeague,2026-09-14T15:00:29.798543Z,75,206.5,203.0,under,5.4,4.45,4.298595,1815,20.5,0,0,,
30903007,EuroLeague,2026-09-14T15:00:30.572610Z,75,180.5,180.0,under,4.7,3.95,4.298595,1815,28.6,0,0,,
30902969,NBA,2026-09-14T15:01:30.911469Z,75,241.5,236.0,under,6.3333,5.15,5.63511,2688,17.6,0,0,,
30902970,NBA,2026-09-14T15:01:31.557982Z,75,208.5,209.0,over,5.4,4.65,5.63511,2688,7.6,0,0,,
30902971,NBA,2026-09-14T15:01:32.339018Z,75,245.5,252.0,over,6.4,5.35,5.63511,2688,9.4,0,0,,
30902972,NBA,2026-09-14T15:01:33.060759Z,75,216.5,221.0,over,5.5667,4.95,5.63511,2688,10.1,0,0,,
30902973,NBA,2026-09-14T15:01:33.717537Z,75,222.5,214.0,under,5.7,5.15,5.63511,2688,18.8,0,0,,
30902974,NBA,2026-09-14T15:01:34.353050Z,75,242.5,241.0,under,6.3333,5.25,5.63511,2688,11.4,0,0,,
30902975,NBA,2026-09-14T15:01:34.958742Z,75,226.5,235.0,over,5.8667,5.05,5.63511,2688,9.3,0,0,,
30902976,NBA,2026-09-14T15:01:35.601198Z,75,215.5,215.0,under,5.5333,4.95,5.63511,2688,12.7,0,0,,
30902977,NBA,2026-09-14T15:01:36.423143Z,75,252.5,259.0,over,6.6667,5.25,5.63511,2688,13.5,0,0,,
30902978,NBA,2026-09-14T15:01:37.103884Z,75,216.5,234.0,over,5.6333,4.75,5.63511,2688,12.3,0,0,,
30902979,NBA,2026-09-14T15:01:37.760776Z,75,229.5,218.0,under,5.9667,5.05,5.63511,2688,13.8,0,0,,
30902980,NBA,2026-09-14T15:01:38.543556Z,75,221.5,213.0,under,5.7333,4.95,5.63511,2688,15.6,0,0,,
30903150,TBSL,2026-09-14T15:15:08.365204Z,75,146.5,145.0,under,3.6667,3.65,4.165743,1966,13.2,0,0,,
30903151,TBSL,2026-09-14T15:15:09.403444Z,75,180.5,173.0,under,4.6667,4.05,4.165743,1966,13.7,0,0,,
30903153,TBSL,2026-09-14T15:15:10.759132Z,75,194.5,198.0,over,5.0667,4.25,4.165743,1966,14.3,0,0,,
30903154,TBSL,2026-09-14T15:15:11.513149Z,75,182.5,195.0,over,4.8,3.85,4.165743,1966,14.3,0,0,,
30903155,TBSL,2026-09-14T15:15:12.237020Z,75,155.5,152.0,under,4.0667,3.35,4.165743,1966,14.0,0,0,,
30903157,TBSL,2026-09-14T15:15:12.982100Z,75,115.5,115.0,under,2.9333,2.75,4.165743,1966,13.9,0,0,,
30893752,CYBER,2026-09-14T15:25:27.544853Z,75,210.5,208.0,under,4.3056,4.625,4.464208,461,13.5,1,0,1,
30903197,CBA,2026-09-14T15:28:48.291099Z,75,233.5,237.0,over,6.3,4.45,4.456172,1118,13.4,0,0,,
30903198,CBA,2026-09-14T15:28:48.944058Z,75,153.5,163.0,over,3.9667,3.45,4.456172,1118,14.1,0,0,,
30903199,CBA,2026-09-14T15:28:49.622270Z,75,187.5,185.0,under,4.9333,3.95,4.456172,1118,14.8,0,0,,
30903200,CBA,2026-09-14T15:28:50.244340Z,75,165.5,152.0,under,4.1333,4.15,4.456172,1118,15.4,0,0,,
30903201,CBA,2026-09-14T15:28:50.919027Z,75,176.5,180.0,over,4.5333,4.05,4.456172,1118,16.1,0,0,,
30903259,KBL,2026-09-14T15:32:18.905868Z,75,189.5,195.0,over,5.1,3.65,3.887837,1188,0.0,0,0,,
30903260,KBL,2026-09-14T15:32:19.457177Z,75,155.5,154.0,under,4.0333,3.45,3.887837,1188,0.0,0,0,,
30893751,CYBER,2026-09-14T15:38:49.662488Z,75,210.5,221.0,over,4.2778,4.7083,4.463925,462,8.7,1,1,0,0
30903302,EuroLeague,2026-09-14T15:40:24.532610Z,75,182.5,178.0,under,4.7667,3.95,4.299491,1819,13.4,0,0,,
30903303,EuroLeague,2026-09-14T15:40:25.072716Z,75,165.5,163.0,under,4.3,3.65,4.299491,1819,13.9,0,0,,
30903306,EuroLeague,2026-09-14T15:40:25.753642Z,75,154.5,169.0,over,3.9667,3.55,4.299491,1819,15.6,0,0,,
30903312,NBA,2026-09-14T15:49:24.328783Z,75,229.5,223.0,under,6.0,4.95,5.6355,2700,8.4,0,0,,
30903313,NBA,2026-09-14T15:49:24.862102Z,75,211.5,229.0,over,5.4333,4.85,5.6355,2700,5.9,0,0,,
30903315,NBA,2026-09-14T15:49:25.507037Z,75,193.5,191.0,under,4.6667,5.35,5.6355,2700,5.0,0,0,,
30903316,NBA,2026-09-14T15:49:26.218346Z,75,217.5,218.0,over,5.5333,5.15,5.6355,2700,7.3,0,0,,
30903317,NBA,2026-09-14T15:49:26.792365Z,75,198.5,211.0,over,5.2333,4.15,5.6355,2700,6.2,0,0,,
30903318,NBA,2026-09-14T15:49:27.468112Z,75,220.5,229.0,over,5.7,4.95,5.6355,2700,6.3,0,0,,
30903319,NBA,2026-09-14T15:49:28.153214Z,75,229.5,225.0,under,6.0667,4.75,5.6355,2700,9.2,0,0,,
30903320,NBA,2026-09-14T15:49:28.814215Z,75,244.5,258.0,over,6.2667,5.65,5.6355,2700,13.6,0,0,,
30903321,NBA,2026-09-14T15:49:29.451174Z,75,240.5,235.0,under,6.2,5.45,5.6355,2700,10.5,0,0,,
30903322,NBA,2026-09-14T15:49:30.053829Z,75,239.5,248.0,over,6.1,5.65,5.6355,2700,9.5,0,0,,
30903323,NBA,2026-09-14T15:49:30.693516Z,75,236.5,248.0,over,6.1333,5.25,5.6355,2700,9.5,0,0,,
30903441,TBSL,2026-09-14T15:55:48.043021Z,75,184.5,185.0,over,4.9667,3.55,4.165467,1972,14.9,0,0,,
30903443,TBSL,2026-09-14T15:55:48.852539Z,75,171.5,169.0,under,4.4,3.95,4.165467,1972,21.6,0,0,,
30903524,CBA,2026-09-14T16:08:35.443449Z,75,168.5,167.0,under,4.2,4.25,4.456745,1123,24.5,0,0,,
30903525,CBA,2026-09-14T16:08:36.224009Z,75,185.5,182.0,under,4.7667,4.25,4.456745,1123,25.3,0,0,,
30903526,CBA,2026-09-14T16:08:37.027997Z,75,168.5,176.0,over,4.5,3.35,4.456745,1123,52.1,0,0,,
30903527,CBA,2026-09-14T16:08:37.929695Z,75,199.5,202.0,over,5.1667,4.45,4.456745,1123,27.0,0,0,,
30903528,CBA,2026-09-14T16:08:38.516282Z,75,162.5,171.0,over,4.0667,4.05,4.456745,1123,27.6,0,0,,
30893754,CYBER,2026-09-14T16:09:06.028213Z,75,197.5,221.0,over,4.0278,4.375,4.464215,464,13.7,0,0,,
30903551,KBL,2026-09-14T16:12:43.938452Z,75,199.5,194.0,under,5.2667,4.15,3.888634,1190,16.8,0,1,,1
30903554,KBL,2026-09-14T16:12:44.562500Z,75,163.5,154.0,under,4.1667,3.85,3.888634,1190,17.4,0,0,,
30903626,EuroLeague,2026-09-14T16:19:58.108564Z,75,182.5,182.0,under,4.7,4.15,4.29941,1822,0.0,0,0,,
30903629,EuroLeague,2026-09-14T16:19:59.043841Z,75,191.5,202.0,over,4.7333,4.95,4.29941,1822,0.0,0,1,,0
30903625,EuroLeague,2026-09-14T16:20:15.562101Z,75,164.5,165.0,over,4.2,3.85,4.29941,1822,42.8,0,0,,
30903631,EuroLeague,2026-09-14T16:20:17.760259Z,75,159.5,154.0,under,4.1667,3.45,4.29941,1822,25.8,0,0,,
30903849,TBSL,2026-09-14T16:35:04.181023Z,75,170.5,163.0,under,4.5333,3.45,4.165729,1974,13.4,0,0,,
30903851,TBSL,2026-09-14T16:35:04.872076Z,75,187.5,190.0,over,4.8667,4.15,4.165729,1974,25.9,0,0,,
30903800,NBA,2026-09-14T16:37:34.113716Z,75,241.5,252.0,over,6.3333,5.15,5.635826,2711,0.0,0,0,,
30903801,NBA,2026-09-14T16:37:41.206888Z,75,223.5,228.0,over,5.9,4.65,5.635826,2711,13.3,0,0,,
30903802,NBA,2026-09-14T16:37:41.918010Z,75,234.5,237.0,over,6.3,4.55,5.635826,2711,14.1,0,0,,
30903803,NBA,2026-09-14T16:37:42.566409Z,75,198.5,214.0,over,5.1667,4.35,5.635826,2711,3.6,0,0,,
30903804,NBA,2026-09-14T16:37:43.278509Z,75,233.5,225.0,under,6.0667,5.15,5.635826,2711,4.3,0,0,,
30903805,NBA,2026-09-14T16:37:44.026327Z,75,236.5,232.0,under,6.0667,5.45,5.635826,2711,16.2,0,0,,
30903806,NBA,2026-09-14T16:37:44.614898Z,75,187.5,188.0,over,4.7,4.65,5.635826,2711,16.8,0,0,,
30903807,NBA,2026-09-14T16:37:45.728657Z,75,218.5,225.0,over,5.7333,4.65,5.635826,2711,17.9,0,0,,
30903809,NBA,2026-09-14T16:37:46.430610Z,75,234.5,229.0,under,5.9,5.75,5.635826,2711,7.5,0,0,,
30903810,NBA,2026-09-14T16:37:47.017350Z,75,204.5,209.0,over,5.0667,5.25,5.635826,2711,19.1,0,0,,
30903811,NBA,2026-09-14T16:37:47.692832Z,75,185.5,183.0,under,4.7333,4.35,5.635826,2711,8.7,0,0,,
30893758,CYBER,2026-09-14T16:38:51.518868Z,75,221.5,201.0,under,4.6243,4.5844,4.464516,465,1.2,0,0,,
30903917,CBA,2026-09-14T16:49:10.541830Z,75,176.5,186.0,over,4.6667,3.65,4.456893,1128,24.4,0,0,,
30903918,CBA,2026-09-14T16:49:11.231340Z,75,209.5,220.0,over,5.6667,3.95,4.456893,1128,29.6,0,0,,
30903919,CBA,2026-09-14T16:49:11.974710Z,75,187.5,198.0,over,4.9333,3.95,4.456893,1128,18.6,0,0,,
30903920,CBA,2026-09-14T16:49:12.774324Z,75,165.5,170.0,over,4.3333,3.55,4.456893,1128,19.4,0,0,,
30903921,CBA,2026-09-14T16:49:13.385950Z,75,156.5,152.0,under,4.0667,3.45,4.456893,1128,27.2,0,0,,
30893757,CYBER,2026-09-14T16:59:37.753227Z,75,251.5,268.0,over,5.1944,5.375,4.463922,466,1.1,0,1,,0
30903985,EuroLeague,2026-09-14T17:00:06.397166Z,75,161.5,160.0,under,4.2,3.55,4.299617,1826,16.2,0,0,,
30903988,EuroLeague,2026-09-14T17:00:07.177279Z,75,159.5,150.0,under,4.1,3.65,4.299617,1826,30.5,0,0,,
30903991,EuroLeague,2026-09-14T17:00:07.847342Z,75,180.5,188.0,over,4.7,3.95,4.299617,1826,38.2,0,0,,
30903992,EuroLeague,2026-09-14T17:00:08.567296Z,75,177.5,177.0,under,4.7,3.65,4.299617,1826,31.9,0,0,,
30904095,TBSL,2026-09-14T17:15:25.732643Z,75,149.5,150.0,over,3.9667,3.05,4.165979,1976,28.3,0,0,,
30904100,TBSL,2026-09-14T17:15:26.373235Z,75,172.5,178.0,over,4.6,3.45,4.165979,1976,10.6,0,0,,
30904130,NBA,2026-09-14T17:25:32.804757Z,75,210.5,203.0,under,5.2333,5.35,5.635296,2722,0.0,0,0,,
30904138,NBA,2026-09-14T17:25:33.560893Z,75,173.5,176.0,over,4.1667,4.85,5.635296,2722,0.0,0,0,,
30904139,NBA,2026-09-14T17:25:34.243144Z,75,220.5,222.0,over,5.6667,5.05,5.635296,2722,0.0,0,0,,
30904131,NBA,2026-09-14T17:25:39.904094Z,75,251.5,261.0,over,6.6,5.35,5.635296,2722,12.4,0,0,,
30904132,NBA,2026-09-14T17:25:40.575707Z,75,210.5,223.0,over,5.4333,4.75,5.635296,2722,31.9,0,0,,
30904133,NBA,2026-09-14T17:25:41.188574Z,75,247.5,254.0,over,6.4667,5.35,5.635296,2722,13.7,0,0,,
30904134,NBA,2026-09-14T17:25:42.261308Z,75,238.5,236.0,under,4.7436,53.5,5.635296,2722,14.8,1,1,1,1
30904135,NBA,2026-09-14T17:25:42.971750Z,75,228.5,233.0,over,6.0333,4.75,5.635296,2722,15.5,0,0,,
30904136,NBA,2026-09-14T17:25:43.706477Z,75,219.5,217.0,under,5.7,4.85,5.635296,2722,16.2,0,0,,
30904137,NBA,2026-09-14T17:25:44.278872Z,75,217.5,220.0,over,5.6667,4.75,5.635296,2722,16.8,0,0,,
30904140,NBA,2026-09-14T17:25:46.352567Z,75,275.5,260.0,under,7.2333,5.85,5.635296,2722,18.9,0,0,,
30904179,CBA,2026-09-14T17:28:34.837408Z,75,181.5,188.0,over,4.8667,3.55,4.457657,1133,0.0,0,0,,
30904176,CBA,2026-09-14T17:28:55.656778Z,75,160.5,163.0,over,4.1333,3.65,4.457657,1133,15.7,0,0,,
30904177,CBA,2026-09-14T17:28:56.322783Z,75,191.5,192.0,over,5.1,3.85,4.457657,1133,16.3,0,0,,
30904178,CBA,2026-09-14T17:28:57.077770Z,75,180.5,173.0,under,4.7333,3.85,4.457657,1133,17.1,0,0,,
30904180,CBA,2026-09-14T17:28:58.403127Z,75,164.5,164.0,under,4.1667,3.95,4.457657,1133,18.4,0,0,,
30904275,KBL,2026-09-14T17:33:04.765557Z,75,218.5,231.0,over,6.0333,3.75,3.889899,1193,17.5,0,0,,
30904277,KBL,2026-09-14T17:33:05.281968Z,75,157.5,156.0,under,4.1333,3.35,3.889899,1193,18.0,0,0,,
30904310,EuroLeague,2026-09-14T17:40:16.654962Z,75,191.5,194.0,over,5.0333,4.05,4.29944,1830,9.8,0,0,,
30904312,EuroLeague,2026-09-14T17:40:17.471401Z,75,162.5,167.0,over,4.1667,3.75,4.29944,1830,15.0,0,0,,
30904313,EuroLeague,2026-09-14T17:40:18.106274Z,75,186.5,184.0,under,4.8667,4.05,4.29944,1830,11.2,0,0,,
30904317,EuroLeague,2026-09-14T17:40:18.758971Z,75,180.5,180.0,under,4.8,3.65,4.29944,1830,11.9,0,0,,
30904318,EuroLeague,2026-09-14T17:40:19.373375Z,75,160.5,157.0,under,4.1667,3.55,4.29944,1830,12.5,0,0,,
30904365,TBSL,2026-09-14T17:55:13.230030Z,75,166.5,164.0,under,4.3667,3.55,4.165913,1978,21.0,0,0,,
30904367,TBSL,2026-09-14T17:55:13.946536Z,75,184.5,184.0,under,4.8333,3.95,4.165913,1978,13.9,0,0,,
30904369,TBSL,2026-09-14T17:55:14.757728Z,75,176.5,173.0,under,4.5,4.15,4.165913,1978,14.7,0,0,,
30904487,CBA,2026-09-14T18:08:45.228742Z,75,205.5,201.0,under,5.3333,4.55,4.457403,1138,25.9,0,0,,
30904488,CBA,2026-09-14T18:08:45.990000Z,75,179.5,182.0,over,4.6,4.15,4.457403,1138,26.6,0,0,,
30904489,CBA,2026-09-14T18:08:46.797939Z,75,198.5,204.0,over,5.2,4.25,4.457403,1138,32.4,0,0,,
30904490,CBA,2026-09-14T18:08:47.509820Z,75,172.5,180.0,over,4.5667,3.55,4.457403,1138,28.1,0,0,,
30904491,CBA,2026-09-14T18:08:48.347936Z,75,149.5,149.0,under,3.8333,3.45,4.457403,1138,33.9,0,0,,
30904508,KBL,2026-09-14T18:12:26.661513Z,75,135.5,139.0,over,3.4667,3.15,3.891485,1195,20.6,0,0,,
30904509,KBL,2026-09-14T18:12:27.320780Z,75,156.5,158.0,over,3.9333,3.85,3.891485,1195,20.5,0,0,,
30904510,KBL,2026-09-14T18:12:28.115266Z,75,160.5,157.0,under,3.9,4.35,3.891485,1195,22.1,0,1,,1
30904468,NBA,2026-09-14T18:13:29.317621Z,75,190.5,188.0,under,4.9,4.35,5.635529,2733,0.0,0,0,,
30904469,NBA,2026-09-14T18:13:36.222787Z,75,209.5,213.0,over,5.4667,4.55,5.635529,2733,2.8,0,0,,
30904470,NBA,2026-09-14T18:13:37.321875Z,75,245.5,247.0,over,6.4667,5.15,5.635529,2733,3.5,0,0,,
30904471,NBA,2026-09-14T18:13:38.114854Z,75,222.5,213.0,under,5.7,5.15,5.635529,2733,4.3,0,0,,
30904472,NBA,2026-09-14T18:13:38.955298Z,75,222.5,213.0,under,5.6667,5.25,5.635529,2733,5.2,0,0,,
30904473,NBA,2026-09-14T18:13:39.537018Z,75,257.5,261.0,over,6.7667,5.45,5.635529,2733,5.7,0,0,,
30904474,NBA,2026-09-14T18:13:40.084469Z,75,225.5,215.0,under,5.7667,5.25,5.635529,2733,6.3,0,0,,
30904475,NBA,2026-09-14T18:13:40.895723Z,75,211.5,204.0,under,5.6,4.35,5.635529,2733,14.1,0,0,,
30904476,NBA,2026-09-14T18:13:41.590684Z,75,237.5,237.0,under,6.2667,4.95,5.635529,2733,7.8,0,0,,
30904477,NBA,2026-09-14T18:13:42.277491Z,75,239.5,249.0,over,6.1333,5.55,5.635529,2733,8.5,0,0,,
30904478,NBA,2026-09-14T18:13:42.955752Z,75,240.5,245.0,over,6.2667,5.25,5.635529,2733,9.2,0,0,,
30904479,NBA,2026-09-14T18:13:43.798396Z,75,257.5,263.0,over,6.6333,5.85,5.635529,2733,10.0,0,0,,
30893760,CYBER,2026-09-14T18:16:33.099164Z,75,238.5,240.0,over,4.9444,5.0417,4.466319,467,3.2,0,1,,0
30904527,EuroLeague,2026-09-14T18:20:20.561624Z,75,159.5,153.0,under,4.1,3.65,4.299741,1835,19.8,0,0,,
30904528,EuroLeague,2026-09-14T18:20:21.570501Z,75,169.5,172.0,over,4.3667,3.85,4.299741,1835,23.4,0,0,,
30904529,EuroLeague,2026-09-14T18:20:22.375764Z,75,164.5,169.0,over,4.2667,3.65,4.299741,1835,24.2,0,0,,
30904531,EuroLeague,2026-09-14T18:20:23.238278Z,75,197.5,199.0,over,5.0667,4.55,4.299741,1835,25.1,0,1,,0
30904532,EuroLeague,2026-09-14T18:20:24.102322Z,75,142.5,146.0,over,3.6667,3.25,4.299741,1835,26.0,0,0,,
30904534,EuroLeague,2026-09-14T18:20:24.929045Z,75,176.5,187.0,over,4.6333,3.75,4.299741,1835,26.8,0,0,,
30893759,CYBER,2026-09-14T18:28:40.517983Z,75,224.5,238.0,over,4.6667,4.7083,4.466319,467,22.2,0,1,,0
30904645,TBSL,2026-09-14T18:35:43.615126Z,75,160.5,163.0,over,4.2667,3.25,4.166179,1981,12.9,0,0,,
30904646,TBSL,2026-09-14T18:35:44.668817Z,75,164.5,175.0,over,4.4,3.25,4.166179,1981,10.0,0,0,,
30904648,TBSL,2026-09-14T18:35:45.422378Z,75,187.5,193.0,over,4.9,4.05,4.166179,1981,10.7,0,0,,
30904749,CBA,2026-09-14T18:48:38.223824Z,75,161.5,163.0,over,4.1667,3.65,4.45794,1143,0.0,0,0,,
30904746,CBA,2026-09-14T18:49:02.284510Z,75,192.5,196.0,over,5.1333,3.85,4.45794,1143,30.2,0,0,,
30904747,CBA,2026-09-14T18:49:03.055897Z,75,160.5,155.0,under,4.1,3.75,4.45794,1143,15.9,0,0,,
30904748,CBA,2026-09-14T18:49:03.779170Z,75,175.5,174.0,under,4.6333,3.65,4.45794,1143,16.6,0,0,,
30904750,CBA,2026-09-14T18:49:05.466414Z,75,194.5,193.0,under,5.1,4.15,4.45794,1143,18.3,0,0,,
30904767,KBL,2026-09-14T18:52:59.921908Z,75,141.5,140.0,under,3.7,3.05,3.891215,1198,28.2,0,0,,
30904806,EuroLeague,2026-09-14T19:00:04.042109Z,75,158.5,163.0,over,4.1,3.55,4.299661,1841,14.3,0,0,,
30904808,EuroLeague,2026-09-14T19:00:05.318742Z,75,211.5,209.0,under,5.4667,4.75,4.299661,1841,15.6,0,1,,1
30904812,EuroLeague,2026-09-14T19:00:06.648195Z,75,140.5,150.0,over,3.6667,3.05,4.299661,1841,35.7,0,0,,
30904809,EuroLeague,2026-09-14T19:00:34.635352Z,75,191.5,186.0,under,4.9,4.45,4.299661,1841,15.4,0,0,,
30904807,EuroLeague,2026-09-14T19:01:08.491978Z,75,171.5,177.0,over,4.4333,3.85,4.299661,1841,19.9,0,0,,
30904780,NBA,2026-09-14T19:01:35.520722Z,75,247.5,253.0,over,6.3667,5.65,5.63592,2745,10.5,0,0,,
30904781,NBA,2026-09-14T19:01:36.122965Z,75,240.5,246.0,over,6.1667,5.55,5.63592,2745,11.1,0,0,,
30904782,NBA,2026-09-14T19:01:36.772106Z,75,251.5,253.0,over,6.6667,5.15,5.63592,2745,6.2,0,0,,
30904783,NBA,2026-09-14T19:01:37.535090Z,75,252.5,265.0,over,6.6,5.45,5.63592,2745,6.2,0,0,,
30904784,NBA,2026-09-14T19:01:38.098545Z,75,190.5,195.0,over,4.8667,4.45,5.63592,2745,13.1,0,0,,
30904785,NBA,2026-09-14T19:01:38.654943Z,75,226.5,224.0,under,5.9,4.95,5.63592,2745,13.6,0,0,,
30904786,NBA,2026-09-14T19:01:39.704329Z,75,235.5,236.0,over,6.0,5.55,5.63592,2745,14.7,0,0,,
30904787,NBA,2026-09-14T19:01:40.350190Z,75,186.5,178.0,under,4.9667,3.75,5.63592,2745,9.0,0,0,,
30904788,NBA,2026-09-14T19:01:41.085061Z,75,229.5,235.0,over,6.0333,4.85,5.63592,2745,16.0,0,0,,
30904789,NBA,2026-09-14T19:01:41.931089Z,75,212.5,220.0,over,5.3667,5.15,5.63592,2745,16.9,0,0,,
30904790,NBA,2026-09-14T19:01:42.507329Z,75,262.5,272.0,over,6.8667,5.65,5.63592,2745,17.5,0,0,,
30904950,TBSL,2026-09-14T19:15:05.407809Z,75,151.5,148.0,under,3.8333,3.65,4.16657,1984,1.4,0,0,,
30904952,TBSL,2026-09-14T19:15:05.957112Z,75,188.5,190.0,over,4.9333,4.05,4.16657,1984,39.0,0,0,,
30904954,TBSL,2026-09-14T19:15:06.589823Z,75,170.5,173.0,over,4.5,3.55,4.16657,1984,2.6,0,0,,
30905068,CBA,2026-09-14T19:29:05.081276Z,75,189.5,184.0,under,5.0333,3.85,4.457709,1148,11.8,0,0,,
30905069,CBA,2026-09-14T19:29:05.705585Z,75,168.5,166.0,under,4.5,3.35,4.457709,1148,12.4,0,0,,
30905070,CBA,2026-09-14T19:29:06.288831Z,75,192.5,188.0,under,5.0667,4.05,4.457709,1148,14.4,0,0,,
30905071,CBA,2026-09-14T19:29:06.946562Z,75,173.5,170.0,under,4.5667,3.65,4.457709,1148,13.7,0,0,,
30905072,CBA,2026-09-14T19:29:07.503939Z,75,168.5,164.0,under,4.4,3.65,4.457709,1148,15.6,0,0,,
30905146,KBL,2026-09-14T19:32:26.207688Z,75,150.5,162.0,over,3.8667,3.45,3.890888,1199,0.0,0,0,,
30905145,KBL,2026-09-14T19:32:49.724316Z,75,152.5,148.0,under,3.9,3.55,3.890888,1199,23.5,0,0,,
30905147,KBL,2026-09-14T19:32:50.999392Z,75,146.5,163.0,over,3.8,3.25,3.890888,1199,25.9,0,0,,
30905209,EuroLeague,2026-09-14T19:40:04.628001Z,75,154.5,150.0,under,3.9333,3.65,4.30023,1847,14.0,0,0,,
30905211,EuroLeague,2026-09-14T19:40:05.318781Z,75,160.5,162.0,over,4.2333,3.35,4.30023,1847,21.2,0,0,,
30905212,EuroLeague,2026-09-14T19:40:06.081324Z,75,186.5,176.0,under,5.0,3.65,4.30023,1847,14.6,0,0,,
30905216,EuroLeague,2026-09-14T19:40:06.609556Z,75,168.5,170.0,over,4.4,3.65,4.30023,1847,22.4,0,0,,
30905233,NBA,2026-09-14T19:49:49.450042Z,75,250.5,236.0,under,6.5333,5.45,5.636802,2756,17.8,0,0,,
30905234,NBA,2026-09-14T19:49:49.954666Z,75,191.5,182.0,under,4.9333,4.35,5.636802,2756,8.2,0,0,,
30905235,NBA,2026-09-14T19:49:50.445407Z,75,237.5,230.0,under,6.2,5.15,5.636802,2756,30.9,0,0,,
30905236,NBA,2026-09-14T19:49:51.013000Z,75,259.5,264.0,over,6.8667,5.35,5.636802,2756,4.5,0,0,,
30905237,NBA,2026-09-14T19:49:51.647284Z,75,242.5,246.0,over,6.3,5.35,5.636802,2756,5.2,0,0,,
30905238,NBA,2026-09-14T19:49:52.407283Z,75,208.5,205.0,under,5.4667,4.45,5.636802,2756,37.3,0,0,,
30905239,NBA,2026-09-14T19:49:53.146602Z,75,220.5,225.0,over,5.7333,4.85,5.636802,2756,11.4,0,0,,
30905241,NBA,2026-09-14T19:49:54.151769Z,75,220.5,221.0,over,5.6667,5.05,5.636802,2756,7.7,0,0,,
30905242,NBA,2026-09-14T19:49:54.685837Z,75,187.5,185.0,under,4.8667,4.15,5.636802,2756,12.9,0,0,,
30905243,NBA,2026-09-14T19:49:55.305011Z,75,258.5,263.0,over,6.8,5.45,5.636802,2756,13.6,0,0,,
30905244,NBA,2026-09-14T19:49:56.002601Z,75,180.5,175.0,under,4.6,4.25,5.636802,2756,9.5,0,0,,
30905301,TBSL,2026-09-14T19:55:31.571822Z,75,170.5,180.0,over,4.4333,3.75,4.166709,1987,16.3,0,0,,
30905302,TBSL,2026-09-14T19:55:32.228136Z,75,175.5,181.0,over,4.6667,3.55,4.166709,1987,16.9,0,0,,
30905303,TBSL,2026-09-14T19:55:33.005213Z,75,201.5,195.0,under,5.4333,3.85,4.166709,1987,17.7,0,0,,
30905352,CBA,2026-09-14T20:09:11.758648Z,75,184.5,179.0,under,4.9333,3.65,4.457285,1153,16.9,0,0,,
30905353,CBA,2026-09-14T20:09:12.486120Z,75,181.5,190.0,over,4.9333,3.35,4.457285,1153,24.2,0,0,,
30905354,CBA,2026-09-14T20:09:13.145441Z,75,155.5,154.0,under,4.0,3.55,4.457285,1153,18.2,0,0,,
30905355,CBA,2026-09-14T20:09:13.723457Z,75,182.5,170.0,under,4.8333,3.75,4.457285,1153,33.8,0,0,,
30905356,CBA,2026-09-14T20:09:14.217127Z,75,151.5,148.0,under,4.0,3.15,4.457285,1153,19.3,0,0,,
30905389,KBL,2026-09-14T20:12:30.479268Z,75,152.5,153.0,over,3.9667,3.35,3.891015,1202,17.8,0,0,,
30905390,KBL,2026-09-14T20:12:31.075256Z,75,138.5,133.0,under,3.5667,3.15,3.891015,1202,18.4,0,0,,
30905418,EuroLeague,2026-09-14T20:20:37.085553Z,75,187.5,178.0,under,4.8667,4.15,4.299824,1851,20.9,0,0,,
30905419,EuroLeague,2026-09-14T20:20:37.699508Z,75,165.5,162.0,under,4.3333,3.55,4.299824,1851,13.3,0,0,,
30905421,EuroLeague,2026-09-14T20:20:38.401157Z,75,177.5,179.0,over,4.6667,3.75,4.299824,1851,22.4,0,0,,
30905423,EuroLeague,2026-09-14T20:20:38.918438Z,75,177.5,172.0,under,4.7667,3.45,4.299824,1851,14.5,0,0,,
30905425,EuroLeague,2026-09-14T20:20:39.549549Z,75,139.5,139.0,under,3.6,3.15,4.299824,1851,36.3,0,0,,
30905426,EuroLeague,2026-09-14T20:20:40.166688Z,75,170.5,166.0,under,4.5333,3.45,4.299824,1851,15.8,0,0,,
30893768,CYBER,2026-09-14T20:23:42.428374Z,75,217.5,219.0,over,4.4444,4.7917,4.468506,469,1.4,1,1,0,0
30893766,CYBER,2026-09-14T20:30:51.825629Z,75,208.5,196.0,under,4.25,4.625,4.468506,469,10.0,1,0,1,
30893769,CYBER,2026-09-14T20:32:17.305134Z,75,197.5,198.0,over,3.9722,4.5417,4.468506,469,0.0,1,0,0,
30905515,TBSL,2026-09-14T20:35:12.362840Z,75,161.5,167.0,over,4.0667,3.95,4.167412,1990,18.3,0,0,,
30905516,TBSL,2026-09-14T20:35:12.939970Z,75,178.5,188.0,over,4.7,3.75,4.167412,1990,18.9,0,0,,
30905517,TBSL,2026-09-14T20:35:13.411721Z,75,164.5,173.0,over,4.2,3.85,4.167412,1990,25.3,0,0,,
30905520,TBSL,2026-09-14T20:35:13.908231Z,75,165.5,171.0,over,4.2,3.95,4.167412,1990,19.8,0,0,,
30905487,NBA,2026-09-14T20:37:33.453484Z,75,247.5,241.0,under,6.5,5.25,5.636366,2767,1.2,0,0,,
30905488,NBA,2026-09-14T20:37:34.032479Z,75,223.5,225.0,over,5.9,4.65,5.636366,2767,11.3,0,0,,
30905489,NBA,2026-09-14T20:37:34.597769Z,75,209.5,212.0,over,5.3,5.05,5.636366,2767,8.7,0,0,,
30905490,NBA,2026-09-14T20:37:35.261899Z,75,253.5,264.0,over,6.7333,5.15,5.636366,2767,10.0,0,0,,
30905491,NBA,2026-09-14T20:37:35.844064Z,75,236.5,237.0,over,6.1,5.35,5.636366,2767,13.1,0,0,,
30905492,NBA,2026-09-14T20:37:36.361335Z,75,214.5,217.0,over,5.5,4.95,5.636366,2767,10.5,0,0,,
30905493,NBA,2026-09-14T20:37:36.974342Z,75,231.5,241.0,over,6.0333,5.05,5.636366,2767,14.2,0,0,,
30905494,NBA,2026-09-14T20:37:37.689768Z,75,200.5,199.0,under,5.1667,4.55,5.636366,2767,15.0,0,0,,
30905495,NBA,2026-09-14T20:37:38.443319Z,75,180.5,184.0,over,4.4333,4.75,5.636366,2767,15.7,0,0,,
30905496,NBA,2026-09-14T20:37:38.986444Z,75,210.5,214.0,over,5.4,4.85,5.636366,2767,42.8,0,0,,
30905497,NBA,2026-09-14T20:37:39.559811Z,75,213.5,221.0,over,5.5333,4.75,5.636366,2767,16.8,0,0,,
30905498,NBA,2026-09-14T20:37:40.043620Z,75,236.5,229.0,under,6.0333,5.55,5.636366,2767,17.3,0,0,,
30905561,CBA,2026-09-14T20:48:22.547194Z,75,194.5,191.0,under,5.1,4.15,4.456196,1158,14.2,0,0,,
30905562,CBA,2026-09-14T20:48:23.052911Z,75,160.5,158.0,under,4.1333,3.65,4.456196,1158,14.1,0,0,,
30905563,CBA,2026-09-14T20:48:23.498774Z,75,187.5,191.0,over,4.8667,4.15,4.456196,1158,15.1,0,0,,
30905564,CBA,2026-09-14T20:48:23.925484Z,75,146.5,151.0,over,3.7667,3.35,4.456196,1158,32.5,0,0,,
30905565,CBA,2026-09-14T20:48:24.329562Z,75,157.5,157.0,under,4.1,3.45,4.456196,1158,15.3,0,0,,
30905578,KBL,2026-09-14T20:52:16.979341Z,75,133.5,140.0,over,3.3,3.45,3.89049,1204,10.9,0,0,,
30905602,EuroLeague,2026-09-14T21:00:03.664726Z,75,149.5,146.0,under,3.7333,3.75,4.29934,1857,10.8,0,0,,
30905603,EuroLeague,2026-09-14T21:00:04.213375Z,75,149.5,145.0,under,3.7667,3.65,4.29934,1857,10.7,0,0,,
30905604,EuroLeague,2026-09-14T21:00:04.631017Z,75,147.5,141.0,under,3.8,3.35,4.29934,1857,18.3,0,0,,
30905606,EuroLeague,2026-09-14T21:00:05.144940Z,75,183.5,181.0,under,4.6,4.55,4.29934,1857,11.6,0,1,,1
30893770,CYBER,2026-09-14T21:17:23.800199Z,75,227.5,232.0,over,4.6518,5.0129,4.467161,472,0.2,0,1,,0
30905689,NBA,2026-09-14T21:25:24.421771Z,75,227.5,225.0,under,5.7667,5.45,5.636173,2779,0.0,0,0,,
30905691,NBA,2026-09-14T21:25:33.643394Z,75,223.5,228.0,over,5.7667,5.05,5.636173,2779,0.0,0,0,,
30905694,NBA,2026-09-14T21:25:34.292015Z,75,237.5,224.0,under,6.2667,4.95,5.636173,2779,0.0,0,0,,
30905690,NBA,2026-09-14T21:25:41.757040Z,75,232.5,242.0,over,6.0333,5.15,5.636173,2779,3.1,0,0,,
30905692,NBA,2026-09-14T21:25:43.021741Z,75,225.5,220.0,under,5.8667,4.95,5.636173,2779,3.9,0,0,,
30905693,NBA,2026-09-14T21:25:43.721002Z,75,223.5,223.0,under,5.8,4.95,5.636173,2779,5.0,0,0,,
30905695,NBA,2026-09-14T21:25:45.176886Z,75,240.5,255.0,over,6.3667,4.95,5.636173,2779,6.5,0,0,,
30905696,NBA,2026-09-14T21:25:45.835148Z,75,195.5,192.0,under,5.0333,4.45,5.636173,2779,19.2,0,0,,
30905697,NBA,2026-09-14T21:25:46.416753Z,75,229.5,235.0,over,5.9333,5.15,5.636173,2779,7.3,0,0,,
30905698,NBA,2026-09-14T21:25:47.092458Z,75,198.5,195.0,under,5.0,4.85,5.636173,2779,8.4,0,0,,
30905699,NBA,2026-09-14T21:25:47.756371Z,75,241.5,242.0,over,6.3667,5.05,5.636173,2779,9.1,0,0,,
30905700,NBA,2026-09-14T21:25:48.424531Z,75,204.5,205.0,over,5.3,4.55,5.636173,2779,9.7,0,0,,
30905718,CBA,2026-09-14T21:29:17.785789Z,75,179.5,191.0,over,4.7667,3.65,4.455267,1163,18.9,0,0,,
30905719,CBA,2026-09-14T21:29:18.418711Z,75,190.5,177.0,under,4.9,4.35,4.455267,1163,19.5,0,0,,
30905720,CBA,2026-09-14T21:29:19.147676Z,75,182.5,181.0,under,4.9,3.55,4.455267,1163,21.1,0,0,,
30905721,CBA,2026-09-14T21:29:19.999178Z,75,210.5,218.0,over,5.6667,4.05,4.455267,1163,23.4,0,0,,
30905722,CBA,2026-09-14T21:29:20.750247Z,75,145.5,152.0,over,3.8333,3.05,4.455267,1163,23.0,0,0,,
30906538,KBL,2026-09-14T21:32:55.241868Z,75,173.5,168.0,under,4.6333,3.45,3.890166,1205,19.4,0,0,,
30906541,KBL,2026-09-14T21:32:55.687396Z,75,167.5,173.0,over,4.3667,3.65,3.890166,1205,19.9,0,0,,
30906839,EuroLeague,2026-09-14T21:40:05.715193Z,75,181.5,167.0,under,4.8333,3.65,4.298334,1861,0.0,0,0,,
30906838,EuroLeague,2026-09-14T21:40:06.325267Z,75,155.5,167.0,over,3.9333,3.75,4.298334,1861,0.0,0,0,,
30906840,EuroLeague,2026-09-14T21:40:06.916929Z,75,171.5,176.0,over,4.5333,3.55,4.298334,1861,0.0,0,0,,
30906832,EuroLeague,2026-09-14T21:40:14.730758Z,75,189.5,175.0,under,4.9,4.25,4.298334,1861,5.8,0,0,,
30906833,EuroLeague,2026-09-14T21:40:15.237760Z,75,164.5,167.0,over,4.3,3.55,4.298334,1861,6.3,0,0,,
30906834,EuroLeague,2026-09-14T21:40:15.802402Z,75,181.5,191.0,over,4.8333,3.65,4.298334,1861,6.8,0,0,,
30906837,EuroLeague,2026-09-14T21:40:16.332681Z,75,158.5,164.0,over,4.1,3.55,4.298334,1861,7.4,0,0,,
30906979,TBSL,2026-09-14T21:55:38.643217Z,75,190.5,184.0,under,5.0667,3.85,4.167816,1994,9.6,0,0,,
30906981,TBSL,2026-09-14T21:55:39.186147Z,75,177.5,175.0,under,4.7,3.65,4.167816,1994,10.1,0,0,,
30906985,TBSL,2026-09-14T21:55:39.764193Z,75,154.5,145.0,under,3.8667,3.85,4.167816,1994,10.7,0,0,,
30893779,CYBER,2026-09-14T22:03:24.734857Z,75,217.5,204.0,under,4.5142,4.5844,4.467935,473,0.1,0,0,,
30893781,CYBER,2026-09-14T22:03:59.260109Z,75,200.5,197.0,under,4.1944,4.125,4.467935,473,10.2,0,0,,
30907082,CBA,2026-09-14T22:08:32.338032Z,75,170.5,183.0,over,4.4333,3.75,4.455865,1168,15.5,0,0,,
30907083,CBA,2026-09-14T22:08:33.506214Z,75,207.5,213.0,over,5.4,4.55,4.455865,1168,16.7,0,0,,
30907084,CBA,2026-09-14T22:08:34.377693Z,75,174.5,178.0,over,4.5667,3.75,4.455865,1168,17.6,0,0,,
30907085,CBA,2026-09-14T22:08:35.061055Z,75,150.5,142.0,under,3.9,3.35,4.455865,1168,30.8,0,0,,
30907086,CBA,2026-09-14T22:08:35.752313Z,75,169.5,170.0,over,4.3667,3.85,4.455865,1168,18.9,0,0,,
30907110,KBL,2026-09-14T22:12:50.528805Z,75,153.5,152.0,under,4.1,3.05,3.890783,1207,20.3,0,0,,
30907060,NBA,2026-09-14T22:13:40.960767Z,75,216.5,218.0,over,5.4,5.45,5.636,2791,0.0,0,0,,
30907066,NBA,2026-09-14T22:13:41.608304Z,75,239.5,228.0,under,6.2,5.35,5.636,2791,0.0,0,0,,
30907059,NBA,2026-09-14T22:13:47.391958Z,75,254.5,259.0,over,6.7,5.35,5.636,2791,6.4,0,0,,
30907061,NBA,2026-09-14T22:13:48.364243Z,75,230.5,232.0,over,6.0333,4.95,5.636,2791,13.8,0,0,,
30907062,NBA,2026-09-14T22:13:48.945521Z,75,243.5,252.0,over,6.2333,5.65,5.636,2791,4.2,0,0,,
30907063,NBA,2026-09-14T22:13:49.488926Z,75,235.5,241.0,over,6.1667,5.05,5.636,2791,5.3,0,0,,
30907065,NBA,2026-09-14T22:13:49.959901Z,75,219.5,212.0,under,5.6333,5.05,5.636,2791,5.7,0,0,,
30907067,NBA,2026-09-14T22:13:51.190248Z,75,221.5,214.0,under,5.7667,4.85,5.636,2791,7.0,0,0,,
30907068,NBA,2026-09-14T22:13:51.797211Z,75,221.5,224.0,over,5.7667,4.85,5.636,2791,7.5,0,0,,
30907069,NBA,2026-09-14T22:13:52.492989Z,75,237.5,227.0,under,6.2333,5.05,5.636,2791,8.3,0,0,,
30907070,NBA,2026-09-14T22:13:53.083994Z,75,236.5,242.0,over,6.2,5.05,5.636,2791,8.3,0,0,,
30907154,EuroLeague,2026-09-14T22:20:02.949564Z,75,164.5,171.0,over,4.2333,3.75,4.298381,1868,16.5,0,0,,
30907156,EuroLeague,2026-09-14T22:20:03.508075Z,75,205.5,204.0,under,5.6,3.75,4.298381,1868,12.9,0,0,,
30907157,EuroLeague,2026-09-14T22:20:04.112907Z,75,157.5,151.0,under,4.1333,3.35,4.298381,1868,13.5,0,0,,
30907158,EuroLeague,2026-09-14T22:20:04.746835Z,75,168.5,174.0,over,4.3667,3.75,4.298381,1868,16.4,0,0,,
30907161,EuroLeague,2026-09-14T22:20:05.259295Z,75,206.5,207.0,over,5.5,4.15,4.298381,1868,14.7,0,0,,
30907162,EuroLeague,2026-09-14T22:20:05.867231Z,75,145.5,142.0,under,3.7,3.45,4.298381,1868,18.0,0,0,,
30907221,TBSL,2026-09-14T22:35:06.435173Z,75,199.5,196.0,under,5.1333,4.55,4.167864,1997,0.0,0,1,,1
30907224,TBSL,2026-09-14T22:35:07.020044Z,75,126.5,120.0,under,3.2,3.05,4.167864,1997,0.0,0,0,,
30907220,TBSL,2026-09-14T22:35:23.159129Z,75,184.5,191.0,over,4.9667,3.55,4.167864,1997,10.1,0,0,,
30907223,TBSL,2026-09-14T22:35:24.552151Z,75,142.5,132.0,under,3.5,3.75,4.167864,1997,11.5,0,0,,
30907282,CBA,2026-09-14T22:48:43.156429Z,75,155.5,156.0,over,3.9667,3.65,4.455754,1173,33.3,0,0,,
30907283,CBA,2026-09-14T22:48:43.851729Z,75,193.5,189.0,under,4.9667,4.45,4.455754,1173,25.8,0,0,,
30907284,CBA,2026-09-14T22:48:46.441354Z,75,142.5,148.0,over,3.5,3.75,4.455754,1173,36.6,0,0,,
30907285,CBA,2026-09-14T22:48:47.628811Z,75,204.5,211.0,over,5.3333,4.45,4.455754,1173,44.3,0,0,,
30907286,CBA,2026-09-14T22:48:48.948841Z,75,195.5,192.0,under,5.2,3.95,4.455754,1173,30.2,0,0,,
30907310,KBL,2026-09-14T22:52:34.854551Z,75,144.5,142.0,under,3.6667,3.45,3.890708,1208,24.8,0,0,,
30907313,KBL,2026-09-14T22:52:35.576915Z,75,154.5,160.0,over,3.9333,3.65,3.890708,1208,21.4,0,0,,
30907358,EuroLeague,2026-09-14T23:00:09.344303Z,75,173.5,166.0,under,4.4333,4.05,4.298613,1874,14.3,0,0,,
30907360,EuroLeague,2026-09-14T23:00:09.894616Z,75,156.5,156.0,under,4.0667,3.45,4.298613,1874,18.4,0,0,,
30907364,EuroLeague,2026-09-14T23:00:10.547527Z,75,178.5,176.0,under,4.6667,3.85,4.298613,1874,19.1,0,0,,
30907327,NBA,2026-09-14T23:01:38.133174Z,75,208.5,210.0,over,5.3333,4.85,5.636617,2802,0.0,0,0,,
30907334,NBA,2026-09-14T23:01:38.825547Z,75,223.5,226.0,over,5.8,4.95,5.636617,2802,0.0,0,0,,
30907323,NBA,2026-09-14T23:01:43.158134Z,75,226.5,229.0,over,5.9,4.95,5.636617,2802,9.7,0,0,,
30907324,NBA,2026-09-14T23:01:43.806239Z,75,217.5,217.0,under,5.6,4.95,5.636617,2802,9.2,0,0,,
30907325,NBA,2026-09-14T23:01:44.399224Z,75,184.5,187.0,over,4.5667,4.75,5.636617,2802,9.8,0,0,,
30907326,NBA,2026-09-14T23:01:44.964012Z,75,250.5,245.0,under,6.5667,5.35,5.636617,2802,10.4,0,0,,
30907328,NBA,2026-09-14T23:01:46.281085Z,75,211.5,209.0,under,5.4,4.95,5.636617,2802,11.7,0,0,,
30907329,NBA,2026-09-14T23:01:47.422848Z,75,231.5,225.0,under,6.1,4.85,5.636617,2802,8.6,0,0,,
30907330,NBA,2026-09-14T23:01:47.996924Z,75,243.5,257.0,over,6.5667,4.65,5.636617,2802,13.4,0,0,,
30907331,NBA,2026-09-14T23:01:48.631585Z,75,233.5,244.0,over,6.0333,5.25,5.636617,2802,14.1,0,0,,
30907333,NBA,2026-09-14T23:01:50.859474Z,75,215.5,215.0,under,5.5667,4.85,5.636617,2802,16.3,0,0,,
30907416,TBSL,2026-09-14T23:14:59.156640Z,75,165.5,167.0,over,4.3,3.65,4.167516,2001,0.0,0,0,,
30907421,TBSL,2026-09-14T23:14:59.930749Z,75,160.5,171.0,over,4.1333,3.65,4.167516,2001,0.0,0,0,,
30907415,TBSL,2026-09-14T23:15:04.843081Z,75,166.5,175.0,over,4.3667,3.55,4.167516,2001,1.4,0,0,,
30907417,TBSL,2026-09-14T23:15:06.342358Z,75,156.5,158.0,over,3.9,3.95,4.167516,2001,6.4,0,0,,
30907420,TBSL,2026-09-14T23:15:28.735143Z,75,195.5,204.0,over,5.2333,3.85,4.167516,2001,6.3,0,0,,
30893785,CYBER,2026-09-14T23:18:47.131856Z,75,200.5,196.0,under,4.1111,4.375,4.466711,475,0.8,0,0,,
30893784,CYBER,2026-09-14T23:25:44.894372Z,75,238.5,255.0,over,5.0,4.875,4.466711,475,3.9,0,1,,0
30907461,CBA,2026-09-14T23:28:22.939226Z,75,166.5,158.0,under,4.1333,4.25,4.455857,1178,23.4,0,0,,
30907462,CBA,2026-09-14T23:28:23.761394Z,75,194.5,188.0,under,5.1667,3.95,4.455857,1178,20.4,0,0,,
30907463,CBA,2026-09-14T23:28:24.557770Z,75,199.5,197.0,under,5.2,4.35,4.455857,1178,25.0,0,0,,
30907464,CBA,2026-09-14T23:28:25.355160Z,75,191.5,191.0,under,5.0,4.15,4.455857,1178,25.8,0,0,,
30907465,CBA,2026-09-14T23:28:26.365623Z,75,168.5,180.0,over,4.4333,3.55,4.455857,1178,26.8,0,0,,
30907498,KBL,2026-09-14T23:32:18.117146Z,75,155.5,158.0,over,4.0667,3.35,3.890517,1210,12.8,0,0,,
30907499,KBL,2026-09-14T23:32:18.922722Z,75,128.5,136.0,over,3.1667,3.35,3.890517,1210,13.6,0,0,,
30907500,KBL,2026-09-14T23:32:19.921101Z,75,148.5,152.0,over,3.9,3.15,3.890517,1210,31.0,0,0,,
30907523,EuroLeague,2026-09-14T23:39:53.859216Z,75,169.5,164.0,under,4.4,3.75,4.298375,1877,11.4,0,0,,
30907524,EuroLeague,2026-09-14T23:39:54.584539Z,75,167.5,174.0,over,4.3,3.85,4.298375,1877,12.4,0,0,,
30907525,EuroLeague,2026-09-14T23:39:55.297717Z,75,188.5,195.0,over,4.9667,3.95,4.298375,1877,36.2,0,0,,
30907528,EuroLeague,2026-09-14T23:39:56.004312Z,75,181.5,183.0,over,4.7,4.05,4.298375,1877,13.9,0,0,,
30907529,EuroLeague,2026-09-14T23:39:56.668912Z,75,154.5,160.0,over,3.9333,3.65,4.298375,1877,23.5,0,0,,
30907530,EuroLeague,2026-09-14T23:39:57.384840Z,75,213.5,215.0,over,5.6,4.55,4.298375,1877,15.3,0,1,,0
30907736,TBSL,2026-09-15T00:35:13.998204Z,75,157.5,156.0,under,4.1667,3.25,4.168033,2006,13.6,0,0,,
30907738,TBSL,2026-09-15T00:35:14.593186Z,75,154.5,154.0,under,3.9667,3.55,4.168033,2006,20.6,0,0,,
30907740,TBSL,2026-09-15T00:35:15.119178Z,75,165.5,166.0,over,4.2667,3.75,4.168033,2006,13.4,0,0,,
30907742,TBSL,2026-09-15T00:35:15.886342Z,75,138.5,130.0,under,3.5667,3.15,4.168033,2006,21.9,0,0,,
30907678,NBA,2026-09-15T00:37:48.876321Z,75,210.5,215.0,over,5.6,4.25,5.636474,2813,0.0,0,0,,
30907684,NBA,2026-09-15T00:37:50.178022Z,75,217.5,205.0,under,5.6667,4.75,5.636474,2813,0.0,0,0,,
30907695,NBA,2026-09-15T00:37:50.793221Z,75,211.5,210.0,under,5.3667,5.05,5.636474,2813,0.0,0,0,,
30907686,NBA,2026-09-15T00:37:51.386815Z,75,253.5,250.0,under,6.6333,5.45,5.636474,2813,0.0,0,0,,
30907679,NBA,2026-09-15T00:37:55.675504Z,75,223.5,231.0,over,5.8667,4.75,5.636474,2813,12.5,0,0,,
30907680,NBA,2026-09-15T00:37:56.224922Z,75,219.5,216.0,under,5.6667,4.95,5.636474,2813,2.1,0,0,,
30907682,NBA,2026-09-15T00:37:56.693001Z,75,247.5,244.0,under,6.5667,5.05,5.636474,2813,13.6,0,0,,
30907683,NBA,2026-09-15T00:37:57.243330Z,75,248.5,261.0,over,6.3667,5.75,5.636474,2813,14.1,0,0,,
30907687,NBA,2026-09-15T00:37:58.974206Z,75,204.5,204.0,under,5.3333,4.45,5.636474,2813,16.2,0,0,,
30907689,NBA,2026-09-15T00:37:59.433914Z,75,231.5,224.0,under,6.0333,5.05,5.636474,2813,16.3,0,0,,
30907692,NBA,2026-09-15T00:37:59.910939Z,75,229.5,229.0,under,6.1333,4.55,5.636474,2813,15.7,0,0,,
30907693,NBA,2026-09-15T00:38:00.495323Z,75,230.5,219.0,under,6.0,5.05,5.636474,2813,6.4,0,0,,
30907782,CBA,2026-09-15T00:48:46.063334Z,75,187.5,186.0,under,4.9333,3.95,4.45634,1183,16.6,0,0,,
30907783,CBA,2026-09-15T00:48:46.721459Z,75,172.5,167.0,under,4.4333,3.95,4.45634,1183,19.5,0,0,,
30907785,CBA,2026-09-15T00:48:47.408414Z,75,162.5,157.0,under,4.1333,3.85,4.45634,1183,41.5,0,0,,
30907800,KBL,2026-09-15T00:52:17.458612Z,75,147.5,140.0,under,3.8,3.35,3.890087,1213,27.2,0,0,,
30907801,KBL,2026-09-15T00:52:18.184808Z,75,182.5,180.0,under,4.8667,3.65,3.890087,1213,13.2,0,0,,
30907803,KBL,2026-09-15T00:52:18.747919Z,75,156.5,143.0,under,4.0667,3.45,3.890087,1213,13.8,0,0,,
30907804,KBL,2026-09-15T00:52:19.301200Z,75,117.5,122.0,over,2.9,3.05,3.890087,1213,29.0,0,0,,
30893789,CYBER,2026-09-15T00:53:36.134018Z,75,204.5,219.0,over,4.1111,4.7083,4.469883,478,0.7,1,1,0,0
30907832,EuroLeague,2026-09-15T01:00:17.040677Z,75,175.5,178.0,over,4.5,4.05,4.299164,1883,12.5,0,0,,
30907833,EuroLeague,2026-09-15T01:00:17.688581Z,75,184.5,184.0,under,4.8667,3.85,4.299164,1883,13.1,0,0,,
30907835,EuroLeague,2026-09-15T01:00:18.344665Z,75,178.5,187.0,over,4.7,3.75,4.299164,1883,13.8,0,0,,
30907836,EuroLeague,2026-09-15T01:00:18.848711Z,75,153.5,158.0,over,3.9667,3.45,4.299164,1883,35.8,0,0,,
30907878,TBSL,2026-09-15T01:15:15.438780Z,75,157.5,155.0,under,4.1333,3.35,4.167276,2010,0.0,0,0,,
30907877,TBSL,2026-09-15T01:15:28.561751Z,75,198.5,185.0,under,5.2,4.25,4.167276,2010,8.8,0,0,,
30907880,TBSL,2026-09-15T01:15:32.177485Z,75,158.5,163.0,over,4.1667,3.35,4.167276,2010,12.4,0,0,,
30907902,NBA,2026-09-15T01:25:38.103562Z,75,167.5,159.0,under,4.2333,4.05,5.636496,2825,0.0,0,0,,
30907903,NBA,2026-09-15T01:25:44.416544Z,75,203.5,213.0,over,5.2333,4.65,5.636496,2825,4.1,0,0,,
30907904,NBA,2026-09-15T01:25:45.065812Z,75,216.5,214.0,under,5.7333,4.45,5.636496,2825,3.1,0,0,,
30907905,NBA,2026-09-15T01:25:45.701709Z,75,255.5,253.0,under,6.8667,4.95,5.636496,2825,5.3,0,0,,
30907906,NBA,2026-09-15T01:25:46.436989Z,75,230.5,224.0,under,5.9333,5.25,5.636496,2825,6.1,0,0,,
30907907,NBA,2026-09-15T01:25:47.206138Z,75,215.5,212.0,under,5.5333,4.95,5.636496,2825,31.2,0,0,,
30907908,NBA,2026-09-15T01:25:47.817002Z,75,267.5,271.0,over,7.1,5.45,5.636496,2825,31.8,0,0,,
30907909,NBA,2026-09-15T01:25:48.419160Z,75,212.5,218.0,over,5.3667,5.15,5.636496,2825,8.1,0,0,,
30907911,NBA,2026-09-15T01:25:49.037044Z,75,204.5,216.0,over,5.3667,4.35,5.636496,2825,7.1,0,0,,
30907912,NBA,2026-09-15T01:25:49.695035Z,75,213.5,215.0,over,5.4,5.15,5.636496,2825,33.2,0,0,,
30907913,NBA,2026-09-15T01:25:50.284978Z,75,226.5,233.0,over,5.9333,4.85,5.636496,2825,34.3,0,0,,
30908065,CBA,2026-09-15T01:28:37.797822Z,75,173.5,187.0,over,4.5,3.85,4.455818,1186,0.0,0,0,,
30908068,CBA,2026-09-15T01:28:40.043638Z,75,179.5,175.0,under,4.6333,4.05,4.455818,1186,0.0,0,0,,
30908066,CBA,2026-09-15T01:28:40.791830Z,75,212.5,209.0,under,5.5333,4.65,4.455818,1186,0.0,0,1,,1
30908067,CBA,2026-09-15T01:28:41.524188Z,75,193.5,191.0,under,5.1667,3.85,4.455818,1186,0.0,0,0,,
30908064,CBA,2026-09-15T01:28:45.444223Z,75,173.5,173.0,under,4.5667,3.65,4.455818,1186,0.0,0,0,,
30908206,KBL,2026-09-15T01:32:36.403010Z,75,162.5,159.0,under,4.1667,3.75,3.889318,1217,15.6,0,0,,
30908512,EuroLeague,2026-09-15T01:40:01.214137Z,75,158.5,149.0,under,4.0,3.85,4.299417,1887,23.8,0,0,,
30908513,EuroLeague,2026-09-15T01:40:01.751868Z,75,190.5,191.0,over,5.1,3.75,4.299417,1887,33.7,0,0,,
30908514,EuroLeague,2026-09-15T01:40:02.431375Z,75,171.5,164.0,under,4.3,4.25,4.299417,1887,25.0,0,0,,
30908520,EuroLeague,2026-09-15T01:40:03.114077Z,75,168.5,164.0,under,4.2667,4.05,4.299417,1887,35.1,0,0,,
30908685,TBSL,2026-09-15T01:55:11.016581Z,75,171.5,163.0,under,4.4,3.95,4.167312,2013,20.9,0,0,,
30908688,TBSL,2026-09-15T01:55:11.563129Z,75,178.5,170.0,under,4.6667,3.85,4.167312,2013,25.8,0,0,,
30908689,TBSL,2026-09-15T01:55:12.165406Z,75,170.5,180.0,over,4.4667,3.65,4.167312,2013,26.4,0,0,,
30908682,TBSL,2026-09-15T01:55:49.657450Z,75,193.5,179.0,under,5.1,4.05,4.167312,2013,6.8,0,0,,
30908754,CBA,2026-09-15T02:08:28.485935Z,75,174.5,187.0,over,4.5,3.95,4.456738,1191,13.1,0,0,,
30908755,CBA,2026-09-15T02:08:29.068709Z,75,174.5,170.0,under,4.5667,3.75,4.456738,1191,13.7,0,0,,
30908756,CBA,2026-09-15T02:08:29.643088Z,75,208.5,211.0,over,5.4333,4.55,4.456738,1191,14.2,0,0,,
30908757,CBA,2026-09-15T02:08:30.199977Z,75,195.5,197.0,over,4.9667,4.65,4.456738,1191,18.0,0,1,,0
30908758,CBA,2026-09-15T02:08:30.894269Z,75,179.5,169.0,under,4.6667,3.95,4.456738,1191,15.5,0,0,,
30908801,KBL,2026-09-15T02:12:46.340368Z,75,140.5,133.0,under,3.5667,3.35,3.889541,1219,15.9,0,0,,
30908806,KBL,2026-09-15T02:12:46.956597Z,75,155.5,152.0,under,3.8333,4.05,3.889541,1219,16.5,1,1,1,1
30908742,NBA,2026-09-15T02:13:19.110847Z,75,224.5,217.0,under,5.8667,4.85,5.636037,2836,0.0,0,0,,
30908751,NBA,2026-09-15T02:13:35.037585Z,75,211.5,222.0,over,5.5,4.65,5.636037,2836,0.0,0,0,,
30908743,NBA,2026-09-15T02:13:35.980126Z,75,241.5,246.0,over,6.3333,5.15,5.636037,2836,0.0,0,0,,
30908745,NBA,2026-09-15T02:13:46.148399Z,75,204.5,198.0,under,5.3,4.55,5.636037,2836,5.2,0,0,,
30908746,NBA,2026-09-15T02:13:46.919906Z,75,246.5,239.0,under,6.6,4.85,5.636037,2836,6.0,0,0,,
30908747,NBA,2026-09-15T02:13:47.423747Z,75,197.5,203.0,over,5.1333,4.35,5.636037,2836,6.5,0,0,,
30908748,NBA,2026-09-15T02:13:48.073077Z,75,261.5,265.0,over,6.8667,5.55,5.636037,2836,7.2,0,0,,
30908749,NBA,2026-09-15T02:13:48.886683Z,75,200.5,194.0,under,5.1667,4.55,5.636037,2836,13.9,0,0,,
30908750,NBA,2026-09-15T02:13:49.664983Z,75,243.5,247.0,over,6.3,5.45,5.636037,2836,8.8,0,0,,
30908752,NBA,2026-09-15T02:13:51.187996Z,75,243.5,249.0,over,6.5667,4.65,5.636037,2836,10.3,0,0,,
30908753,NBA,2026-09-15T02:13:51.862456Z,75,247.5,242.0,under,6.5,5.25,5.636037,2836,10.9,0,0,,
30908851,EuroLeague,2026-09-15T02:20:06.112317Z,75,160.5,158.0,under,3.9333,4.25,4.299154,1891,13.7,0,0,,
30908852,EuroLeague,2026-09-15T02:20:06.740310Z,75,207.5,216.0,over,5.5333,4.15,4.299154,1891,31.6,0,0,,
30908856,EuroLeague,2026-09-15T02:20:07.444573Z,75,136.5,129.0,under,3.3667,3.55,4.299154,1891,15.0,0,0,,
30908911,TBSL,2026-09-15T02:35:07.969356Z,75,167.5,179.0,over,4.3333,3.75,4.167625,2017,0.0,0,0,,
30908908,TBSL,2026-09-15T02:35:24.181918Z,75,157.5,164.0,over,4.0,3.75,4.167625,2017,8.2,0,0,,
30908909,TBSL,2026-09-15T02:35:24.787227Z,75,168.5,180.0,over,4.4333,3.55,4.167625,2017,8.8,0,0,,
30908913,TBSL,2026-09-15T02:35:25.897597Z,75,167.5,173.0,over,4.4,3.55,4.167625,2017,9.9,0,0,,
30908945,CBA,2026-09-15T02:48:33.921688Z,75,157.5,153.0,under,4.0667,3.55,4.45763,1196,0.0,0,0,,
30908944,CBA,2026-09-15T02:48:57.349337Z,75,147.5,139.0,under,3.8,3.35,4.45763,1196,28.8,0,0,,
30908946,CBA,2026-09-15T02:48:58.467194Z,75,172.5,166.0,under,4.4667,3.85,4.45763,1196,30.0,0,0,,
30908947,CBA,2026-09-15T02:48:59.106231Z,75,173.5,174.0,over,4.5667,3.65,4.45763,1196,30.6,0,0,,
30908948,CBA,2026-09-15T02:48:59.751299Z,75,165.5,169.0,over,4.2,3.95,4.45763,1196,31.2,0,0,,
30908966,KBL,2026-09-15T02:52:24.605895Z,75,127.5,127.0,under,3.2,3.15,3.889005,1221,0.0,0,0,,
30908969,KBL,2026-09-15T02:52:25.088386Z,75,129.5,132.0,over,3.3,3.05,3.889005,1221,0.0,0,0,,
30908970,KBL,2026-09-15T02:52:25.756409Z,75,131.5,132.0,over,3.3333,3.15,3.889005,1221,0.0,0,0,,
30909002,EuroLeague,2026-09-15T03:00:21.854656Z,75,153.5,159.0,over,3.9333,3.55,4.298984,1894,22.2,0,0,,
30909007,EuroLeague,2026-09-15T03:00:22.649581Z,75,178.5,176.0,under,4.7667,3.55,4.298984,1894,42.2,0,0,,
30909012,EuroLeague,2026-09-15T03:00:23.346154Z,75,210.5,194.0,under,5.6,4.25,4.298984,1894,23.7,0,0,,
30909015,EuroLeague,2026-09-15T03:00:24.007353Z,75,168.5,168.0,under,4.4,3.65,4.298984,1894,15.7,0,0,,
30908982,NBA,2026-09-15T03:01:30.696585Z,75,227.5,229.0,over,5.9333,4.95,5.636407,2847,0.0,0,0,,
30908984,NBA,2026-09-15T03:01:31.415776Z,75,206.5,209.0,over,5.3667,4.55,5.636407,2847,0.0,0,0,,
30908977,NBA,2026-09-15T03:01:42.107368Z,75,212.5,222.0,over,5.4333,4.95,5.636407,2847,21.9,0,0,,
30908979,NBA,2026-09-15T03:01:42.940372Z,75,198.5,209.0,over,5.1,4.55,5.636407,2847,12.8,0,0,,
30908980,NBA,2026-09-15T03:01:43.719172Z,75,215.5,228.0,over,5.4333,5.25,5.636407,2847,19.5,0,0,,
30908981,NBA,2026-09-15T03:01:44.283486Z,75,267.5,270.0,over,6.9333,5.95,5.636407,2847,11.6,0,1,,0
30908983,NBA,2026-09-15T03:01:48.439130Z,75,183.5,184.0,over,4.7333,4.15,5.636407,2847,16.4,0,0,,
30908985,NBA,2026-09-15T03:01:49.980803Z,75,236.5,237.0,over,6.1333,5.25,5.636407,2847,16.6,0,0,,
30908986,NBA,2026-09-15T03:01:50.682899Z,75,222.5,230.0,over,5.8,4.85,5.636407,2847,17.9,0,0,,
30908987,NBA,2026-09-15T03:01:51.388456Z,75,261.5,259.0,under,6.7667,5.85,5.636407,2847,27.2,0,0,,
30908988,NBA,2026-09-15T03:01:52.054638Z,75,239.5,230.0,under,6.1667,5.45,5.636407,2847,27.8,0,0,,
30893833,CYBER,2026-09-15T03:07:15.353599Z,75,203.5,212.0,over,4.2222,4.2917,4.47105,480,1.1,0,0,,
30893832,CYBER,2026-09-15T03:07:44.259293Z,75,201.5,201.0,under,4.1389,4.375,4.47105,480,0.0,0,0,,
30893831,CYBER,2026-09-15T03:07:49.071310Z,75,207.5,199.0,under,4.2222,4.625,4.47105,480,5.3,1,0,1,
30909100,TBSL,2026-09-15T03:15:04.430260Z,75,167.5,165.0,under,4.3,3.85,4.167986,2021,38.9,0,0,,
30909103,TBSL,2026-09-15T03:15:05.022102Z,75,155.5,159.0,over,4.1,3.25,4.167986,2021,23.4,0,0,,
30909107,TBSL,2026-09-15T03:15:05.742090Z,75,157.5,170.0,over,4.0,3.75,4.167986,2021,40.2,0,0,,
30909157,CBA,2026-09-15T03:28:48.618757Z,75,181.5,167.0,under,4.7,4.05,4.455745,1201,36.7,0,0,,
30909158,CBA,2026-09-15T03:28:49.622227Z,75,222.5,220.0,under,5.8333,4.75,4.455745,1201,37.7,0,1,,1
30909159,CBA,2026-09-15T03:28:50.404233Z,75,157.5,159.0,over,4.0,3.75,4.455745,1201,43.4,0,0,,
30909160,CBA,2026-09-15T03:28:51.087608Z,75,195.5,199.0,over,5.0667,4.35,4.455745,1201,35.0,0,0,,
30909187,KBL,2026-09-15T03:32:24.708907Z,75,136.5,134.0,under,3.6,2.85,3.887459,1224,16.8,0,0,,
30909214,EuroLeague,2026-09-15T03:40:12.275872Z,75,172.5,180.0,over,4.4333,3.95,4.299104,1898,25.0,0,0,,
30909217,EuroLeague,2026-09-15T03:40:12.893629Z,75,196.5,197.0,over,5.1,4.35,4.299104,1898,24.3,0,0,,
30909219,EuroLeague,2026-09-15T03:40:13.541093Z,75,176.5,183.0,over,4.5,4.15,4.299104,1898,20.2,0,0,,
30909220,EuroLeague,2026-09-15T03:40:14.192782Z,75,119.5,123.0,over,2.8667,3.35,4.299104,1898,26.9,0,0,,
30909221,EuroLeague,2026-09-15T03:40:14.787605Z,75,215.5,221.0,over,5.7,4.45,4.299104,1898,17.9,0,0,,
30909222,EuroLeague,2026-09-15T03:40:15.442999Z,75,180.5,189.0,over,4.7,3.95,4.299104,1898,21.3,0,0,,
30909234,NBA,2026-09-15T03:49:42.488612Z,75,201.5,202.0,over,5.1,4.85,5.636643,2858,0.0,0,0,,
30909228,NBA,2026-09-15T03:49:43.202572Z,75,205.5,197.0,under,5.3667,4.45,5.636643,2858,0.0,0,0,,
30909227,NBA,2026-09-15T03:49:43.751947Z,75,251.5,241.0,under,6.4333,5.85,5.636643,2858,0.0,0,0,,
30909235,NBA,2026-09-15T03:49:44.420766Z,75,252.5,259.0,over,6.5,5.75,5.636643,2858,0.0,0,0,,
30909229,NBA,2026-09-15T03:49:50.112991Z,75,228.5,238.0,over,5.9333,5.05,5.636643,2858,18.5,0,0,,
30909230,NBA,2026-09-15T03:49:50.743774Z,75,241.5,236.0,under,6.3333,5.15,5.636643,2858,9.9,0,0,,
30909231,NBA,2026-09-15T03:49:51.415755Z,75,214.5,222.0,over,5.4667,5.05,5.636643,2858,9.0,0,0,,
30909232,NBA,2026-09-15T03:49:52.199277Z,75,239.5,236.0,under,6.3667,4.85,5.636643,2858,7.8,0,0,,
30909233,NBA,2026-09-15T03:49:52.952574Z,75,257.5,260.0,over,6.7,5.65,5.636643,2858,12.2,0,0,,
30909236,NBA,2026-09-15T03:49:54.872867Z,75,219.5,218.0,under,5.7667,4.65,5.636643,2858,14.1,0,0,,
30909237,NBA,2026-09-15T03:49:55.536201Z,75,243.5,251.0,over,6.4333,5.05,5.636643,2858,14.8,0,0,,
30909238,NBA,2026-09-15T03:49:56.252041Z,75,180.5,191.0,over,4.4667,4.65,5.636643,2858,15.5,0,0,,
30909292,TBSL,2026-09-15T03:55:08.415891Z,75,167.5,169.0,over,4.3333,3.75,4.16791,2024,0.0,0,0,,
30909295,TBSL,2026-09-15T03:55:08.976879Z,75,161.5,155.0,under,4.2,3.55,4.16791,2024,0.0,0,0,,
30909294,TBSL,2026-09-15T03:55:09.617250Z,75,155.5,157.0,over,4.0333,3.45,4.16791,2024,0.0,0,0,,
30909337,CBA,2026-09-15T04:08:29.677960Z,75,188.5,191.0,over,4.9333,4.05,4.456411,1205,18.4,0,0,,
30909338,CBA,2026-09-15T04:08:30.196872Z,75,200.5,189.0,under,5.1667,4.55,4.456411,1205,18.9,0,0,,
30909339,CBA,2026-09-15T04:08:30.854794Z,75,172.5,175.0,over,4.3667,4.15,4.456411,1205,45.2,0,0,,
30909340,CBA,2026-09-15T04:08:31.557495Z,75,202.5,200.0,under,5.3,4.35,4.456411,1205,20.3,0,0,,
30909336,CBA,2026-09-15T04:09:06.254782Z,75,202.5,202.0,under,5.4,4.05,4.456411,1205,13.2,0,0,,
30909353,KBL,2026-09-15T04:12:20.855192Z,75,154.5,143.0,under,4.0667,3.25,3.88702,1225,0.0,0,0,,
30909354,KBL,2026-09-15T04:12:36.933996Z,75,152.5,163.0,over,3.9,3.55,3.88702,1225,16.2,0,0,,
30893840,CYBER,2026-09-15T04:18:49.569648Z,75,207.5,206.0,under,4.1944,4.7083,4.469677,483,2.6,1,1,1,1
30909394,EuroLeague,2026-09-15T04:20:01.751285Z,75,192.5,192.0,under,4.9333,4.45,4.299908,1904,0.0,0,0,,
30909391,EuroLeague,2026-09-15T04:20:14.710500Z,75,176.5,177.0,over,4.5,4.15,4.299908,1904,21.3,0,0,,
30909397,EuroLeague,2026-09-15T04:20:15.736496Z,75,163.5,151.0,under,4.1333,3.95,4.299908,1904,13.3,0,0,,
30893841,CYBER,2026-09-15T04:24:11.625287Z,75,194.5,193.0,under,3.8611,4.625,4.469677,483,8.3,1,0,1,
30909469,TBSL,2026-09-15T04:35:06.130362Z,75,153.5,153.0,under,3.9,3.65,4.167674,2027,19.7,0,0,,
30909473,TBSL,2026-09-15T04:35:06.711057Z,75,140.5,131.0,under,3.5,3.55,4.167674,2027,14.8,0,0,,
30909445,NBA,2026-09-15T04:37:39.080253Z,75,243.5,250.0,over,6.4333,5.05,5.637038,2870,0.0,0,0,,
30909449,NBA,2026-09-15T04:37:46.314849Z,75,213.5,209.0,under,5.5,4.85,5.637038,2870,0.0,0,0,,
30909446,NBA,2026-09-15T04:37:53.532246Z,75,211.5,205.0,under,5.4333,4.85,5.637038,2870,2.1,0,0,,
30909447,NBA,2026-09-15T04:37:54.117376Z,75,229.5,222.0,under,6.0667,4.75,5.637038,2870,10.7,0,0,,
30909448,NBA,2026-09-15T04:37:54.639896Z,75,209.5,229.0,over,5.5333,4.35,5.637038,2870,3.1,0,0,,
30909450,NBA,2026-09-15T04:37:55.920348Z,75,211.5,213.0,over,5.6,4.35,5.637038,2870,12.5,0,0,,
30909451,NBA,2026-09-15T04:37:56.567576Z,75,250.5,254.0,over,6.5667,5.35,5.637038,2870,5.1,0,0,,
30909452,NBA,2026-09-15T04:37:57.201830Z,75,227.5,226.0,under,5.8667,5.15,5.637038,2870,5.8,0,0,,
30909453,NBA,2026-09-15T04:37:57.720978Z,75,198.5,192.0,under,5.1,4.55,5.637038,2870,10.7,0,0,,
30909454,NBA,2026-09-15T04:37:58.490689Z,75,237.5,237.0,under,6.3333,4.75,5.637038,2870,7.0,0,0,,
30909455,NBA,2026-09-15T04:37:59.032330Z,75,265.5,261.0,under,7.0667,5.35,5.637038,2870,7.6,0,0,,
30909456,NBA,2026-09-15T04:37:59.551198Z,75,254.5,263.0,over,6.6667,5.45,5.637038,2870,8.1,0,0,,
30893843,CYBER,2026-09-15T04:41:23.758624Z,75,202.5,212.0,over,4.1667,4.375,4.468385,485,0.0,0,0,,
30909540,CBA,2026-09-15T04:48:33.793886Z,75,207.5,207.0,under,5.4,4.55,4.457769,1210,19.0,0,0,,
30909541,CBA,2026-09-15T04:48:34.359801Z,75,175.5,179.0,over,4.6667,3.55,4.457769,1210,19.6,0,0,,
30909542,CBA,2026-09-15T04:48:34.994830Z,75,154.5,162.0,over,3.9,3.75,4.457769,1210,24.7,0,0,,
30909544,CBA,2026-09-15T04:48:36.159148Z,75,184.5,179.0,under,4.7333,4.25,4.457769,1210,25.8,0,0,,
30909543,CBA,2026-09-15T04:49:07.349036Z,75,165.5,168.0,over,4.3,3.65,4.457769,1210,17.0,0,0,,
30909555,KBL,2026-09-15T04:52:54.646561Z,75,149.5,149.0,under,3.9,3.25,3.886919,1227,14.8,0,0,,
30909556,KBL,2026-09-15T04:52:55.308291Z,75,160.5,145.0,under,4.2333,3.35,3.886919,1227,15.5,0,0,,
30909557,KBL,2026-09-15T04:52:55.914193Z,75,168.5,171.0,over,4.5,3.35,3.886919,1227,15.2,0,0,,
30909558,KBL,2026-09-15T04:52:56.653308Z,75,148.5,148.0,under,3.9333,3.05,3.886919,1227,16.8,0,0,,
30909564,EuroLeague,2026-09-15T05:00:25.053090Z,75,160.5,162.0,over,4.1667,3.55,4.299961,1907,9.9,0,0,,
30909569,EuroLeague,2026-09-15T05:00:26.221614Z,75,203.5,206.0,over,5.2667,4.55,4.299961,1907,11.1,0,1,,0
30909570,EuroLeague,2026-09-15T05:00:26.902066Z,75,182.5,185.0,over,4.8,3.85,4.299961,1907,11.8,0,0,,
30909572,EuroLeague,2026-09-15T05:00:27.516854Z,75,174.5,171.0,under,4.6667,3.45,4.299961,1907,12.4,0,0,,
30909568,EuroLeague,2026-09-15T05:00:46.728226Z,75,153.5,155.0,over,4.0,3.35,4.299961,1907,14.7,0,0,,
30909639,TBSL,2026-09-15T05:15:08.163331Z,75,153.5,155.0,over,3.8333,3.85,4.167065,2029,0.0,0,0,,
30909635,TBSL,2026-09-15T05:15:21.582998Z,75,170.5,181.0,over,4.3,4.15,4.167065,2029,10.4,0,0,,
30909636,TBSL,2026-09-15T05:15:22.230039Z,75,155.5,158.0,over,4.0,3.55,4.167065,2029,40.2,0,0,,
30909637,TBSL,2026-09-15T05:15:22.892622Z,75,169.5,167.0,under,4.4,3.75,4.167065,2029,11.7,0,0,,
30909653,NBA,2026-09-15T05:25:28.592686Z,75,223.5,221.0,under,5.6,5.55,5.637517,2882,19.0,0,0,,
30909654,NBA,2026-09-15T05:25:29.270979Z,75,202.5,203.0,over,5.2333,4.55,5.637517,2882,4.7,0,0,,
30909655,NBA,2026-09-15T05:25:30.016306Z,75,227.5,223.0,under,5.7667,5.45,5.637517,2882,6.3,0,0,,
30909656,NBA,2026-09-15T05:25:30.548513Z,75,269.5,273.0,over,6.9667,6.05,5.637517,2882,2.9,0,1,,0
30909657,NBA,2026-09-15T05:25:31.162152Z,75,209.5,222.0,over,5.4,4.75,5.637517,2882,27.6,0,0,,
30909658,NBA,2026-09-15T05:25:31.971251Z,75,199.5,204.0,over,5.2,4.35,5.637517,2882,28.7,0,0,,
30909660,NBA,2026-09-15T05:25:32.639492Z,75,212.5,207.0,under,5.4667,4.85,5.637517,2882,8.1,0,0,,
30909661,NBA,2026-09-15T05:25:33.254989Z,75,200.5,203.0,over,5.0667,4.85,5.637517,2882,9.5,0,0,,
30909662,NBA,2026-09-15T05:25:33.892787Z,75,202.5,191.0,under,5.2333,4.55,5.637517,2882,9.3,0,0,,
30909663,NBA,2026-09-15T05:25:34.538059Z,75,209.5,206.0,under,5.4333,4.65,5.637517,2882,9.9,0,0,,
30909664,NBA,2026-09-15T05:25:35.135255Z,75,219.5,226.0,over,5.7333,4.75,5.637517,2882,31.6,0,0,,
30909672,CBA,2026-09-15T05:28:22.679141Z,75,183.5,180.0,under,4.7,4.25,4.45784,1215,0.0,0,0,,
30909671,CBA,2026-09-15T05:28:40.230507Z,75,202.5,200.0,under,5.2667,4.45,4.45784,1215,16.1,0,0,,
30909673,CBA,2026-09-15T05:28:41.663642Z,75,170.5,158.0,under,4.5,3.55,4.45784,1215,18.3,0,0,,
30909674,CBA,2026-09-15T05:28:43.291291Z,75,157.5,170.0,over,4.0,3.75,4.45784,1215,20.6,0,0,,
30909675,CBA,2026-09-15T05:28:45.568253Z,75,196.5,201.0,over,5.1333,4.25,4.45784,1215,31.3,0,0,,
30909788,EuroLeague,2026-09-15T05:40:00.481147Z,75,196.5,192.0,under,5.0667,4.45,4.300209,1912,15.7,0,0,,
30909789,EuroLeague,2026-09-15T05:40:01.173021Z,75,173.5,165.0,under,4.5,3.85,4.300209,1912,40.0,0,0,,
30909790,EuroLeague,2026-09-15T05:40:01.921162Z,75,152.5,150.0,under,3.8667,3.65,4.300209,1912,17.1,0,0,,
30909795,EuroLeague,2026-09-15T05:40:02.582715Z,75,164.5,162.0,under,4.2333,3.75,4.300209,1912,34.9,0,0,,
30909796,EuroLeague,2026-09-15T05:40:03.195112Z,75,150.5,163.0,over,3.9333,3.25,4.300209,1912,18.4,0,0,,
30909844,TBSL,2026-09-15T05:55:29.785662Z,75,178.5,180.0,over,4.7667,3.55,4.166995,2033,22.7,0,0,,
30909846,TBSL,2026-09-15T05:55:30.358124Z,75,188.5,192.0,over,5.0,3.85,4.166995,2033,44.2,0,0,,
30909848,TBSL,2026-09-15T05:55:31.046483Z,75,182.5,191.0,over,4.8333,3.75,4.166995,2033,24.0,0,0,,
30910055,CBA,2026-09-15T06:08:46.988723Z,75,177.5,173.0,under,4.6333,3.85,4.458197,1220,0.0,0,0,,
30910052,CBA,2026-09-15T06:09:02.024087Z,75,160.5,155.0,under,4.1333,3.65,4.458197,1220,12.6,0,0,,
30910053,CBA,2026-09-15T06:09:02.785612Z,75,182.5,184.0,over,4.9,3.55,4.458197,1220,13.3,0,0,,
30910054,CBA,2026-09-15T06:09:03.344914Z,75,159.5,156.0,under,4.2,3.35,4.458197,1220,13.9,0,0,,
30910079,KBL,2026-09-15T06:12:35.508633Z,75,163.5,152.0,under,4.1,4.05,3.88681,1232,43.6,0,1,,1
30910081,KBL,2026-09-15T06:12:36.615262Z,75,183.5,182.0,under,4.9333,3.55,3.88681,1232,40.9,0,0,,
30910082,KBL,2026-09-15T06:12:37.243302Z,75,176.5,174.0,under,4.5667,3.95,3.88681,1232,41.5,0,0,,
30910040,NBA,2026-09-15T06:13:43.534815Z,75,190.5,206.0,over,4.8667,4.45,5.63664,2893,0.0,0,0,,
30910041,NBA,2026-09-15T06:13:49.392729Z,75,230.5,227.0,under,5.9333,5.25,5.63664,2893,0.0,0,0,,
30910043,NBA,2026-09-15T06:13:50.041676Z,75,280.5,285.0,over,7.3333,6.05,5.63664,2893,0.0,0,1,,0
30910045,NBA,2026-09-15T06:13:50.849624Z,75,249.5,245.0,under,6.4333,5.65,5.63664,2893,0.0,0,0,,
30910048,NBA,2026-09-15T06:13:51.600995Z,75,241.5,241.0,under,6.3,5.25,5.63664,2893,0.0,0,0,,
30910050,NBA,2026-09-15T06:13:52.234290Z,75,256.5,266.0,over,6.8667,5.05,5.63664,2893,0.0,0,0,,
30910042,NBA,2026-09-15T06:14:00.458569Z,75,228.5,230.0,over,5.9333,5.05,5.63664,2893,3.7,0,0,,
30910044,NBA,2026-09-15T06:14:01.592920Z,75,190.5,196.0,over,4.9333,4.25,5.63664,2893,4.4,0,0,,
30910046,NBA,2026-09-15T06:14:03.030262Z,75,241.5,243.0,over,6.4,4.95,5.63664,2893,10.2,0,0,,
30910047,NBA,2026-09-15T06:14:03.671329Z,75,234.5,243.0,over,6.2,4.85,5.63664,2893,7.0,0,0,,
30910049,NBA,2026-09-15T06:14:04.860591Z,75,218.5,217.0,under,5.7,4.75,5.63664,2893,19.5,0,0,,
30910051,NBA,2026-09-15T06:14:06.089260Z,75,218.5,216.0,under,5.7,4.75,5.63664,2893,8.9,0,0,,
30910111,EuroLeague,2026-09-15T06:20:05.686328Z,75,167.5,166.0,under,4.3667,3.65,4.299844,1917,10.3,0,0,,
30910112,EuroLeague,2026-09-15T06:20:06.254290Z,75,159.5,169.0,over,4.1333,3.55,4.299844,1917,10.9,0,0,,
30910117,EuroLeague,2026-09-15T06:20:06.852024Z,75,200.5,200.0,under,5.2333,4.35,4.299844,1917,19.2,0,0,,
30910216,TBSL,2026-09-15T06:35:09.923745Z,75,166.5,162.0,under,4.2,4.05,4.167768,2036,17.4,0,0,,
30910218,TBSL,2026-09-15T06:35:11.116494Z,75,178.5,174.0,under,4.5667,4.15,4.167768,2036,15.4,0,0,,
30910286,CBA,2026-09-15T06:48:33.011346Z,75,142.5,145.0,over,3.4667,3.85,4.457271,1224,0.0,0,0,,
30910289,CBA,2026-09-15T06:48:33.862007Z,75,177.5,179.0,over,4.5,4.25,4.457271,1224,0.0,0,0,,
30910288,CBA,2026-09-15T06:48:34.947100Z,75,173.5,175.0,over,4.4333,4.05,4.457271,1224,0.0,0,0,,
30910285,CBA,2026-09-15T06:48:56.987361Z,75,161.5,156.0,under,4.2,3.55,4.457271,1224,50.3,0,0,,
30910287,CBA,2026-09-15T06:48:58.327053Z,75,181.5,173.0,under,4.7667,3.85,4.457271,1224,13.4,0,0,,
30910326,KBL,2026-09-15T06:52:49.070341Z,75,137.5,153.0,over,3.5333,3.15,3.887652,1235,16.0,0,0,,
30910328,KBL,2026-09-15T06:52:49.749580Z,75,187.5,198.0,over,5.0,3.75,3.887652,1235,16.6,0,0,,
30910057,CYBER,2026-09-15T06:58:11.144983Z,75,223.5,224.0,over,4.6944,4.5417,4.468278,486,20.3,0,0,,
30910376,EuroLeague,2026-09-15T07:00:06.588737Z,75,188.5,189.0,over,5.0333,3.75,4.300091,1920,12.5,0,0,,
30910377,EuroLeague,2026-09-15T07:00:07.194183Z,75,168.5,182.0,over,4.3333,3.85,4.300091,1920,13.1,0,0,,
30910382,EuroLeague,2026-09-15T07:00:07.695595Z,75,183.5,179.0,under,4.7333,4.15,4.300091,1920,31.7,0,0,,
30910343,NBA,2026-09-15T07:01:21.683094Z,75,258.5,252.0,under,6.6333,5.95,5.637582,2905,0.0,0,1,,1
30910344,NBA,2026-09-15T07:01:24.881017Z,75,225.5,229.0,over,5.8,5.15,5.637582,2905,30.5,0,0,,
30910345,NBA,2026-09-15T07:01:25.481782Z,75,217.5,213.0,under,5.5,5.25,5.637582,2905,4.7,0,0,,
30910346,NBA,2026-09-15T07:01:25.981209Z,75,236.5,241.0,over,6.1333,5.25,5.637582,2905,10.0,0,0,,
30910347,NBA,2026-09-15T07:01:26.628735Z,75,202.5,205.0,over,5.2,4.65,5.637582,2905,11.2,0,0,,
30910348,NBA,2026-09-15T07:01:27.376732Z,75,240.5,232.0,under,6.2333,5.35,5.637582,2905,6.6,0,0,,
30910349,NBA,2026-09-15T07:01:28.078855Z,75,204.5,207.0,over,5.2,4.85,5.637582,2905,12.1,0,0,,
30910351,NBA,2026-09-15T07:01:29.389147Z,75,211.5,218.0,over,5.4667,4.75,5.637582,2905,13.9,0,0,,
30910352,NBA,2026-09-15T07:01:29.987387Z,75,216.5,236.0,over,6.0,3.65,5.637582,2905,9.2,0,0,,
30910353,NBA,2026-09-15T07:01:30.510148Z,75,181.5,189.0,over,4.5667,4.45,5.637582,2905,14.5,0,0,,
30910354,NBA,2026-09-15T07:01:31.114595Z,75,215.5,212.0,under,5.4667,5.15,5.637582,2905,10.3,0,0,,
30910350,NBA,2026-09-15T07:01:46.818821Z,75,209.5,203.0,under,5.3333,4.95,5.637582,2905,8.8,0,0,,
30910576,CBA,2026-09-15T07:29:06.856904Z,75,154.5,161.0,over,4.0,3.45,4.45598,1229,12.7,0,0,,
30910577,CBA,2026-09-15T07:29:08.371417Z,75,201.5,201.0,under,5.3667,4.05,4.45598,1229,15.8,0,0,,
30910578,CBA,2026-09-15T07:29:09.105310Z,75,178.5,180.0,over,4.7333,3.65,4.45598,1229,16.6,0,0,,
30910579,CBA,2026-09-15T07:29:09.695022Z,75,177.5,179.0,over,4.6667,3.75,4.45598,1229,17.1,0,0,,
30910580,CBA,2026-09-15T07:29:10.202822Z,75,167.5,167.0,under,4.2,4.15,4.45598,1229,16.1,0,0,,
30910619,KBL,2026-09-15T07:32:49.772315Z,75,153.5,147.0,under,4.0333,3.25,3.88846,1237,20.1,0,0,,
30910670,EuroLeague,2026-09-15T07:40:07.465453Z,75,156.5,162.0,over,4.1,3.35,4.300533,1923,14.9,0,0,,
30910672,EuroLeague,2026-09-15T07:40:08.105516Z,75,180.5,172.0,under,4.7,3.95,4.300533,1923,15.5,0,0,,
30910676,EuroLeague,2026-09-15T07:40:08.674582Z,75,191.5,192.0,over,4.9333,4.35,4.300533,1923,17.6,0,0,,
30910677,EuroLeague,2026-09-15T07:40:09.205822Z,75,172.5,167.0,under,4.4667,3.85,4.300533,1923,17.2,0,0,,
30910678,EuroLeague,2026-09-15T07:40:09.812098Z,75,171.5,171.0,under,4.5,3.65,4.300533,1923,36.5,0,0,,
30910679,EuroLeague,2026-09-15T07:40:10.437330Z,75,168.5,170.0,over,4.3,3.95,4.300533,1923,16.0,0,0,,
30910690,NBA,2026-09-15T07:49:26.614098Z,75,202.5,206.0,over,5.1667,4.75,5.63699,2917,0.0,0,0,,
30910692,NBA,2026-09-15T07:49:32.800130Z,75,190.5,180.0,under,4.9667,4.15,5.63699,2917,0.0,0,0,,
30910699,NBA,2026-09-15T07:49:33.665036Z,75,250.5,248.0,under,6.6,5.25,5.63699,2917,0.0,0,0,,
30910698,NBA,2026-09-15T07:49:34.339372Z,75,220.5,212.0,under,5.6667,5.05,5.63699,2917,0.0,0,0,,
30910700,NBA,2026-09-15T07:49:35.112517Z,75,249.5,244.0,under,6.3333,5.95,5.63699,2917,0.0,0,1,,1
30910694,NBA,2026-09-15T07:49:46.050204Z,75,236.5,232.0,under,6.1333,5.25,5.63699,2917,34.6,0,0,,
30910695,NBA,2026-09-15T07:49:46.749825Z,75,224.5,231.0,over,5.9,4.75,5.63699,2917,4.8,0,0,,
30910696,NBA,2026-09-15T07:49:47.443335Z,75,177.5,173.0,under,4.5333,4.15,5.63699,2917,6.2,0,0,,
30910697,NBA,2026-09-15T07:49:48.077019Z,75,260.5,265.0,over,6.8333,5.55,5.63699,2917,17.6,0,0,,
30910701,NBA,2026-09-15T07:49:50.629111Z,75,241.5,243.0,over,6.2333,5.45,5.63699,2917,20.1,0,0,,
30910744,TBSL,2026-09-15T07:55:29.129393Z,75,146.5,149.0,over,3.8333,3.15,4.167799,2038,12.2,0,0,,
30910749,TBSL,2026-09-15T07:55:29.770230Z,75,129.5,131.0,over,3.3,3.05,4.167799,2038,9.1,0,0,,
30910829,CBA,2026-09-15T08:08:42.842335Z,75,186.5,180.0,under,4.9333,3.85,4.455916,1234,14.7,0,0,,
30910831,CBA,2026-09-15T08:08:46.977589Z,75,177.5,178.0,over,4.4667,4.35,4.455916,1234,18.9,0,0,,
30910832,CBA,2026-09-15T08:08:47.751883Z,75,178.5,185.0,over,4.6667,3.85,4.455916,1234,19.1,0,0,,
30910833,CBA,2026-09-15T08:08:48.453650Z,75,189.5,190.0,over,4.7667,4.65,4.455916,1234,19.4,0,1,,0
30910860,KBL,2026-09-15T08:12:35.610498Z,75,179.5,178.0,under,4.7333,3.75,3.888288,1238,25.3,0,0,,
30910864,KBL,2026-09-15T08:12:37.068504Z,75,149.5,149.0,under,3.7667,3.65,3.888288,1238,24.3,0,0,,
30910938,EuroLeague,2026-09-15T08:20:12.476789Z,75,191.5,184.0,under,5.0333,4.05,4.300557,1929,12.5,0,0,,
30910940,EuroLeague,2026-09-15T08:20:14.082811Z,75,173.5,169.0,under,4.4667,3.95,4.300557,1929,14.1,0,0,,
30910942,EuroLeague,2026-09-15T08:20:14.652713Z,75,168.5,151.0,under,4.2667,4.05,4.300557,1929,29.2,0,0,,
30910944,EuroLeague,2026-09-15T08:20:15.147235Z,75,172.5,164.0,under,4.3,4.35,4.300557,1929,22.3,1,0,1,
30910945,EuroLeague,2026-09-15T08:20:15.701818Z,75,182.5,189.0,over,4.8667,3.65,4.300557,1929,15.8,0,0,,
30911058,TBSL,2026-09-15T08:35:11.671679Z,75,154.5,154.0,under,3.9333,3.65,4.167145,2040,9.4,0,0,,
30911059,TBSL,2026-09-15T08:35:13.126739Z,75,184.5,180.0,under,4.9,3.75,4.167145,2040,10.9,0,0,,
30911060,TBSL,2026-09-15T08:35:13.896210Z,75,178.5,195.0,over,4.6,4.05,4.167145,2040,11.7,0,0,,
30911063,TBSL,2026-09-15T08:35:14.474699Z,75,191.5,190.0,under,5.0,4.15,4.167145,2040,12.2,0,0,,
30911064,TBSL,2026-09-15T08:35:15.099949Z,75,160.5,176.0,over,4.2333,3.35,4.167145,2040,12.8,0,0,,
30911011,NBA,2026-09-15T08:37:30.840916Z,75,223.5,224.0,over,5.6667,5.35,5.636812,2927,0.0,0,0,,
30911013,NBA,2026-09-15T08:37:36.690631Z,75,245.5,238.0,under,6.2667,5.75,5.636812,2927,0.0,0,0,,
30911016,NBA,2026-09-15T08:37:37.321749Z,75,225.5,240.0,over,5.9,4.85,5.636812,2927,0.0,0,0,,
30911022,NBA,2026-09-15T08:37:38.090255Z,75,230.5,233.0,over,5.9333,5.25,5.636812,2927,0.0,0,0,,
30911012,NBA,2026-09-15T08:37:59.925217Z,75,204.5,203.0,under,5.3,4.55,5.636812,2927,3.6,0,0,,
30911014,NBA,2026-09-15T08:38:00.972114Z,75,214.5,209.0,under,5.6333,4.55,5.636812,2927,35.3,0,0,,
30911015,NBA,2026-09-15T08:38:01.654330Z,75,253.5,251.0,under,6.7,5.25,5.636812,2927,5.3,0,0,,
30911018,NBA,2026-09-15T08:38:03.225692Z,75,246.5,253.0,over,6.4667,5.25,5.636812,2927,6.9,0,0,,
30911020,NBA,2026-09-15T08:38:04.279786Z,75,208.5,213.0,over,5.5,4.35,5.636812,2927,38.6,0,0,,
30911021,NBA,2026-09-15T08:38:04.940707Z,75,201.5,196.0,under,5.1333,4.75,5.636812,2927,9.0,0,0,,
30911019,NBA,2026-09-15T08:38:40.174727Z,75,208.5,214.0,over,5.3667,4.75,5.636812,2927,5.7,0,0,,
30911165,CBA,2026-09-15T08:48:35.668885Z,75,158.5,159.0,over,4.2333,3.15,4.456321,1238,0.0,0,0,,
30911162,CBA,2026-09-15T08:48:54.750601Z,75,180.5,185.0,over,4.6667,4.05,4.456321,1238,14.0,0,0,,
30911163,CBA,2026-09-15T08:48:55.265352Z,75,210.5,210.0,under,5.6,4.25,4.456321,1238,14.5,0,0,,
30911240,EuroLeague,2026-09-15T09:00:21.378947Z,75,202.5,204.0,over,5.3667,4.15,4.300517,1934,13.1,0,0,,
30911241,EuroLeague,2026-09-15T09:00:22.743509Z,75,208.5,207.0,under,5.5,4.35,4.300517,1934,12.6,0,0,,
30911243,EuroLeague,2026-09-15T09:00:23.326381Z,75,187.5,185.0,under,5.0333,3.65,4.300517,1934,13.1,0,0,,
30911244,EuroLeague,2026-09-15T09:00:23.869070Z,75,173.5,183.0,over,4.4,4.15,4.300517,1934,15.6,0,0,,
30911246,EuroLeague,2026-09-15T09:00:25.242288Z,75,182.5,172.0,under,4.6667,4.25,4.300517,1934,17.0,0,0,,
30910357,CYBER,2026-09-15T09:03:09.434590Z,75,206.5,206.0,under,4.2077,4.6053,4.469048,490,0.8,1,0,1,
30911404,NBA,2026-09-15T09:27:35.498738Z,75,229.5,233.0,over,6.4,3.75,5.63676,2938,0.0,0,0,,
30911405,NBA,2026-09-15T09:30:31.777927Z,75,184.5,185.0,over,4.9394,3.0714,5.63676,2938,11.4,0,0,,
30911406,NBA,2026-09-15T09:30:32.531580Z,75,231.5,219.0,under,5.9394,5.0714,5.63676,2938,13.8,0,0,,
30911407,NBA,2026-09-15T09:30:33.332356Z,75,230.5,223.0,under,6.0303,4.5,5.63676,2938,13.8,0,0,,
30911408,NBA,2026-09-15T09:30:34.140194Z,75,218.5,215.0,under,5.7273,4.2143,5.63676,2938,14.9,0,0,,
30911409,NBA,2026-09-15T09:30:34.821151Z,75,200.5,206.0,over,5.3939,3.2143,5.63676,2938,16.6,0,0,,
30911410,NBA,2026-09-15T09:30:35.503008Z,75,234.5,237.0,over,6.3636,3.5,5.63676,2938,16.0,0,0,,
30911411,NBA,2026-09-15T09:30:36.377941Z,75,239.5,236.0,under,6.1818,5.0714,5.63676,2938,17.9,0,0,,
30911412,NBA,2026-09-15T09:30:37.018756Z,75,202.5,209.0,over,5.4242,3.3571,5.63676,2938,19.1,0,0,,
30911413,NBA,2026-09-15T09:30:37.799498Z,75,219.5,220.0,over,5.6667,4.6429,5.63676,2938,18.2,0,0,,
30911414,NBA,2026-09-15T09:30:41.028375Z,75,201.5,216.0,over,5.5455,2.6429,5.63676,2938,21.8,0,0,,
30911415,NBA,2026-09-15T09:30:44.154758Z,75,220.5,203.0,under,5.7576,4.3571,5.63676,2938,25.5,0,0,,
30911475,CBA,2026-09-15T09:30:51.720049Z,75,170.5,176.0,over,4.25,4.3125,4.456708,1241,32.2,0,0,,
30911477,CBA,2026-09-15T09:30:52.784035Z,75,155.5,157.0,over,3.9688,3.5625,4.456708,1241,32.2,0,0,,
30911478,CBA,2026-09-15T09:30:53.398319Z,75,174.5,175.0,over,4.5625,3.5625,4.456708,1241,34.0,0,0,,
30911479,CBA,2026-09-15T09:30:53.974208Z,75,201.5,214.0,over,5.2188,4.3125,4.456708,1241,35.9,0,0,,
30911513,KBL,2026-09-15T09:32:39.195724Z,75,155.5,145.0,under,4.0667,3.35,3.887963,1242,0.0,0,0,,
30911575,EuroLeague,2026-09-15T09:40:00.975469Z,75,153.5,150.0,under,3.9667,3.45,4.301689,1939,0.0,0,0,,
30911578,EuroLeague,2026-09-15T09:40:01.783375Z,75,169.5,161.0,under,4.4,3.75,4.301689,1939,0.0,0,0,,
30911574,EuroLeague,2026-09-15T09:40:06.951067Z,75,171.5,169.0,under,4.4667,3.75,4.301689,1939,6.0,0,0,,
30911576,EuroLeague,2026-09-15T09:40:08.263669Z,75,177.5,178.0,over,4.5667,4.05,4.301689,1939,29.9,0,0,,
30911577,EuroLeague,2026-09-15T09:40:09.032645Z,75,175.5,172.0,under,4.5667,3.85,4.301689,1939,30.7,0,0,,
30911579,EuroLeague,2026-09-15T09:40:10.193855Z,75,179.5,174.0,under,4.6667,3.95,4.301689,1939,31.8,0,0,,
30911664,TBSL,2026-09-15T09:55:39.736468Z,75,159.5,160.0,over,4.1667,3.45,4.167897,2045,11.4,0,0,,
30911666,TBSL,2026-09-15T09:55:42.762052Z,75,189.5,186.0,under,5.0333,3.85,4.167897,2045,14.4,0,0,,
30911668,TBSL,2026-09-15T09:55:43.330267Z,75,190.5,193.0,over,5.0,4.05,4.167897,2045,15.0,0,0,,
30911817,CBA,2026-09-15T10:08:46.786503Z,75,181.5,175.0,under,4.7,4.05,4.456888,1245,10.4,0,0,,
30911818,CBA,2026-09-15T10:08:48.343791Z,75,180.5,183.0,over,4.7333,3.85,4.456888,1245,11.9,0,0,,
30911819,CBA,2026-09-15T10:08:49.126657Z,75,211.5,217.0,over,5.8667,3.55,4.456888,1245,12.7,0,0,,
30911820,CBA,2026-09-15T10:08:50.793074Z,75,153.5,170.0,over,3.9667,3.45,4.456888,1245,22.6,0,0,,
30911821,CBA,2026-09-15T10:08:59.888103Z,75,151.5,155.0,over,3.9,3.45,4.456888,1245,23.0,0,0,,
30911846,KBL,2026-09-15T10:12:25.197087Z,75,190.5,192.0,over,4.9,4.35,3.887751,1243,25.2,0,1,,0
30910432,CYBER,2026-09-15T10:41:47.195949Z,75,225.5,221.0,under,4.7254,4.5763,4.468686,491,0.0,0,0,,
30912227,CBA,2026-09-15T10:51:08.652795Z,75,217.5,215.0,under,5.6774,4.6111,4.45706,1250,87.5,0,0,,
30912228,CBA,2026-09-15T10:51:10.573133Z,75,147.5,148.0,over,3.8065,3.2778,4.45706,1250,79.5,0,0,,
30912229,CBA,2026-09-15T10:51:11.380148Z,75,179.5,192.0,over,4.7419,3.6111,4.45706,1250,90.2,0,0,,
30912231,CBA,2026-09-15T10:51:12.039501Z,75,149.5,144.0,under,3.6452,4.0556,4.45706,1250,91.0,0,0,,
30912250,KBL,2026-09-15T10:53:26.319575Z,75,153.5,144.0,under,4.0333,3.25,3.888485,1244,15.0,0,0,,
30912314,EuroLeague,2026-09-15T11:00:21.356755Z,75,201.5,201.0,under,5.2,4.55,4.301324,1945,0.0,0,1,,1
30912308,EuroLeague,2026-09-15T11:00:48.692920Z,75,161.5,168.0,over,4.2333,3.45,4.301324,1945,24.9,0,0,,
30912311,EuroLeague,2026-09-15T11:00:50.519677Z,75,163.5,159.0,under,4.2333,3.65,4.301324,1945,26.8,0,0,,
30912312,EuroLeague,2026-09-15T11:00:51.128138Z,75,158.5,160.0,over,4.0667,3.65,4.301324,1945,34.8,0,0,,
30912315,EuroLeague,2026-09-15T11:00:52.155029Z,75,177.5,177.0,under,4.5667,4.05,4.301324,1945,35.8,0,0,,
30912316,EuroLeague,2026-09-15T11:00:52.685500Z,75,148.5,155.0,over,3.8,3.45,4.301324,1945,28.9,0,0,,
30912256,NBA,2026-09-15T11:01:21.566286Z,75,254.5,256.0,over,6.5333,5.85,5.635881,2950,5.4,0,0,,
30912257,NBA,2026-09-15T11:01:22.174319Z,75,207.5,225.0,over,5.1667,5.25,5.635881,2950,1.4,0,0,,
30912259,NBA,2026-09-15T11:01:23.361851Z,75,217.5,208.0,under,5.4667,5.35,5.635881,2950,18.7,0,0,,
30912260,NBA,2026-09-15T11:01:23.982267Z,75,240.5,237.0,under,6.4,4.85,5.635881,2950,17.8,0,0,,
30912261,NBA,2026-09-15T11:01:24.554386Z,75,227.5,224.0,under,6.0667,4.55,5.635881,2950,19.9,0,0,,
30912262,NBA,2026-09-15T11:01:25.145781Z,75,228.5,235.0,over,6.0,4.85,5.635881,2950,21.6,0,0,,
30912263,NBA,2026-09-15T11:01:25.758073Z,75,199.5,183.0,under,5.0333,4.85,5.635881,2950,4.9,0,0,,
30912266,NBA,2026-09-15T11:01:33.761159Z,75,236.5,238.0,over,6.2667,4.85,5.635881,2950,29.1,0,0,,
30912267,NBA,2026-09-15T11:01:36.337148Z,75,224.5,233.0,over,5.8,5.05,5.635881,2950,15.5,0,0,,
30912258,NBA,2026-09-15T11:01:59.918039Z,75,262.5,254.0,under,6.8667,5.65,5.635881,2950,3.0,0,0,,
30912265,NBA,2026-09-15T11:03:09.392388Z,75,228.5,229.0,over,5.9,5.15,5.635881,2950,72.5,0,0,,
30912438,TBSL,2026-09-15T11:14:56.893715Z,75,190.5,180.0,under,5.0333,3.95,4.168372,2048,5.1,0,0,,
30912442,TBSL,2026-09-15T11:14:59.010100Z,75,166.5,153.0,under,4.3333,3.65,4.168372,2048,7.2,0,0,,
30912624,EuroLeague,2026-09-15T11:40:58.443195Z,75,157.5,165.0,over,3.9677,3.8333,4.301166,1951,0.0,0,0,,
30912622,EuroLeague,2026-09-15T11:41:17.270504Z,75,175.5,183.0,over,4.5806,3.7222,4.301166,1951,0.0,0,0,,
30912623,EuroLeague,2026-09-15T11:41:18.015095Z,75,150.5,152.0,over,3.871,3.3889,4.301166,1951,0.0,0,0,,
30912625,EuroLeague,2026-09-15T11:41:18.884052Z,75,209.5,213.0,over,5.4194,4.6111,4.301166,1951,0.0,0,1,,0
30912619,EuroLeague,2026-09-15T11:41:22.227895Z,75,154.5,166.0,over,4.0,3.3889,4.301166,1951,0.0,0,0,,
30912634,NBA,2026-09-15T11:49:50.212209Z,75,204.5,210.0,over,5.4,4.25,5.635972,2962,0.0,0,0,,
30912635,NBA,2026-09-15T11:51:19.526639Z,75,281.5,273.0,under,7.5,5.65,5.635972,2962,5.1,0,0,,
30912636,NBA,2026-09-15T11:51:20.114740Z,75,207.5,215.0,over,5.5,4.25,5.635972,2962,11.1,0,0,,
30912637,NBA,2026-09-15T11:51:20.716527Z,75,211.5,216.0,over,5.5333,4.55,5.635972,2962,11.7,0,0,,
30912638,NBA,2026-09-15T11:51:21.274830Z,75,249.5,262.0,over,6.4333,5.65,5.635972,2962,12.2,0,0,,
30912639,NBA,2026-09-15T11:51:21.831189Z,75,218.5,216.0,under,5.8,4.45,5.635972,2962,7.4,0,0,,
30912640,NBA,2026-09-15T11:51:22.436701Z,75,259.5,267.0,over,6.9,5.25,5.635972,2962,8.0,0,0,,
30912641,NBA,2026-09-15T11:51:22.949397Z,75,209.5,221.0,over,5.4667,4.55,5.635972,2962,8.5,0,0,,
30912642,NBA,2026-09-15T11:51:23.498533Z,75,219.5,211.0,under,5.8667,4.35,5.635972,2962,9.1,0,0,,
30912643,NBA,2026-09-15T11:51:24.012073Z,75,236.5,239.0,over,6.2,5.05,5.635972,2962,9.6,0,0,,
30912644,NBA,2026-09-15T11:51:24.513105Z,75,249.5,240.0,under,6.6,5.15,5.635972,2962,15.5,0,0,,
30912645,NBA,2026-09-15T11:51:25.049715Z,75,219.5,220.0,over,5.6333,5.05,5.635972,2962,10.6,0,0,,
30912803,TBSL,2026-09-15T11:55:41.014738Z,75,169.5,175.0,over,4.5333,3.35,4.168366,2050,14.2,0,0,,
30912804,TBSL,2026-09-15T11:55:41.543723Z,75,161.5,155.0,under,4.1333,3.75,4.168366,2050,9.3,0,0,,
30912847,CBA,2026-09-15T12:08:56.166800Z,75,197.5,196.0,under,5.2667,3.95,4.456778,1254,10.7,0,0,,
30912849,CBA,2026-09-15T12:08:57.487887Z,75,219.5,216.0,under,5.8333,4.45,4.456778,1254,11.8,0,0,,
30912851,CBA,2026-09-15T12:08:58.059835Z,75,184.5,194.0,over,4.8333,3.95,4.456778,1254,10.2,0,0,,
30912877,KBL,2026-09-15T12:14:46.700098Z,75,181.5,181.0,under,4.9,3.45,3.888091,1247,116.2,0,0,,
30912879,KBL,2026-09-15T12:14:47.872448Z,75,165.5,162.0,under,4.3667,3.45,3.888091,1247,111.7,0,0,,
30912904,EuroLeague,2026-09-15T12:20:18.026243Z,75,171.5,166.0,under,4.3667,4.05,4.301406,1956,0.0,0,0,,
30912897,EuroLeague,2026-09-15T12:21:41.626722Z,75,160.5,153.0,under,4.1333,3.65,4.301406,1956,13.8,0,0,,
30912901,EuroLeague,2026-09-15T12:21:45.240523Z,75,160.5,157.0,under,4.2333,3.35,4.301406,1956,87.2,0,0,,
30914147,TBSL,2026-09-15T14:35:57.844972Z,75,173.5,174.0,over,4.5333,3.75,4.168324,2052,14.4,0,0,,
30914149,TBSL,2026-09-15T14:35:58.706744Z,75,147.5,156.0,over,3.7333,3.55,4.168324,2052,14.4,0,0,,
30910439,CYBER,2026-09-15T14:36:04.380298Z,75,212.5,218.0,over,4.3611,4.625,4.469616,493,20.5,1,0,0,
30914126,NBA,2026-09-15T14:38:22.701843Z,75,202.5,204.0,over,5.0,5.25,5.636685,2974,34.5,0,0,,
30914127,NBA,2026-09-15T14:38:23.286829Z,75,237.5,244.0,over,6.3333,4.75,5.636685,2974,13.2,0,0,,
30914246,CBA,2026-09-15T14:49:23.416206Z,75,205.5,214.0,over,5.3667,4.45,4.458194,1257,19.4,0,0,,
30914247,CBA,2026-09-15T14:49:24.013252Z,75,190.5,197.0,over,4.9333,4.25,4.458194,1257,7.5,0,0,,
30914316,EuroLeague,2026-09-15T15:00:53.311178Z,75,152.5,148.0,under,3.8667,3.65,4.300893,1959,0.0,0,0,,
30914318,EuroLeague,2026-09-15T15:01:01.279209Z,75,148.5,147.0,under,3.7667,3.55,4.300893,1959,7.4,0,0,,
30914528,TBSL,2026-09-15T15:16:00.116916Z,75,165.5,172.0,over,4.4,3.35,4.168281,2054,18.7,0,0,,
30914531,TBSL,2026-09-15T15:16:00.551354Z,75,168.5,169.0,over,4.3667,3.75,4.168281,2054,32.0,0,0,,
30914532,TBSL,2026-09-15T15:16:01.051263Z,75,163.5,159.0,under,4.2333,3.65,4.168281,2054,19.7,0,0,,
30914549,NBA,2026-09-15T15:26:29.211173Z,75,238.5,232.0,under,6.0333,5.75,5.63666,2976,9.4,0,0,,
30914550,NBA,2026-09-15T15:26:29.599392Z,75,228.5,227.0,under,5.9333,5.05,5.63666,2976,20.5,0,0,,
30914551,NBA,2026-09-15T15:26:30.086987Z,75,172.5,173.0,over,4.2667,4.45,5.63666,2976,10.8,0,0,,
30914552,NBA,2026-09-15T15:26:30.868967Z,75,217.5,219.0,over,5.6333,4.85,5.63666,2976,11.0,0,0,,
30914553,NBA,2026-09-15T15:26:31.388143Z,75,296.5,293.0,under,7.8667,6.05,5.63666,2976,11.5,0,1,,1
30914554,NBA,2026-09-15T15:26:32.202609Z,75,245.5,236.0,under,6.5,5.05,5.63666,2976,23.1,0,0,,
30914684,CBA,2026-09-15T15:29:44.753851Z,75,174.5,184.0,over,4.5333,3.85,4.459273,1259,14.4,0,0,,
30914767,KBL,2026-09-15T15:33:26.000696Z,75,184.5,186.0,over,4.7333,4.25,3.888731,1249,23.6,0,1,,0
30910623,CYBER,2026-09-15T15:36:08.500554Z,75,230.5,236.0,over,4.8056,4.7917,4.469762,494,2.9,0,1,,0
30914818,EuroLeague,2026-09-15T15:41:03.591725Z,75,204.5,202.0,under,5.3667,4.35,4.300268,1961,5.5,0,0,,
30914821,EuroLeague,2026-09-15T15:41:04.311687Z,75,181.5,181.0,under,4.7,4.05,4.300268,1961,6.2,0,0,,
30914822,EuroLeague,2026-09-15T15:41:05.034341Z,75,146.5,153.0,over,3.6667,3.65,4.300268,1961,19.8,0,0,,
30914963,TBSL,2026-09-15T15:55:56.780146Z,75,169.5,177.0,over,4.4333,3.65,4.168279,2057,11.9,0,0,,
30915074,CBA,2026-09-15T16:09:18.587683Z,75,218.5,224.0,over,5.6667,4.85,4.459385,1260,18.6,0,1,,0
30915078,CBA,2026-09-15T16:09:19.126346Z,75,183.5,181.0,under,4.7667,4.05,4.459385,1260,19.1,0,0,,
30915118,KBL,2026-09-15T16:13:18.299154Z,75,149.5,150.0,over,3.7667,3.65,3.88934,1250,19.8,0,0,,
30915072,NBA,2026-09-15T16:14:24.402204Z,75,180.5,189.0,over,4.4667,4.65,5.636888,2982,7.9,0,0,,
30915075,NBA,2026-09-15T16:14:24.911382Z,75,233.5,235.0,over,6.1333,4.95,5.636888,2982,14.7,0,0,,
30915076,NBA,2026-09-15T16:14:25.343382Z,75,183.5,197.0,over,4.7333,4.15,5.636888,2982,15.1,0,0,,
30915077,NBA,2026-09-15T16:14:25.743690Z,75,250.5,251.0,over,6.5333,5.45,5.636888,2982,15.9,0,0,,
30915079,NBA,2026-09-15T16:14:26.166101Z,75,263.5,262.0,under,6.9,5.65,5.636888,2982,14.3,0,0,,
30915175,EuroLeague,2026-09-15T16:21:05.647628Z,75,190.5,185.0,under,4.8667,4.45,4.300522,1964,19.4,0,0,,
30915176,EuroLeague,2026-09-15T16:21:06.194953Z,75,163.5,159.0,under,4.2667,3.55,4.300522,1964,23.5,0,0,,
30915279,TBSL,2026-09-15T16:35:57.278660Z,75,192.5,196.0,over,5.0333,4.15,4.168404,2058,9.6,0,0,,
30915280,TBSL,2026-09-15T16:35:58.043335Z,75,141.5,155.0,over,3.5333,3.55,4.168404,2058,10.3,0,0,,
30915281,TBSL,2026-09-15T16:35:58.673162Z,75,152.5,150.0,under,3.8,3.85,4.168404,2058,11.0,0,0,,
30915372,CBA,2026-09-15T16:49:19.221241Z,75,149.5,149.0,under,3.6667,3.95,4.460341,1262,0.0,0,0,,
30915473,EuroLeague,2026-09-15T17:00:58.020076Z,75,174.5,177.0,over,4.5667,3.75,4.300521,1966,0.0,0,0,,
30915474,EuroLeague,2026-09-15T17:00:58.962814Z,75,167.5,163.0,under,4.3333,3.75,4.300521,1966,0.0,0,0,,
30915477,EuroLeague,2026-09-15T17:01:06.773011Z,75,192.5,193.0,over,4.9333,4.45,4.300521,1966,28.7,0,0,,
30915430,NBA,2026-09-15T17:02:20.969345Z,75,210.5,215.0,over,5.3333,5.05,5.636943,2987,24.8,0,0,,
30915431,NBA,2026-09-15T17:02:21.554968Z,75,210.5,201.0,under,5.4667,4.65,5.636943,2987,11.0,0,0,,
30915432,NBA,2026-09-15T17:02:22.145593Z,75,205.5,181.0,under,5.2333,4.85,5.636943,2987,11.6,0,0,,
30915433,NBA,2026-09-15T17:02:22.715755Z,75,202.5,206.0,over,5.0667,5.05,5.636943,2987,12.2,0,0,,
30915434,NBA,2026-09-15T17:02:23.222377Z,75,240.5,238.0,under,6.2,5.45,5.636943,2987,12.7,0,0,,
30915435,NBA,2026-09-15T17:02:33.217961Z,75,256.5,247.0,under,6.5667,5.95,5.636943,2987,22.4,0,1,,1
30915566,TBSL,2026-09-15T17:16:11.330627Z,75,167.5,154.0,under,4.3,3.85,4.168413,2061,5.9,0,0,,
30915567,TBSL,2026-09-15T17:16:12.137772Z,75,177.5,184.0,over,4.8,3.35,4.168413,2061,6.8,0,0,,
30915568,TBSL,2026-09-15T17:16:12.936489Z,75,173.5,173.0,under,4.6,3.55,4.168413,2061,7.5,0,0,,
30915570,TBSL,2026-09-15T17:16:13.595251Z,75,151.5,154.0,over,3.8667,3.55,4.168413,2061,8.2,0,0,,
30910642,CYBER,2026-09-15T17:22:21.655733Z,75,229.5,229.0,under,4.8056,4.7083,4.471135,498,0.4,0,1,,1
30915773,CBA,2026-09-15T17:29:25.597826Z,75,141.5,139.0,under,3.5333,3.55,4.459759,1263,35.6,0,0,,
30915774,CBA,2026-09-15T17:29:26.155286Z,75,202.5,206.0,over,5.3,4.35,4.459759,1263,18.0,0,0,,
30915834,KBL,2026-09-15T17:33:15.059634Z,75,166.5,162.0,under,4.4333,3.35,3.889229,1251,18.8,0,0,,
30915884,EuroLeague,2026-09-15T17:41:02.320856Z,75,184.5,183.0,under,4.8667,3.85,4.300736,1969,24.2,0,0,,
30915886,EuroLeague,2026-09-15T17:41:03.147988Z,75,167.5,168.0,over,4.2,4.15,4.300736,1969,34.0,0,0,,
30915887,EuroLeague,2026-09-15T17:41:03.563944Z,75,169.5,181.0,over,4.4333,3.65,4.300736,1969,16.1,0,0,,
30915892,NBA,2026-09-15T17:50:27.205162Z,75,211.5,212.0,over,5.5,4.65,5.636402,2993,0.0,0,0,,
30915894,NBA,2026-09-15T17:50:27.454931Z,75,252.5,261.0,over,6.4667,5.85,5.636402,2993,0.0,0,0,,
30915893,NBA,2026-09-15T17:50:29.463223Z,75,232.5,222.0,under,6.0667,5.05,5.636402,2993,21.7,0,0,,
30915895,NBA,2026-09-15T17:50:30.475863Z,75,246.5,192.0,under,4.9231,54.5,5.636402,2993,14.9,1,1,1,1
30915896,NBA,2026-09-15T17:50:31.130389Z,75,220.5,223.0,over,5.5667,5.35,5.636402,2993,23.3,0,0,,
30915964,TBSL,2026-09-15T17:56:01.333982Z,75,179.5,188.0,over,4.7667,3.65,4.16839,2065,15.8,0,0,,
30915968,TBSL,2026-09-15T17:56:01.924445Z,75,162.5,169.0,over,4.3,3.35,4.16839,2065,16.4,0,0,,
30915969,TBSL,2026-09-15T17:56:02.405807Z,75,184.5,175.0,under,4.9333,3.65,4.16839,2065,16.9,0,0,,
30916051,CBA,2026-09-15T18:09:25.212104Z,75,166.5,172.0,over,4.3333,3.65,4.459526,1265,27.2,0,0,,
30916059,KBL,2026-09-15T18:13:16.632334Z,75,128.5,138.0,over,3.3,2.95,3.889357,1252,12.0,0,0,,
30916087,EuroLeague,2026-09-15T18:20:53.966631Z,75,160.5,155.0,under,4.1333,3.65,4.300938,1972,14.2,0,0,,
30916089,EuroLeague,2026-09-15T18:20:54.500134Z,75,182.5,183.0,over,4.7333,4.05,4.300938,1972,27.0,0,0,,
30916091,EuroLeague,2026-09-15T18:20:54.978069Z,75,141.5,146.0,over,3.5667,3.45,4.300938,1972,15.2,0,0,,
30916092,EuroLeague,2026-09-15T18:20:55.431595Z,75,176.5,178.0,over,4.6333,3.75,4.300938,1972,15.6,0,0,,
30916184,TBSL,2026-09-15T18:36:00.620987Z,75,170.5,169.0,under,4.4333,3.75,4.168774,2068,32.4,0,0,,
30916156,NBA,2026-09-15T18:38:28.572164Z,75,271.5,292.0,over,7.0667,5.95,5.63642,2999,20.3,0,1,,0
30916157,NBA,2026-09-15T18:38:29.121770Z,75,217.5,213.0,under,5.6333,4.85,5.63642,2999,20.8,0,0,,
30916158,NBA,2026-09-15T18:38:29.562602Z,75,230.5,221.0,under,5.9,5.35,5.63642,2999,32.2,0,0,,
30916159,NBA,2026-09-15T18:38:30.118686Z,75,252.5,249.0,under,6.6,5.45,5.63642,2999,21.8,0,0,,
30916160,NBA,2026-09-15T18:38:30.915127Z,75,242.5,235.0,under,6.3,5.35,5.63642,2999,33.5,0,0,,
30916161,NBA,2026-09-15T18:38:31.326160Z,75,248.5,246.0,under,4.9744,54.5,5.63642,2999,23.0,1,1,1,1
30916251,CBA,2026-09-15T18:49:23.594275Z,75,157.5,161.0,over,4.1,3.45,4.4594,1266,18.2,0,0,,
30916252,CBA,2026-09-15T18:49:24.064000Z,75,182.5,178.0,under,4.8,3.85,4.4594,1266,34.2,0,0,,
30916271,KBL,2026-09-15T18:53:12.912262Z,75,139.5,138.0,under,3.6333,3.05,3.889006,1253,30.4,0,0,,
30916305,EuroLeague,2026-09-15T19:01:03.935665Z,75,157.5,164.0,over,4.0333,3.65,4.300607,1976,22.0,0,0,,
30916306,EuroLeague,2026-09-15T19:01:04.345708Z,75,181.5,189.0,over,4.7,4.05,4.300607,1976,22.4,0,0,,
30916390,TBSL,2026-09-15T19:15:58.639119Z,75,185.5,180.0,under,4.8667,3.95,4.168801,2069,0.0,0,0,,
30916387,TBSL,2026-09-15T19:16:02.344566Z,75,164.5,165.0,over,4.2333,3.75,4.168801,2069,3.7,0,0,,
30916399,NBA,2026-09-15T19:26:28.052768Z,75,194.5,190.0,under,4.9,4.75,5.63728,3005,6.9,0,0,,
30916400,NBA,2026-09-15T19:26:28.904528Z,75,223.5,234.0,over,5.6667,5.35,5.63728,3005,21.1,0,0,,
30916402,NBA,2026-09-15T19:26:29.377585Z,75,183.5,171.0,under,4.7667,4.05,5.63728,3005,16.1,0,0,,
30916403,NBA,2026-09-15T19:26:29.755544Z,75,239.5,242.0,over,6.3,5.05,5.63728,3005,21.9,0,0,,
30916404,NBA,2026-09-15T19:26:30.117108Z,75,234.5,240.0,over,6.0667,5.25,5.63728,3005,40.9,0,0,,
30916442,CBA,2026-09-15T19:29:26.361359Z,75,207.5,208.0,over,5.5,4.25,4.45905,1268,21.2,0,0,,
30916441,CBA,2026-09-15T19:29:43.552596Z,75,194.5,193.0,under,5.2333,3.75,4.45905,1268,16.1,0,0,,
30916499,KBL,2026-09-15T19:33:16.558530Z,75,150.5,162.0,over,3.9667,3.15,3.888656,1254,16.9,0,0,,
30916519,EuroLeague,2026-09-15T19:41:00.782156Z,75,202.5,201.0,under,5.3667,4.15,4.30072,1978,31.9,0,0,,
30916520,EuroLeague,2026-09-15T19:41:01.600464Z,75,123.5,131.0,over,3.0667,3.15,4.30072,1978,23.1,0,0,,
30916521,EuroLeague,2026-09-15T19:41:01.987028Z,75,181.5,188.0,over,4.6667,4.15,4.30072,1978,14.6,0,0,,
30916522,EuroLeague,2026-09-15T19:41:02.484647Z,75,166.5,162.0,under,4.2,4.05,4.30072,1978,24.0,0,0,,
30916523,EuroLeague,2026-09-15T19:41:02.890901Z,75,185.5,190.0,over,4.9,3.85,4.30072,1978,24.4,0,0,,
30916553,TBSL,2026-09-15T19:55:54.850548Z,75,179.5,166.0,under,4.6667,3.95,4.16894,2071,0.0,0,0,,
30916557,TBSL,2026-09-15T19:55:55.531127Z,75,153.5,170.0,over,3.9667,3.45,4.16894,2071,0.0,0,0,,
30916558,TBSL,2026-09-15T19:56:07.895620Z,75,170.5,164.0,under,4.3333,4.05,4.16894,2071,11.8,0,0,,
30916606,CBA,2026-09-15T20:09:27.498789Z,75,170.5,167.0,under,4.5333,3.45,4.459343,1271,38.2,0,0,,
30916601,NBA,2026-09-15T20:14:21.714588Z,75,258.5,255.0,under,6.7,5.75,5.63686,3010,3.3,0,0,,
30916607,NBA,2026-09-15T20:14:23.106671Z,75,220.5,209.0,under,5.5667,5.35,5.636475,3011,6.1,0,0,,
30916608,NBA,2026-09-15T20:14:34.817190Z,75,232.5,232.0,under,5.8,5.85,5.636475,3011,29.8,0,0,,
30916695,EuroLeague,2026-09-15T20:21:05.915656Z,75,161.5,169.0,over,3.9333,4.35,4.30087,1983,18.5,1,0,0,
30916700,EuroLeague,2026-09-15T20:21:07.136860Z,75,123.5,117.0,under,2.9,3.65,4.30087,1983,23.4,0,0,,
30916697,EuroLeague,2026-09-15T20:22:00.021551Z,75,151.5,154.0,over,3.8065,3.7222,4.30087,1983,7.0,0,0,,
30916789,TBSL,2026-09-15T20:36:10.732555Z,75,148.5,154.0,over,3.7333,3.65,4.168937,2074,5.5,0,0,,
30916790,TBSL,2026-09-15T20:36:11.347048Z,75,156.5,155.0,under,4.1667,3.15,4.168937,2074,24.9,0,0,,
30916832,CBA,2026-09-15T20:49:27.440309Z,75,177.5,171.0,under,4.6667,3.75,4.459191,1273,17.5,0,0,,
30916861,KBL,2026-09-15T20:53:33.953139Z,75,143.5,136.0,under,3.6333,3.45,3.888785,1255,12.1,0,0,,
30916897,EuroLeague,2026-09-15T21:01:03.548597Z,75,158.5,150.0,under,4.0333,3.75,4.299912,1986,24.1,0,0,,
30916870,NBA,2026-09-15T21:02:30.068147Z,75,235.5,232.0,under,6.2,4.95,5.636928,3016,0.0,0,0,,
30916873,NBA,2026-09-15T21:02:30.553734Z,75,218.5,237.0,over,5.6333,4.95,5.636928,3016,0.0,0,0,,
30916874,NBA,2026-09-15T21:02:31.034119Z,75,235.5,239.0,over,6.1667,5.05,5.636928,3016,0.0,0,0,,
30916869,NBA,2026-09-15T21:02:34.411689Z,75,244.5,244.0,under,6.3333,5.45,5.636928,3016,6.1,0,0,,
30916875,NBA,2026-09-15T21:02:36.806789Z,75,192.5,191.0,under,4.9,4.55,5.636928,3016,22.7,0,0,,
30916876,NBA,2026-09-15T21:02:37.389692Z,75,220.5,215.0,under,5.6667,5.05,5.636928,3016,23.9,0,0,,
30910646,CYBER,2026-09-15T21:03:25.232461Z,75,210.5,202.0,under,4.3611,4.4583,4.47275,500,4.3,0,0,,
30916933,TBSL,2026-09-15T21:15:53.458505Z,75,176.5,180.0,over,3.5128,39.5,4.168642,2076,5.0,1,1,0,0
30916935,TBSL,2026-09-15T21:15:54.136480Z,75,135.5,142.0,over,3.5,3.05,4.168642,2076,5.7,0,0,,
30917752,KBL,2026-09-15T21:33:15.986960Z,75,137.5,149.0,over,3.5667,3.05,3.888396,1256,13.0,0,0,,
30917809,EuroLeague,2026-09-15T21:41:08.502955Z,75,145.5,146.0,over,3.7667,3.25,4.299711,1988,36.5,0,0,,
30917810,EuroLeague,2026-09-15T21:41:09.345962Z,75,169.5,159.0,under,4.3667,3.85,4.299711,1988,11.9,0,0,,
30917811,EuroLeague,2026-09-15T21:41:10.271149Z,75,155.5,157.0,over,4.0,3.55,4.299711,1988,12.8,0,0,,
30917812,EuroLeague,2026-09-15T21:41:11.071945Z,75,207.5,190.0,under,5.4667,4.35,4.299711,1988,39.0,0,0,,
30917813,EuroLeague,2026-09-15T21:41:12.045194Z,75,211.5,209.0,under,5.5333,4.55,4.299711,1988,40.0,0,1,,1
30918090,NBA,2026-09-15T21:50:22.025478Z,75,226.5,222.0,under,5.7,5.55,5.636971,3022,0.0,0,0,,
30918082,NBA,2026-09-15T21:50:25.467520Z,75,210.5,204.0,under,5.4333,4.75,5.636971,3022,15.3,0,0,,
30918086,NBA,2026-09-15T21:50:26.136189Z,75,263.5,262.0,under,6.8667,5.75,5.636971,3022,5.7,0,0,,
30918087,NBA,2026-09-15T21:50:26.718236Z,75,231.5,242.0,over,5.9333,5.35,5.636971,3022,20.6,0,0,,
30918088,NBA,2026-09-15T21:50:27.409893Z,75,252.5,250.0,under,6.5667,5.55,5.636971,3022,6.3,0,0,,
30918208,TBSL,2026-09-15T21:56:00.415867Z,75,179.5,175.0,under,4.7,3.85,4.168503,2078,10.1,0,0,,
30918211,TBSL,2026-09-15T21:56:01.134113Z,75,155.5,154.0,under,4.0667,3.35,4.168503,2078,10.8,0,0,,
30912323,CYBER,2026-09-15T22:05:11.754872Z,75,189.5,196.0,over,3.7222,4.625,4.472043,503,0.7,1,0,0,
30918248,CBA,2026-09-15T22:09:35.257727Z,75,194.5,194.0,under,5.1333,4.05,4.459196,1275,10.3,0,0,,
30918284,KBL,2026-09-15T22:13:24.528345Z,75,131.5,132.0,over,3.4,2.95,3.888266,1257,27.1,0,0,,
30918285,KBL,2026-09-15T22:13:25.214534Z,75,177.5,181.0,over,4.7,3.65,3.888266,1257,27.8,0,0,,
30918309,EuroLeague,2026-09-15T22:21:01.587469Z,75,186.5,202.0,over,4.8667,4.05,4.299724,1993,11.6,0,0,,
30918310,EuroLeague,2026-09-15T22:21:02.112738Z,75,169.5,171.0,over,4.4667,3.55,4.299724,1993,28.7,0,0,,
30918362,TBSL,2026-09-15T22:36:04.867190Z,75,173.5,171.0,under,4.5,3.85,4.16845,2080,26.3,0,0,,
30918363,TBSL,2026-09-15T22:36:05.498513Z,75,184.5,177.0,under,4.8,4.05,4.16845,2080,27.0,0,0,,
30918364,TBSL,2026-09-15T22:36:06.199850Z,75,166.5,171.0,over,4.3,3.75,4.16845,2080,27.6,0,0,,
30918353,NBA,2026-09-15T22:38:22.924157Z,75,212.5,224.0,over,5.5,4.75,5.637405,3027,50.2,0,0,,
30918351,NBA,2026-09-15T22:38:34.029240Z,75,229.5,231.0,over,5.9,5.25,5.637405,3027,24.6,0,0,,
30918352,NBA,2026-09-15T22:38:34.651321Z,75,214.5,219.0,over,5.6333,4.55,5.637405,3027,6.7,0,0,,
30918355,NBA,2026-09-15T22:38:36.329142Z,75,231.5,231.0,under,6.0,5.15,5.637405,3027,7.5,0,0,,
30918356,NBA,2026-09-15T22:38:36.971892Z,75,214.5,211.0,under,5.6,4.65,5.637405,3027,7.5,0,0,,
30918784,TBSL,2026-09-16T00:35:09.483878Z,75,162.5,162.0,under,4.1333,3.85,4.168675,2083,12.2,0,0,,
30918786,TBSL,2026-09-16T00:35:10.286928Z,75,161.5,154.0,under,4.2,3.55,4.168675,2083,21.8,0,0,,
30918788,TBSL,2026-09-16T00:35:11.028194Z,75,158.5,155.0,under,4.1333,3.45,4.168675,2083,13.8,0,0,,
30918731,NBA,2026-09-16T00:37:33.484370Z,75,250.5,250.0,under,6.5667,5.35,5.637422,3033,1.6,0,0,,
30918732,NBA,2026-09-16T00:37:34.247133Z,75,255.5,245.0,under,6.6333,5.65,5.637422,3033,14.0,0,0,,
30918734,NBA,2026-09-16T00:37:34.958931Z,75,202.5,208.0,over,5.2,4.65,5.637422,3033,10.6,0,0,,
30918735,NBA,2026-09-16T00:37:35.642128Z,75,240.5,234.0,under,6.3667,4.95,5.637422,3033,15.4,0,0,,
30918737,NBA,2026-09-16T00:37:36.292268Z,75,257.5,245.0,under,6.8,5.35,5.637422,3033,22.8,0,0,,
30918738,NBA,2026-09-16T00:37:37.032740Z,75,206.5,210.0,over,5.2333,4.95,5.637422,3033,16.8,0,0,,
30918739,NBA,2026-09-16T00:37:37.688220Z,75,215.5,216.0,over,5.5667,4.85,5.637422,3033,15.0,0,0,,
30918740,NBA,2026-09-16T00:37:38.289300Z,75,223.5,228.0,over,5.7667,5.05,5.637422,3033,15.6,0,0,,
30918741,NBA,2026-09-16T00:37:38.975027Z,75,202.5,195.0,under,5.1333,4.85,5.637422,3033,18.8,0,0,,
30918742,NBA,2026-09-16T00:37:39.585450Z,75,217.5,223.0,over,5.5333,5.15,5.637422,3033,19.4,0,0,,
30918743,NBA,2026-09-16T00:37:40.177222Z,75,200.5,209.0,over,5.1333,4.65,5.637422,3033,20.0,0,0,,
30918744,NBA,2026-09-16T00:37:40.752099Z,75,224.5,218.0,under,5.8333,4.95,5.637422,3033,16.4,0,0,,
30918854,CBA,2026-09-16T00:48:32.076178Z,75,183.5,183.0,under,4.6667,4.35,4.459502,1276,40.0,0,0,,
30918855,CBA,2026-09-16T00:48:32.579821Z,75,173.5,173.0,under,4.5333,3.75,4.459502,1276,20.4,0,0,,
30918856,CBA,2026-09-16T00:48:33.238371Z,75,197.5,192.0,under,5.2333,4.05,4.459502,1276,42.9,0,0,,
30918857,CBA,2026-09-16T00:48:33.736630Z,75,207.5,211.0,over,5.4333,4.45,4.459502,1276,21.6,0,0,,
30918858,CBA,2026-09-16T00:48:34.284764Z,75,164.5,168.0,over,4.3,3.55,4.459502,1276,22.1,0,0,,
30918874,KBL,2026-09-16T00:52:32.668049Z,75,166.5,166.0,under,4.5,3.15,3.888304,1259,13.8,0,0,,
30918877,KBL,2026-09-16T00:52:33.344984Z,75,193.5,193.0,under,5.1333,3.95,3.888304,1259,14.5,0,0,,
30918878,KBL,2026-09-16T00:52:34.047347Z,75,134.5,132.0,under,3.4,3.25,3.888304,1259,15.2,0,0,,
30918910,EuroLeague,2026-09-16T01:00:04.695707Z,75,155.5,157.0,over,3.9667,3.65,4.300088,1995,12.4,0,0,,
30918911,EuroLeague,2026-09-16T01:00:05.326195Z,75,181.5,184.0,over,4.8,3.75,4.300088,1995,13.0,0,0,,
30918913,EuroLeague,2026-09-16T01:00:05.954195Z,75,182.5,190.0,over,4.7667,3.95,4.300088,1995,13.6,0,0,,
30918915,EuroLeague,2026-09-16T01:00:06.537270Z,75,171.5,158.0,under,4.4667,3.75,4.300088,1995,47.4,0,0,,
30918957,TBSL,2026-09-16T01:15:03.285698Z,75,181.5,186.0,over,4.8667,3.55,4.168325,2086,17.9,0,0,,
30918958,TBSL,2026-09-16T01:15:03.832617Z,75,176.5,166.0,under,4.5,4.15,4.168325,2086,18.4,0,0,,
30918959,TBSL,2026-09-16T01:15:04.369951Z,75,185.5,173.0,under,4.7,4.45,4.168325,2086,11.9,0,1,,1
30918961,TBSL,2026-09-16T01:15:04.881227Z,75,193.5,197.0,over,5.1333,3.95,4.168325,2086,12.4,0,0,,
30912445,CYBER,2026-09-16T01:17:40.156066Z,75,200.5,200.0,under,4.0828,4.4681,4.471072,507,0.0,0,0,,
30918979,NBA,2026-09-16T01:25:31.420730Z,75,230.5,234.0,over,5.8,5.65,5.637217,3045,0.0,0,0,,
30918987,NBA,2026-09-16T01:25:32.069574Z,75,241.5,238.0,under,6.2667,5.35,5.637217,3045,0.0,0,0,,
30918989,NBA,2026-09-16T01:25:32.971971Z,75,231.5,222.0,under,6.0333,5.05,5.637217,3045,0.0,0,0,,
30918980,NBA,2026-09-16T01:25:42.521759Z,75,231.5,224.0,under,5.9667,5.25,5.637217,3045,34.2,0,0,,
30918981,NBA,2026-09-16T01:25:43.152404Z,75,225.5,226.0,over,5.8667,4.95,5.637217,3045,13.3,0,0,,
30918982,NBA,2026-09-16T01:25:43.761312Z,75,246.5,256.0,over,6.4333,5.35,5.637217,3045,2.6,0,0,,
30918983,NBA,2026-09-16T01:25:44.252160Z,75,204.5,199.0,under,5.2333,4.75,5.637217,3045,14.9,0,0,,
30918984,NBA,2026-09-16T01:25:44.871102Z,75,220.5,226.0,over,5.6,5.25,5.637217,3045,3.7,0,0,,
30918985,NBA,2026-09-16T01:25:45.557754Z,75,248.5,240.0,under,6.4333,5.55,5.637217,3045,17.3,0,0,,
30918988,NBA,2026-09-16T01:25:47.091730Z,75,188.5,188.0,under,4.9,4.15,5.637217,3045,5.9,0,0,,
30918990,NBA,2026-09-16T01:25:48.263735Z,75,278.5,283.0,over,7.2,6.25,5.637217,3045,18.4,0,1,,0
30919027,CBA,2026-09-16T01:28:29.424359Z,75,169.5,172.0,over,4.2667,4.15,4.460187,1281,14.8,0,0,,
30919028,CBA,2026-09-16T01:28:29.939686Z,75,237.5,243.0,over,6.2333,5.05,4.460187,1281,15.3,0,1,,0
30919029,CBA,2026-09-16T01:28:30.372412Z,75,189.5,195.0,over,4.9333,4.15,4.460187,1281,20.9,0,0,,
30919030,CBA,2026-09-16T01:28:30.931713Z,75,160.5,168.0,over,4.0333,3.95,4.460187,1281,16.3,0,0,,
30919114,KBL,2026-09-16T01:32:40.875813Z,75,207.5,197.0,under,5.5333,4.15,3.888788,1262,0.0,0,1,,1
30919113,KBL,2026-09-16T01:32:57.945850Z,75,176.5,171.0,under,4.6667,3.65,3.888788,1262,15.5,0,0,,
30919115,KBL,2026-09-16T01:32:59.008278Z,75,130.5,144.0,over,3.4,2.85,3.888788,1262,16.6,0,0,,
30919167,EuroLeague,2026-09-16T01:40:10.705868Z,75,175.5,174.0,under,4.6667,3.55,4.3001,1999,25.2,0,0,,
30919168,EuroLeague,2026-09-16T01:40:11.514773Z,75,214.5,221.0,over,5.7333,4.25,4.3001,1999,27.7,0,0,,
30919169,EuroLeague,2026-09-16T01:40:12.261001Z,75,183.5,180.0,under,4.5333,4.75,4.3001,1999,28.4,0,1,,1
30919170,EuroLeague,2026-09-16T01:40:12.959556Z,75,189.5,193.0,over,5.0,3.95,4.3001,1999,29.1,0,0,,
30919173,EuroLeague,2026-09-16T01:40:13.670907Z,75,160.5,162.0,over,4.2,3.45,4.3001,1999,28.2,0,0,,
30919407,TBSL,2026-09-16T01:55:03.871659Z,75,174.5,175.0,over,4.6667,3.45,4.168983,2090,15.3,0,0,,
30919409,TBSL,2026-09-16T01:55:04.495343Z,75,158.5,160.0,over,4.0333,3.75,4.168983,2090,11.7,0,0,,
30919411,TBSL,2026-09-16T01:55:05.055898Z,75,184.5,186.0,over,4.8,4.05,4.168983,2090,16.5,0,0,,
30919412,TBSL,2026-09-16T01:55:05.643031Z,75,148.5,160.0,over,3.8667,3.25,4.168983,2090,12.8,0,0,,
30919477,CBA,2026-09-16T02:09:14.419055Z,75,189.5,185.0,under,4.9667,4.05,4.46144,1285,14.9,0,0,,
30919479,CBA,2026-09-16T02:09:16.237963Z,75,142.5,143.0,over,3.7333,3.05,4.46144,1285,16.7,0,0,,
30919480,CBA,2026-09-16T02:09:17.048155Z,75,172.5,170.0,under,4.7,3.15,4.46144,1285,16.1,0,0,,
30919519,KBL,2026-09-16T02:12:25.670068Z,75,160.5,162.0,over,4.1667,3.55,3.889684,1265,0.0,0,0,,
30919513,KBL,2026-09-16T02:12:52.374232Z,75,145.5,139.0,under,3.8667,2.95,3.889684,1265,18.4,0,0,,
30919464,NBA,2026-09-16T02:13:30.710637Z,75,226.5,224.0,under,5.9,4.95,5.637672,3056,0.0,0,0,,
30919466,NBA,2026-09-16T02:13:47.944922Z,75,215.5,211.0,under,5.5333,4.95,5.637672,3056,0.0,0,0,,
30919472,NBA,2026-09-16T02:13:48.611372Z,75,237.5,236.0,under,6.1667,5.25,5.637672,3056,0.0,0,0,,
30919474,NBA,2026-09-16T02:13:49.453394Z,75,225.5,227.0,over,5.8333,5.05,5.637672,3056,0.0,0,0,,
30919467,NBA,2026-09-16T02:13:51.065848Z,75,247.5,261.0,over,6.6,4.95,5.637672,3056,0.0,0,0,,
30919465,NBA,2026-09-16T02:14:03.026631Z,75,248.5,259.0,over,6.5333,5.25,5.637672,3056,3.0,0,0,,
30919468,NBA,2026-09-16T02:14:05.365832Z,75,243.5,242.0,under,6.4667,4.95,5.637672,3056,21.0,0,0,,
30919469,NBA,2026-09-16T02:14:05.952096Z,75,238.5,234.0,under,6.2333,5.15,5.637672,3056,5.9,0,0,,
30919470,NBA,2026-09-16T02:14:06.577832Z,75,232.5,234.0,over,6.1,4.95,5.637672,3056,6.5,0,0,,
30919471,NBA,2026-09-16T02:14:07.214995Z,75,247.5,248.0,over,6.5,5.25,5.637672,3056,24.3,0,0,,
30919473,NBA,2026-09-16T02:14:08.637021Z,75,235.5,233.0,under,6.3,4.65,5.637672,3056,20.0,0,0,,
30919475,NBA,2026-09-16T02:14:10.112909Z,75,217.5,221.0,over,5.5667,5.05,5.637672,3056,10.1,0,0,,
30919554,EuroLeague,2026-09-16T02:20:31.143101Z,75,154.5,148.0,under,4.0333,3.35,4.300973,2004,22.9,0,0,,
30919555,EuroLeague,2026-09-16T02:20:31.744483Z,75,172.5,172.0,under,4.5333,3.65,4.300973,2004,23.6,0,0,,
30919560,EuroLeague,2026-09-16T02:20:32.375913Z,75,192.5,190.0,under,5.1,3.95,4.300973,2004,15.1,0,0,,
30920036,TBSL,2026-09-16T02:35:15.238044Z,75,164.5,169.0,over,4.4333,3.15,4.16915,2094,10.0,0,0,,
30920075,CBA,2026-09-16T02:48:41.617962Z,75,199.5,191.0,under,5.2667,4.15,4.460714,1288,0.0,0,0,,
30920071,CBA,2026-09-16T02:48:42.679448Z,75,172.5,165.0,under,4.4667,3.85,4.460714,1288,0.0,0,0,,
30920073,CBA,2026-09-16T02:49:28.560978Z,75,177.5,169.0,under,4.6333,3.85,4.460714,1288,21.5,0,0,,
30912449,CYBER,2026-09-16T02:52:20.571201Z,75,208.5,210.0,over,4.3056,4.4583,4.470472,508,1.1,0,0,,
30920092,KBL,2026-09-16T02:52:34.793748Z,75,157.5,162.0,over,4.0667,3.55,3.889483,1267,15.0,0,0,,
30920094,KBL,2026-09-16T02:52:35.436207Z,75,154.5,170.0,over,4.0,3.45,3.889483,1267,15.6,0,0,,
30920091,KBL,2026-09-16T02:52:52.919403Z,75,158.5,118.0,under,3.1,6.55,3.889483,1267,0.0,1,1,1,1
30912446,CYBER,2026-09-16T02:54:02.377682Z,75,227.5,225.0,under,4.75,4.7083,4.470472,508,10.5,0,1,,1
30912452,CYBER,2026-09-16T02:54:03.631496Z,75,224.5,224.0,under,4.6944,4.625,4.470472,508,11.3,0,0,,
30920134,EuroLeague,2026-09-16T03:00:08.421774Z,75,183.5,190.0,over,4.6333,4.45,4.300897,2007,13.6,0,0,,
30920139,EuroLeague,2026-09-16T03:00:09.185682Z,75,155.5,157.0,over,3.9667,3.65,4.300897,2007,14.4,0,0,,
30920141,EuroLeague,2026-09-16T03:00:09.992111Z,75,162.5,166.0,over,4.2,3.65,4.300897,2007,15.2,0,0,,
30920098,NBA,2026-09-16T03:01:54.000545Z,75,235.5,235.0,under,6.1333,5.15,5.638682,3068,0.0,0,0,,
30920096,NBA,2026-09-16T03:02:01.185212Z,75,223.5,215.0,under,5.8333,4.85,5.638682,3068,23.8,0,0,,
30920097,NBA,2026-09-16T03:02:01.979482Z,75,233.5,219.0,under,6.1667,4.85,5.638682,3068,9.0,0,0,,
30920099,NBA,2026-09-16T03:02:03.682755Z,75,212.5,227.0,over,5.5,4.75,5.638682,3068,26.3,0,0,,
30920101,NBA,2026-09-16T03:02:04.662841Z,75,211.5,216.0,over,5.6667,4.15,5.638682,3068,11.7,0,0,,
30920102,NBA,2026-09-16T03:02:05.372913Z,75,246.5,244.0,under,6.5667,4.95,5.638682,3068,7.0,0,0,,
30920103,NBA,2026-09-16T03:02:06.138317Z,75,233.5,226.0,under,6.2333,4.65,5.638682,3068,7.8,0,0,,
30920104,NBA,2026-09-16T03:02:06.867267Z,75,220.5,218.0,under,5.7667,4.75,5.638682,3068,12.0,0,0,,
30920105,NBA,2026-09-16T03:02:07.771485Z,75,196.5,190.0,under,4.9667,4.75,5.638682,3068,9.4,0,0,,
30920106,NBA,2026-09-16T03:02:08.539752Z,75,186.5,185.0,under,4.8667,4.05,5.638682,3068,15.6,0,0,,
30920107,NBA,2026-09-16T03:02:09.754486Z,75,200.5,216.0,over,5.3333,4.05,5.638682,3068,16.8,0,0,,
30920300,CYBER,2026-09-16T03:02:46.929305Z,75,186.5,191.0,over,3.6944,4.4583,4.470472,508,2.8,0,0,,
30920235,TBSL,2026-09-16T03:15:02.568127Z,75,139.5,138.0,under,3.5667,3.25,4.169177,2095,20.8,0,0,,
30920237,TBSL,2026-09-16T03:15:03.171185Z,75,153.5,158.0,over,3.9333,3.55,4.169177,2095,21.4,0,0,,
30920239,TBSL,2026-09-16T03:15:03.867827Z,75,163.5,156.0,under,4.2,3.75,4.169177,2095,22.1,0,0,,
30920257,CBA,2026-09-16T03:29:05.812366Z,75,163.5,174.0,over,4.2,3.75,4.460515,1291,12.8,0,0,,
30920259,CBA,2026-09-16T03:29:06.449689Z,75,172.5,163.0,under,4.4333,3.95,4.460515,1291,13.4,0,0,,
30920260,CBA,2026-09-16T03:29:07.116120Z,75,186.5,185.0,under,4.9,3.95,4.460515,1291,14.1,0,0,,
30920261,CBA,2026-09-16T03:29:07.662958Z,75,166.5,170.0,over,4.4667,3.25,4.460515,1291,14.6,0,0,,
30920286,KBL,2026-09-16T03:32:41.956920Z,75,181.5,168.0,under,4.7333,3.95,3.889154,1270,25.5,0,0,,
30920288,KBL,2026-09-16T03:32:42.625003Z,75,156.5,154.0,under,4.1,3.35,3.889154,1270,36.2,0,0,,
30920316,EuroLeague,2026-09-16T03:40:19.171235Z,75,182.5,184.0,over,4.6,4.45,4.300858,2010,23.1,0,0,,
30920321,EuroLeague,2026-09-16T03:40:21.236096Z,75,180.5,194.0,over,4.8333,3.55,4.300858,2010,25.2,0,0,,
30920322,EuroLeague,2026-09-16T03:40:22.268609Z,75,181.5,181.0,under,4.6667,4.15,4.300858,2010,43.2,0,0,,
30920323,EuroLeague,2026-09-16T03:40:23.145982Z,75,178.5,185.0,over,4.6667,3.85,4.300858,2010,44.1,0,0,,
30920324,EuroLeague,2026-09-16T03:40:24.244852Z,75,176.5,184.0,over,4.6667,3.65,4.300858,2010,28.2,0,0,,
30920330,NBA,2026-09-16T03:49:40.389916Z,75,245.5,247.0,over,6.3333,5.55,5.637951,3079,0.0,0,0,,
30920332,NBA,2026-09-16T03:49:41.437398Z,75,207.5,203.0,under,5.3,4.85,5.637951,3079,0.0,0,0,,
30920336,NBA,2026-09-16T03:49:42.166148Z,75,216.5,225.0,over,5.6333,4.75,5.637951,3079,0.0,0,0,,
30920339,NBA,2026-09-16T03:49:42.751448Z,75,195.5,185.0,under,4.9667,4.65,5.637951,3079,0.0,0,0,,
30920333,NBA,2026-09-16T03:49:48.376898Z,75,216.5,213.0,under,5.6667,4.65,5.637951,3079,6.2,0,0,,
30920334,NBA,2026-09-16T03:49:49.232917Z,75,223.5,235.0,over,5.9,4.65,5.637951,3079,5.1,0,0,,
30920335,NBA,2026-09-16T03:49:49.891864Z,75,253.5,261.0,over,6.6333,5.45,5.637951,3079,5.8,0,0,,
30920337,NBA,2026-09-16T03:49:51.375006Z,75,206.5,198.0,under,5.4,4.45,5.637951,3079,7.2,0,0,,
30920338,NBA,2026-09-16T03:49:52.159026Z,75,207.5,203.0,under,5.4667,4.35,5.637951,3079,23.1,0,0,,
30920340,NBA,2026-09-16T03:49:53.741489Z,75,215.5,215.0,under,5.6667,4.55,5.637951,3079,9.6,0,0,,
30920341,NBA,2026-09-16T03:49:54.495544Z,75,218.5,218.0,under,5.6,5.05,5.637951,3079,11.1,0,0,,
30920403,TBSL,2026-09-16T03:55:24.060448Z,75,165.5,166.0,over,4.2,3.95,4.168601,2098,12.6,0,0,,
30920404,TBSL,2026-09-16T03:55:24.750037Z,75,160.5,167.0,over,4.1,3.75,4.168601,2098,13.3,0,0,,
30920464,CBA,2026-09-16T04:08:39.421415Z,75,157.5,159.0,over,4.0,3.75,4.460097,1295,20.1,0,0,,
30920465,CBA,2026-09-16T04:08:40.186683Z,75,161.5,158.0,under,4.0333,4.05,4.460097,1295,20.9,0,0,,
30920466,CBA,2026-09-16T04:08:40.934679Z,75,190.5,194.0,over,4.9,4.35,4.460097,1295,21.7,0,0,,
30920467,CBA,2026-09-16T04:08:41.619239Z,75,191.5,190.0,under,5.0,4.15,4.460097,1295,22.3,0,0,,
30920468,CBA,2026-09-16T04:08:42.162219Z,75,155.5,150.0,under,3.8333,4.05,4.460097,1295,22.9,0,0,,
30920481,KBL,2026-09-16T04:12:32.987506Z,75,161.5,172.0,over,4.3333,3.15,3.889367,1272,24.6,0,0,,
30920483,KBL,2026-09-16T04:12:33.683243Z,75,148.5,152.0,over,3.8333,3.35,3.889367,1272,25.3,0,0,,
30920485,KBL,2026-09-16T04:12:34.322852Z,75,149.5,153.0,over,3.9667,3.05,3.889367,1272,21.6,0,0,,
30912464,CYBER,2026-09-16T04:13:00.023286Z,75,208.5,218.0,over,4.313,4.4379,4.470133,512,0.7,0,0,,
30912461,CYBER,2026-09-16T04:17:57.217059Z,75,196.5,195.0,under,3.9167,4.625,4.470133,512,0.3,1,0,1,
30920484,KBL,2026-09-16T04:18:35.495500Z,75,141.5,139.0,under,3.6111,2.875,3.889367,1272,0.0,0,0,,
30920524,EuroLeague,2026-09-16T04:20:09.672338Z,75,193.5,187.0,under,4.8,4.95,4.3017,2015,24.6,0,1,,1
30920525,EuroLeague,2026-09-16T04:20:10.592771Z,75,197.5,179.0,under,5.1,4.45,4.3017,2015,14.4,0,0,,
30920526,EuroLeague,2026-09-16T04:20:11.238511Z,75,179.5,172.0,under,4.5667,4.25,4.3017,2015,15.1,0,0,,
30920250,CYBER,2026-09-16T04:21:17.035347Z,75,228.5,218.0,under,4.9722,4.125,4.470133,512,4.1,0,0,,
30920588,TBSL,2026-09-16T04:35:02.356579Z,75,154.5,153.0,under,3.9333,3.65,4.168595,2100,9.9,0,0,,
30920591,TBSL,2026-09-16T04:35:03.015373Z,75,183.5,192.0,over,4.8333,3.85,4.168595,2100,24.3,0,0,,
30920592,TBSL,2026-09-16T04:35:03.775498Z,75,162.5,152.0,under,4.2,3.65,4.168595,2100,11.3,0,0,,
30920564,NBA,2026-09-16T04:37:19.088672Z,75,228.5,233.0,over,5.9667,4.95,5.637322,3090,0.0,0,0,,
30920574,NBA,2026-09-16T04:37:51.520329Z,75,255.5,255.0,under,6.6667,5.55,5.637322,3090,0.0,0,0,,
30920565,NBA,2026-09-16T04:37:57.207035Z,75,293.5,288.0,under,7.8333,5.85,5.637322,3090,2.3,0,0,,
30920566,NBA,2026-09-16T04:37:58.058584Z,75,217.5,235.0,over,5.6333,4.85,5.637322,3090,3.1,0,0,,
30920567,NBA,2026-09-16T04:37:58.911824Z,75,222.5,228.0,over,5.8667,4.65,5.637322,3090,4.0,0,0,,
30920568,NBA,2026-09-16T04:38:00.091643Z,75,213.5,214.0,over,5.6667,4.35,5.637322,3090,5.2,0,0,,
30920569,NBA,2026-09-16T04:38:01.259070Z,75,221.5,214.0,under,5.7667,4.85,5.637322,3090,12.4,0,0,,
30920570,NBA,2026-09-16T04:38:02.209010Z,75,235.5,218.0,under,6.1,5.25,5.637322,3090,7.3,0,0,,
30920571,NBA,2026-09-16T04:38:03.011529Z,75,209.5,208.0,under,5.5,4.45,5.637322,3090,31.2,0,0,,
30920572,NBA,2026-09-16T04:38:04.002054Z,75,251.5,241.0,under,6.5333,5.55,5.637322,3090,9.1,0,0,,
30920573,NBA,2026-09-16T04:38:04.820694Z,75,216.5,213.0,under,5.7333,4.45,5.637322,3090,9.9,0,0,,
30920575,NBA,2026-09-16T04:38:06.332074Z,75,226.5,232.0,over,5.9333,4.85,5.637322,3090,11.4,0,0,,
30920649,CBA,2026-09-16T04:48:30.611364Z,75,190.5,194.0,over,5.0333,3.95,4.459308,1300,0.0,0,0,,
30920650,CBA,2026-09-16T04:48:31.495978Z,75,177.5,169.0,under,4.6333,3.85,4.459308,1300,0.0,0,0,,
30920651,CBA,2026-09-16T04:48:32.199322Z,75,200.5,195.0,under,5.2,4.45,4.459308,1300,0.0,0,0,,
30920652,CBA,2026-09-16T04:48:33.520331Z,75,182.5,194.0,over,4.6,4.45,4.459308,1300,0.0,0,0,,
30920653,CBA,2026-09-16T04:48:34.719162Z,75,193.5,194.0,over,4.9667,4.45,4.459308,1300,0.0,0,0,,
30920670,KBL,2026-09-16T04:52:38.671014Z,75,106.5,109.0,over,2.7333,2.45,3.889244,1276,14.7,0,0,,
30920671,KBL,2026-09-16T04:52:39.524019Z,75,139.5,142.0,over,3.6333,3.05,3.889244,1276,15.6,0,0,,
30920682,EuroLeague,2026-09-16T05:00:13.802853Z,75,161.5,161.0,under,4.2,3.55,4.30197,2018,0.0,0,0,,
30920680,EuroLeague,2026-09-16T05:00:32.888471Z,75,212.5,223.0,over,5.7667,3.95,4.30197,2018,34.1,0,0,,
30920683,EuroLeague,2026-09-16T05:00:34.417486Z,75,169.5,157.0,under,4.2333,4.25,4.30197,2018,15.5,0,0,,
30920684,EuroLeague,2026-09-16T05:00:35.096960Z,75,118.5,118.0,under,2.9333,3.05,4.30197,2018,16.2,0,0,,
30920686,EuroLeague,2026-09-16T05:00:35.845149Z,75,190.5,196.0,over,4.8667,4.45,4.30197,2018,16.9,0,0,,
30912463,CYBER,2026-09-16T05:00:56.367821Z,75,218.5,229.0,over,4.5833,4.4583,4.46962,515,0.8,0,0,,
30920747,TBSL,2026-09-16T05:15:08.788272Z,75,138.5,139.0,over,3.4667,3.45,4.168557,2103,10.1,0,0,,
30920748,TBSL,2026-09-16T05:15:09.469723Z,75,155.5,159.0,over,4.0,3.55,4.168557,2103,10.8,0,0,,
30920749,TBSL,2026-09-16T05:15:10.063906Z,75,191.5,183.0,under,5.1667,3.65,4.168557,2103,11.4,0,0,,
30920751,TBSL,2026-09-16T05:15:10.825477Z,75,161.5,164.0,over,4.0333,4.05,4.168557,2103,12.2,0,0,,
30920752,TBSL,2026-09-16T05:15:12.777177Z,75,188.5,187.0,under,4.9333,4.05,4.168557,2103,14.1,0,0,,
30920758,NBA,2026-09-16T05:25:41.918514Z,75,198.5,204.0,over,5.1333,4.45,5.637911,3102,0.0,0,0,,
30920766,NBA,2026-09-16T05:25:42.498622Z,75,207.5,219.0,over,5.1667,5.25,5.637911,3102,0.0,0,0,,
30920759,NBA,2026-09-16T05:25:49.775068Z,75,195.5,204.0,over,4.9667,4.65,5.637911,3102,33.9,0,0,,
30920760,NBA,2026-09-16T05:25:50.476128Z,75,225.5,220.0,under,5.9333,4.75,5.637911,3102,34.5,0,0,,
30920761,NBA,2026-09-16T05:25:51.298796Z,75,270.5,282.0,over,7.0667,5.85,5.637911,3102,12.0,0,0,,
30920762,NBA,2026-09-16T05:25:51.949013Z,75,217.5,219.0,over,5.7667,4.45,5.637911,3102,12.7,0,0,,
30920763,NBA,2026-09-16T05:25:52.767653Z,75,242.5,255.0,over,6.3333,5.25,5.637911,3102,36.8,0,0,,
30920765,NBA,2026-09-16T05:25:53.842754Z,75,197.5,181.0,under,5.0,4.75,5.637911,3102,14.6,0,0,,
30920767,NBA,2026-09-16T05:25:55.151506Z,75,223.5,228.0,over,5.7667,5.05,5.637911,3102,15.9,0,0,,
30920769,NBA,2026-09-16T05:25:56.004540Z,75,225.5,238.0,over,5.8667,4.95,5.637911,3102,16.7,0,0,,
30912466,CYBER,2026-09-16T05:26:29.996515Z,75,206.5,198.0,under,4.2778,4.375,4.470203,516,6.8,0,0,,
30920764,NBA,2026-09-16T05:26:34.811019Z,75,212.5,212.0,under,5.7667,3.95,5.637911,3102,5.0,0,0,,
30920790,CBA,2026-09-16T05:28:40.178235Z,75,179.5,171.0,under,4.6667,3.95,4.460345,1305,0.0,0,0,,
30920791,CBA,2026-09-16T05:28:40.843323Z,75,164.5,160.0,under,4.3333,3.45,4.460345,1305,0.0,0,0,,
30920792,CBA,2026-09-16T05:28:41.687451Z,75,163.5,170.0,over,4.1,4.05,4.460345,1305,0.0,0,0,,
30920793,CBA,2026-09-16T05:29:01.395415Z,75,156.5,161.0,over,4.0667,3.45,4.460345,1305,17.5,0,0,,
30920794,CBA,2026-09-16T05:29:02.085732Z,75,167.5,178.0,over,4.4,3.55,4.460345,1305,18.2,0,0,,
30920826,KBL,2026-09-16T05:32:36.666733Z,75,164.5,166.0,over,4.4,3.25,3.888067,1278,26.1,0,0,,
30920827,KBL,2026-09-16T05:32:37.378950Z,75,156.5,156.0,under,4.0,3.65,3.888067,1278,26.8,0,0,,
30920829,KBL,2026-09-16T05:32:38.057276Z,75,170.5,172.0,over,4.4667,3.65,3.888067,1278,35.4,0,0,,
30920902,EuroLeague,2026-09-16T05:40:15.887995Z,75,193.5,192.0,under,5.1,4.05,4.301903,2023,9.2,0,0,,
30920903,EuroLeague,2026-09-16T05:40:16.622089Z,75,194.5,191.0,under,5.0667,4.25,4.301903,2023,9.9,0,0,,
30920905,EuroLeague,2026-09-16T05:40:17.283498Z,75,154.5,162.0,over,4.0,3.45,4.301903,2023,31.9,0,0,,
30920906,EuroLeague,2026-09-16T05:40:17.721231Z,75,136.5,132.0,under,3.4667,3.25,4.301903,2023,11.0,0,0,,
30920907,EuroLeague,2026-09-16T05:40:18.208391Z,75,158.5,166.0,over,4.1333,3.45,4.301903,2023,11.5,0,0,,
30920908,EuroLeague,2026-09-16T05:40:18.713741Z,75,171.5,169.0,under,4.5333,3.55,4.301903,2023,12.0,0,0,,
30920909,EuroLeague,2026-09-16T05:40:19.272371Z,75,199.5,207.0,over,5.3667,3.85,4.301903,2023,33.9,0,0,,
30920967,TBSL,2026-09-16T05:55:18.913104Z,75,174.5,167.0,under,4.5,3.95,4.168537,2108,48.9,0,0,,
30920969,TBSL,2026-09-16T05:55:19.694560Z,75,172.5,163.0,under,4.3,4.35,4.168537,2108,34.1,0,1,,1
30920972,TBSL,2026-09-16T05:55:20.463536Z,75,168.5,164.0,under,4.4333,3.55,4.168537,2108,57.2,0,0,,
30920974,TBSL,2026-09-16T05:55:21.151814Z,75,151.5,151.0,under,3.8,3.75,4.168537,2108,35.6,0,0,,
30921428,CBA,2026-09-16T06:48:39.753619Z,75,175.5,178.0,over,4.5,4.05,4.459351,1310,0.0,0,0,,
30921429,CBA,2026-09-16T06:48:48.275068Z,75,132.5,132.0,under,3.2333,3.55,4.459351,1310,0.0,0,0,,
30921431,CBA,2026-09-16T06:49:18.074825Z,75,181.5,187.0,over,4.7419,3.8333,4.459351,1310,0.0,0,0,,
30921432,CBA,2026-09-16T06:49:38.321463Z,75,184.5,174.0,under,4.9032,3.6111,4.459351,1310,0.0,0,0,,
30921430,CBA,2026-09-16T06:50:00.716284Z,75,148.5,147.0,under,3.8065,3.3889,4.459351,1310,18.0,0,0,,
30921453,KBL,2026-09-16T06:53:08.571967Z,75,148.5,146.0,under,4.0333,2.75,3.888603,1281,28.4,0,0,,
30921457,KBL,2026-09-16T06:53:10.733704Z,75,190.5,192.0,over,5.1,3.75,3.888603,1281,33.0,0,0,,
30921504,EuroLeague,2026-09-16T07:00:20.308623Z,75,182.5,187.0,over,4.7,4.15,4.302081,2030,22.2,0,0,,
30921506,EuroLeague,2026-09-16T07:00:21.313210Z,75,154.5,142.0,under,3.9333,3.65,4.302081,2030,17.6,0,0,,
30921507,EuroLeague,2026-09-16T07:00:22.496736Z,75,183.5,182.0,under,4.8,3.95,4.302081,2030,18.0,0,0,,
30921508,EuroLeague,2026-09-16T07:00:23.405864Z,75,164.5,159.0,under,4.1667,3.95,4.302081,2030,20.6,0,0,,
30921469,NBA,2026-09-16T07:01:35.707418Z,75,223.5,220.0,under,5.8333,4.85,5.637761,3113,3.3,0,0,,
30921470,NBA,2026-09-16T07:01:36.462953Z,75,254.5,258.0,over,6.6333,5.55,5.637761,3113,26.3,0,0,,
30921471,NBA,2026-09-16T07:01:37.103504Z,75,229.5,228.0,under,5.9333,5.15,5.637761,3113,10.9,0,0,,
30921472,NBA,2026-09-16T07:01:37.770440Z,75,249.5,249.0,under,6.5667,5.25,5.637761,3113,11.5,0,0,,
30921473,NBA,2026-09-16T07:01:38.520743Z,75,213.5,204.0,under,5.3333,5.35,5.637761,3113,12.3,0,0,,
30921474,NBA,2026-09-16T07:01:39.266604Z,75,204.5,206.0,over,5.2,4.85,5.637761,3113,13.0,0,0,,
30921475,NBA,2026-09-16T07:01:40.111515Z,75,238.5,231.0,under,6.2,5.25,5.637761,3113,13.9,0,0,,
30921476,NBA,2026-09-16T07:01:41.187500Z,75,216.5,213.0,under,5.5667,4.95,5.637761,3113,14.9,0,0,,
30921477,NBA,2026-09-16T07:01:42.054500Z,75,232.5,246.0,over,5.9667,5.35,5.637761,3113,11.4,0,0,,
30921478,NBA,2026-09-16T07:01:42.751848Z,75,232.5,243.0,over,6.1667,4.75,5.637761,3113,12.1,0,0,,
30921479,NBA,2026-09-16T07:01:43.695234Z,75,249.5,252.0,over,6.6,5.15,5.637761,3113,13.0,0,0,,
30921480,NBA,2026-09-16T07:01:44.797765Z,75,226.5,233.0,over,5.9333,4.85,5.637761,3113,22.7,0,0,,
30921627,TBSL,2026-09-16T07:15:07.358509Z,75,167.5,157.0,under,4.3333,3.75,4.168277,2112,25.4,0,0,,
30921631,TBSL,2026-09-16T07:15:08.030997Z,75,132.5,135.0,over,3.3,3.35,4.168277,2112,3.5,0,0,,
30922055,CBA,2026-09-16T08:08:29.795558Z,75,177.5,173.0,under,4.5333,4.15,4.457947,1315,21.2,0,0,,
30922056,CBA,2026-09-16T08:08:30.390271Z,75,200.5,206.0,over,5.2,4.45,4.457947,1315,15.2,0,0,,
30922057,CBA,2026-09-16T08:08:31.139393Z,75,168.5,175.0,over,4.3,3.95,4.457947,1315,41.6,0,0,,
30922058,CBA,2026-09-16T08:08:31.955748Z,75,201.5,196.0,under,5.4,3.95,4.457947,1315,16.8,0,0,,
30922059,CBA,2026-09-16T08:08:32.693254Z,75,174.5,175.0,over,4.6,3.65,4.457947,1315,24.1,0,0,,
30922075,KBL,2026-09-16T08:12:51.453955Z,75,119.5,131.0,over,3.0667,2.75,3.889638,1286,19.2,0,0,,
30922076,KBL,2026-09-16T08:12:52.266788Z,75,147.5,135.0,under,3.8667,3.15,3.889638,1286,20.0,0,0,,
30922077,KBL,2026-09-16T08:12:52.959356Z,75,126.5,127.0,over,3.2333,2.95,3.889638,1286,20.5,0,0,,
30922123,EuroLeague,2026-09-16T08:20:41.077229Z,75,140.5,150.0,over,3.5333,3.45,4.302391,2039,15.8,0,0,,
30922126,EuroLeague,2026-09-16T08:20:41.844954Z,75,180.5,180.0,under,4.9333,3.25,4.302391,2039,16.7,0,0,,
30922127,EuroLeague,2026-09-16T08:20:42.460950Z,75,196.5,196.0,under,5.0667,4.45,4.302391,2039,17.3,0,0,,
